work,agent,type,date,title,institution,year
http://publications.europa.eu/resource/cellar/74f491f3-299f-11f1-8803-01aa75ed71a1,http://publications.europa.eu/resource/cellar/740aa722-299f-11f1-8803-01aa75ed71a1,resource-type/REPORT,2026-03-25,Artificial intelligence in classrooms : ethical dimensions,,2026
http://publications.europa.eu/resource/cellar/74f491f3-299f-11f1-8803-01aa75ed71a1,corporate-body/EP_DGIUST,resource-type/REPORT,2026-03-25,Artificial intelligence in classrooms : ethical dimensions,Parliament,2026
http://publications.europa.eu/resource/cellar/88f1c1f5-299f-11f1-8803-01aa75ed71a1,http://publications.europa.eu/resource/cellar/87b37594-299f-11f1-8803-01aa75ed71a1,resource-type/REPORT,2026-03-25,Artificial intelligence in classrooms : cognitive dimensions,,2026
http://publications.europa.eu/resource/cellar/88f1c1f5-299f-11f1-8803-01aa75ed71a1,corporate-body/EP,resource-type/REPORT,2026-03-25,Artificial intelligence in classrooms : cognitive dimensions,Parliament,2026
http://publications.europa.eu/resource/cellar/97d0ac46-299f-11f1-8803-01aa75ed71a1,corporate-body/EP_DGIUST,resource-type/REPORT,2026-03-25,Artificial intelligence in classrooms : pedagogical dimensions,Parliament,2026
http://publications.europa.eu/resource/cellar/97d0ac46-299f-11f1-8803-01aa75ed71a1,http://publications.europa.eu/resource/cellar/a5439fc2-75eb-11ed-9887-01aa75ed71a1,resource-type/REPORT,2026-03-25,Artificial intelligence in classrooms : pedagogical dimensions,,2026
http://publications.europa.eu/resource/cellar/f7f25904-983b-11ec-b4e4-01aa75ed71a1,corporate-body/COR,resource-type/OPIN,2021-12-02,Opinion of the European Committee of the Regions — European approach to artificial intelligence — Artificial Intelligence Act (revised opinion),,2021
http://publications.europa.eu/resource/cellar/f7f25904-983b-11ec-b4e4-01aa75ed71a1,corporate-body/COR_SEDEC,resource-type/OPIN,2021-12-02,Opinion of the European Committee of the Regions — European approach to artificial intelligence — Artificial Intelligence Act (revised opinion),,2021
http://publications.europa.eu/resource/cellar/efdb4d99-9ec7-11ec-83e1-01aa75ed71a1,corporate-body/ECB,resource-type/TWD,2021-12-29,Technical working document produced in connection with ECB Opinion [CON/2021/40] - Drafting proposals in relation to the proposal for a regulation laying down harmonised rules on artificial intelligence (Artificial Intelligence Act),,2021
http://publications.europa.eu/resource/cellar/6b3d4998-a0eb-11ec-83e1-01aa75ed71a1,corporate-body/EP_INTERNAL_POL,resource-type/PUB_GEN,2022-03-07,Recent studies on artificial intelligence.,Parliament,2022
http://publications.europa.eu/resource/cellar/906f2665-a0de-11ec-83e1-01aa75ed71a1,corporate-body/ECB,resource-type/OPIN,2021-12-29,Opinion of the European Central Bank of 29 December 2021 on a proposal for a regulation laying down harmonised rules on artificial intelligence (CON/2021/40) 2022/C 115/05,,2021
http://publications.europa.eu/resource/cellar/ac957f13-53c6-11ea-aece-01aa75ed71a1,corporate-body/COM,resource-type/PAPER_WHITE,2020-02-19,WHITE PAPER On Artificial Intelligence - A European approach to excellence and trust,Commission,2020
http://publications.europa.eu/resource/cellar/ac957f13-53c6-11ea-aece-01aa75ed71a1,corporate-body/CNECT,resource-type/PAPER_WHITE,2020-02-19,WHITE PAPER On Artificial Intelligence - A European approach to excellence and trust,Commission,2020
http://publications.europa.eu/resource/cellar/4ce205b8-53d2-11ea-aece-01aa75ed71a1,corporate-body/COM,resource-type/REPORT,2020-02-19,"REPORT FROM THE COMMISSION TO THE EUROPEAN PARLIAMENT, THE COUNCIL AND THE EUROPEAN ECONOMIC AND SOCIAL COMMITTEE Report on the safety and liability implications of Artificial Intelligence, the Internet of Things and robotics",Commission,2020
http://publications.europa.eu/resource/cellar/4ce205b8-53d2-11ea-aece-01aa75ed71a1,corporate-body/JUSTI,resource-type/REPORT,2020-02-19,"REPORT FROM THE COMMISSION TO THE EUROPEAN PARLIAMENT, THE COUNCIL AND THE EUROPEAN ECONOMIC AND SOCIAL COMMITTEE Report on the safety and liability implications of Artificial Intelligence, the Internet of Things and robotics",,2020
http://publications.europa.eu/resource/cellar/920cdbf5-6441-11eb-aeb5-01aa75ed71a1,corporate-body/FRA,resource-type/PUB_GEN,2021-01-29,Getting the future right : artificial intelligence and fundamental rights : summary.,,2021
http://publications.europa.eu/resource/cellar/a72c4fd1-453e-11eb-b59f-01aa75ed71a1,corporate-body/COM,resource-type/IMPACT_ASSESS_INCEP,2020-12-23,"Proposal for Regulation [tbc] on the European Health Data Space, digital health services and products and the use of new technologies, including artificial intelligence (AI) in health",Commission,2020
http://publications.europa.eu/resource/cellar/a72c4fd1-453e-11eb-b59f-01aa75ed71a1,corporate-body/SANTE,resource-type/IMPACT_ASSESS_INCEP,2020-12-23,"Proposal for Regulation [tbc] on the European Health Data Space, digital health services and products and the use of new technologies, including artificial intelligence (AI) in health",Commission,2020
http://publications.europa.eu/resource/cellar/ad93b529-5320-11ec-91ac-01aa75ed71a1,corporate-body/PUBL,resource-type/PUB_GEN,2021-12-01,CORDIS results pack on artificial intelligence and industry.,,2021
http://publications.europa.eu/resource/cellar/24e3c750-a423-11eb-9585-01aa75ed71a1,corporate-body/CONSIL,resource-type/NOTE_COVER,2021-04-23,ANNEXES to the Proposal for a Regulation of the European Parliament and of the Council LAYING DOWN HARMONISED RULES ON ARTIFICIAL INTELLIGENCE (ARTIFICIAL INTELLIGENCE ACT) AND AMENDING CERTAIN UNION LEGISLATIVE ACTS,Council,2021
http://publications.europa.eu/resource/cellar/0b85c304-a426-11eb-9585-01aa75ed71a1,corporate-body/CONSIL,resource-type/NOTE_COVER,2021-04-23,COMMISSION STAFF WORKING DOCUMENT IMPACT ASSESSMENT ANNEXES Accompanying the Proposal for a Regulation of the European Parliament and of the Council LAYING DOWN HARMONISED RULES ON ARTIFICIAL INTELLIGENCE (ARTIFICIAL INTELLIGENCE ACT) AND AMENDING CERTAIN UNION LEGISLATIVE ACTS,Council,2021
http://publications.europa.eu/resource/cellar/b32abb0c-a421-11eb-9585-01aa75ed71a1,corporate-body/CONSIL,resource-type/NOTE_COVER,2021-04-23,Proposal for a REGULATION OF THE EUROPEAN PARLIAMENT AND OF THE COUNCIL LAYING DOWN HARMONISED RULES ON ARTIFICIAL INTELLIGENCE (ARTIFICIAL INTELLIGENCE ACT) AND AMENDING CERTAIN UNION LEGISLATIVE ACTS,Council,2021
http://publications.europa.eu/resource/cellar/8a9c67ff-d18e-11ec-a95f-01aa75ed71a1,corporate-body/EESC,resource-type/OWNINI_OPIN,2022-01-19,"Opinion of the European Economic and Social Committee on ‘Developing artificial intelligence in European micro, small and medium-sized enterprises (MSMEs)’ (own-initiative opinion)",,2022
http://publications.europa.eu/resource/cellar/8757d6fa-d4c1-11ec-a95f-01aa75ed71a1,corporate-body/JRC,resource-type/STU,2022-05-13,"AI watch, Revisiting technology readiness levels for relevant artificial intelligence technologies.",Commission,2022
http://publications.europa.eu/resource/cellar/8757d6fa-d4c1-11ec-a95f-01aa75ed71a1,corporate-body/JRC,resource-type/PUB_GEN,2022-05-13,"AI watch, Revisiting technology readiness levels for relevant artificial intelligence technologies.",Commission,2022
http://publications.europa.eu/resource/cellar/97c6108b-d4bd-11ec-a95f-01aa75ed71a1,corporate-body/JRC,resource-type/PUB_GEN,2022-05-12,Artificial intelligence in the public sector : a driver for positive change when applied in a human-centric and trustworthy way.,Commission,2022
http://publications.europa.eu/resource/cellar/403c4ead-d58a-11ec-a95f-01aa75ed71a1,corporate-body/FRA,resource-type/PUB_GEN,2022-05-16,Artificial intelligence & its potential impact.,,2022
http://publications.europa.eu/resource/cellar/cdfe7634-d7e9-11ec-a95f-01aa75ed71a1,corporate-body/RTD,resource-type/PUB_GEN,2022-05-19,Small modular reactors and medical applications of nuclear technologies : a focus on research and artificial intelligence high-level European nuclear roundtable.,Commission,2022
http://publications.europa.eu/resource/cellar/a69bfef7-958d-11ea-aac4-01aa75ed71a1,corporate-body/PUBL,resource-type/PUB_GEN,2020-05-13,CORDIS results pack on artificial intelligence and industry : turbocharging European industry.,,2020
http://publications.europa.eu/resource/cellar/ee0d5478-a428-11eb-9585-01aa75ed71a1,corporate-body/CONSIL,resource-type/NOTE_COVER,2021-04-23,REGULATORY SCRUTINY BOARD OPINION Proposal for a Regulation of the European Parliament and of the Council aying down harmonized rules on Artificial Intelligence (Artificial Intelligence Act) and amending certain Union Legislative Acts,Council,2021
http://publications.europa.eu/resource/cellar/9b36c602-7f72-11ec-8c40-01aa75ed71a1,corporate-body/COM,resource-type/FACT_SUM_REPORT_CONSULT,2022-01-27,"Proposal for Regulation [tbc] on the European Health Data Space, digital health services and products and the use of new technologies, including artificial intelligence (AI) in health",Commission,2022
http://publications.europa.eu/resource/cellar/9b36c602-7f72-11ec-8c40-01aa75ed71a1,corporate-body/SANTE,resource-type/FACT_SUM_REPORT_CONSULT,2022-01-27,"Proposal for Regulation [tbc] on the European Health Data Space, digital health services and products and the use of new technologies, including artificial intelligence (AI) in health",Commission,2022
http://publications.europa.eu/resource/cellar/8f756951-830e-11ec-8c40-01aa75ed71a1,corporate-body/EIGE,resource-type/PUB_GEN,2022-01-18,"Artificial intelligence, platform work and gender equality.",,2022
http://publications.europa.eu/resource/cellar/394345a1-2ecf-11eb-b27b-01aa75ed71a1,corporate-body/CNECT,resource-type/PUB_GEN,2020-11-25,Trends and developments in artificial intelligence : challenges to the intellectual property rights framework : final report.,Commission,2020
http://publications.europa.eu/resource/cellar/9caf73d9-62cb-11ec-a033-01aa75ed71a1,corporate-body/EESC,resource-type/OPIN,2021-09-22,"Opinion of the European Economic and Social Committee on Communication from the Commission to the European Parliament, the Council, the European Economic and Social Committee and the Committee of the Regions — Fostering a European approach to Artificial Intelligence (COM(2021) 205 final)",,2021
http://publications.europa.eu/resource/cellar/c70724cb-62cb-11ec-a033-01aa75ed71a1,corporate-body/EESC,resource-type/OPIN,2021-09-22,Opinion of the European Economic and Social Committee on Proposal for a Regulation of the European Parliament and of the Council laying down harmonised rules on artificial intelligence (Artificial Intelligence Act) and amending certain union legislative acts (COM(2021) 206 final — 2021/106 (COD)),,2021
http://publications.europa.eu/resource/cellar/e40294ac-fc11-11eb-b520-01aa75ed71a1,corporate-body/CONSIL,resource-type/NOTE_COVER,2021-08-13,Proposal for a REGULATION OF THE EUROPEAN PARLIAMENT AND OF THE COUNCIL - LAYING DOWN HARMONISED RULES ON ARTIFICIAL INTELLIGENCE (ARTIFICIAL INTELLIGENCE ACT) AND AMENDING CERTAIN UNION LEGISLATIVE ACTS [doc. 8115/21 - COM(2021) 206 final] - Opinion on the application of the Principles of Subsidiarity and Proportionality1,Council,2021
http://publications.europa.eu/resource/cellar/16b4afba-3ff9-11ed-92ed-01aa75ed71a1,corporate-body/COM,resource-type/PROP_DIR,2022-09-28,Proposal for a DIRECTIVE OF THE EUROPEAN PARLIAMENT AND OF THE COUNCIL on adapting non-contractual civil liability rules to artificial intelligence (AI Liability Directive),Commission,2022
http://publications.europa.eu/resource/cellar/16b4afba-3ff9-11ed-92ed-01aa75ed71a1,corporate-body/JUST,resource-type/PROP_DIR,2022-09-28,Proposal for a DIRECTIVE OF THE EUROPEAN PARLIAMENT AND OF THE COUNCIL on adapting non-contractual civil liability rules to artificial intelligence (AI Liability Directive),Commission,2022
http://publications.europa.eu/resource/cellar/3516175c-3ff9-11ed-92ed-01aa75ed71a1,corporate-body/COM,resource-type/IMPACT_ASSESS_SUM,2022-09-28,COMMISSION STAFF WORKING DOCUMENT EXECUTIVE SUMMARY OF THE IMPACT ASSESSMENT REPORT Accompanying the document Proposal for a Directive of the European Parliament and of the Council on adapting non-contractual civil liability rules to artificial intelligence (AI Liability Directive),Commission,2022
http://publications.europa.eu/resource/cellar/3516175c-3ff9-11ed-92ed-01aa75ed71a1,corporate-body/JUST,resource-type/IMPACT_ASSESS_SUM,2022-09-28,COMMISSION STAFF WORKING DOCUMENT EXECUTIVE SUMMARY OF THE IMPACT ASSESSMENT REPORT Accompanying the document Proposal for a Directive of the European Parliament and of the Council on adapting non-contractual civil liability rules to artificial intelligence (AI Liability Directive),Commission,2022
http://publications.europa.eu/resource/cellar/4b7998fd-3ff9-11ed-92ed-01aa75ed71a1,corporate-body/COM,resource-type/IMPACT_ASSESS,2022-09-28,COMMISSION STAFF WORKING DOCUMENT IMPACT ASSESSMENT REPORT Accompanying the document Proposal for a Directive of the European Parliament and of the Council on adapting non-contractual civil liability rules to artificial intelligence,Commission,2022
http://publications.europa.eu/resource/cellar/4b7998fd-3ff9-11ed-92ed-01aa75ed71a1,corporate-body/JUST,resource-type/IMPACT_ASSESS,2022-09-28,COMMISSION STAFF WORKING DOCUMENT IMPACT ASSESSMENT REPORT Accompanying the document Proposal for a Directive of the European Parliament and of the Council on adapting non-contractual civil liability rules to artificial intelligence,Commission,2022
http://publications.europa.eu/resource/cellar/5d1e5a0e-3ff9-11ed-92ed-01aa75ed71a1,corporate-body/COM,resource-type/SWD,2022-09-28,COMMISSION STAFF WORKING DOCUMENT AI Subsidiarity Grid Accompanying the document Proposal for a Directive of the European Parliament and of the Council on adapting non contractual civil liability rules to artificial intelligence (AI Liability Directive),Commission,2022
http://publications.europa.eu/resource/cellar/5d1e5a0e-3ff9-11ed-92ed-01aa75ed71a1,corporate-body/JUST,resource-type/SWD,2022-09-28,COMMISSION STAFF WORKING DOCUMENT AI Subsidiarity Grid Accompanying the document Proposal for a Directive of the European Parliament and of the Council on adapting non contractual civil liability rules to artificial intelligence (AI Liability Directive),Commission,2022
http://publications.europa.eu/resource/cellar/1b45054b-4331-11ed-92ed-01aa75ed71a1,corporate-body/CONSIL,resource-type/NOTE_COVER,2022-10-03,REGULATORY SCRUTINY BOARD OPINION Impact assessment / Liability rules for Artificial Intelligence,Council,2022
http://publications.europa.eu/resource/cellar/69a30765-432b-11ed-92ed-01aa75ed71a1,corporate-body/CONSIL,resource-type/PROP_ACT,2022-10-03,Proposal for a DIRECTIVE OF THE EUROPEAN PARLIAMENT AND OF THE COUNCIL on adapting non-contractual civil liability rules to artificial intelligence (AI Liability Directive),Council,2022
http://publications.europa.eu/resource/cellar/7410fba9-432e-11ed-92ed-01aa75ed71a1,corporate-body/CONSIL,resource-type/NOTE_COVER,2022-10-03,COMMISSION STAFF WORKING DOCUMENT IMPACT ASSESSMENT REPORT Accompanying the document Proposal for a Directive of the European Parliament and of the Council on adapting non-contractual civil liability rules to artificial intelligence,Council,2022
http://publications.europa.eu/resource/cellar/98d827aa-432f-11ed-92ed-01aa75ed71a1,corporate-body/CONSIL,resource-type/NOTE_COVER,2022-10-03,COMMISSION STAFF WORKING DOCUMENT EXECUTIVE SUMMARY OF THE IMPACT ASSESSMENT REPORT Accompanying the document Proposal for a Directive of the European Parliament and of the Council on adapting non-contractual civil liability rules to artificial intelligence (AI Liability Directive),Council,2022
http://publications.europa.eu/resource/cellar/cb5d1356-432c-11ed-92ed-01aa75ed71a1,corporate-body/CONSIL,resource-type/NOTE_COVER,2022-10-03,COMMISSION STAFF WORKING DOCUMENT AI Subsidiarity Grid Accompanying the document Proposal for a Directive of the European Parliament and of the Council on adapting non contractual civil liability rules to artificial intelligence (AI Liability Directive),Council,2022
http://publications.europa.eu/resource/cellar/fad44166-f249-11ea-991b-01aa75ed71a1,corporate-body/JRC,resource-type/PUB_GEN,2020-09-08,"Academic offer of advanced digital skills in 2019-20 : international comparison : focus on artificial intelligence, high performance computing, cybersecurity and data science.",Commission,2020
http://publications.europa.eu/resource/cellar/fad44166-f249-11ea-991b-01aa75ed71a1,corporate-body/JRC,resource-type/STU,2020-09-08,"Academic offer of advanced digital skills in 2019-20 : international comparison : focus on artificial intelligence, high performance computing, cybersecurity and data science.",Commission,2020
http://publications.europa.eu/resource/cellar/0ec5514c-a9f7-11ea-bb7a-01aa75ed71a1,corporate-body/JRC,resource-type/PUB_GEN,2020-06-08,"AI watch, artificial intelligence for the public sector : report of the “1st Peer Learning Workshop on the use and impact of AI in public services”, Brussels 11-12 February 2020.",Commission,2020
http://publications.europa.eu/resource/cellar/81ff56b2-3dbd-11eb-b27b-01aa75ed71a1,corporate-body/FRA,resource-type/PUB_GEN,2020-12-14,Getting the future right : artificial intelligence and fundamental rights : report.,,2020
http://publications.europa.eu/resource/cellar/9371a137-276d-11ee-839d-01aa75ed71a1,corporate-body/ENISA,resource-type/STU,2023-07-18,Artificial intelligence and cybersecurity research : ENISA research and innovation Brief.,,2023
http://publications.europa.eu/resource/cellar/9371a137-276d-11ee-839d-01aa75ed71a1,corporate-body/ENISA,resource-type/PUB_GEN,2023-07-18,Artificial intelligence and cybersecurity research : ENISA research and innovation Brief.,,2023
http://publications.europa.eu/resource/cellar/98582de7-359c-11ee-800c-01aa75ed71a1,corporate-body/JRC,resource-type/STU_ANNEX,2023-08-04,"AI Watch : European landscape on the use of artificial intelligence by the public sector. Annex I, National AI strategies : country factsheets.",Commission,2023
http://publications.europa.eu/resource/cellar/98582de7-359c-11ee-800c-01aa75ed71a1,corporate-body/JRC,resource-type/PUB_GEN,2023-08-04,"AI Watch : European landscape on the use of artificial intelligence by the public sector. Annex I, National AI strategies : country factsheets.",Commission,2023
http://publications.europa.eu/resource/cellar/971cbf14-1930-11eb-b57e-01aa75ed71a1,corporate-body/EESC,resource-type/OPIN,2020-07-16,Opinion of the European Economic and Social Committee on ‘White paper on Artificial Intelligence — A European approach to excellence and trust’ (COM(2020) 65 final),,2020
http://publications.europa.eu/resource/cellar/c61a6a6d-99bd-11ea-aac4-01aa75ed71a1,corporate-body/RTD,resource-type/PUB_GEN,2020-05-15,CORDIS results pack on artificial intelligence and industry.,Commission,2020
http://publications.europa.eu/resource/cellar/c61a6a6d-99bd-11ea-aac4-01aa75ed71a1,corporate-body/CORDIS,resource-type/PUB_GEN,2020-05-15,CORDIS results pack on artificial intelligence and industry.,,2020
http://publications.europa.eu/resource/cellar/2944b470-28a7-11eb-9d7e-01aa75ed71a1,corporate-body/EDPS,resource-type/SUM,2020-11-17,"Summary of the Opinion of the European Data Protection Supervisor on the European Commission’s White Paper on Artificial Intelligence – A European approach to excellence and trust (The full text of this Opinion can be found in English, French and German on the EDPS website www.edps.europa.eu) 2020/C 392/03",,2020
http://publications.europa.eu/resource/cellar/e56373d1-a424-11eb-9585-01aa75ed71a1,corporate-body/CONSIL,resource-type/NOTE_COVER,2021-04-23,COMMISSION STAFF WORKING DOCUMENT IMPACT ASSESSMENT Accompanying the Proposal for a Regulation of the European Parliament and of the Council LAYING DOWN HARMONISED RULES ON ARTIFICIAL INTELLIGENCE (ARTIFICIAL INTELLIGENCE ACT) AND AMENDING CERTAIN UNION LEGISLATIVE ACTS,Council,2021
http://publications.europa.eu/resource/cellar/bd17fd0f-b5b0-11ec-b6f4-01aa75ed71a1,corporate-body/COM,resource-type/FACT_SUM_REPORT_CONSULT,2022-04-06,Proposal for a Directive adapting liability rules to the digital age and Artificial Intelligence,Commission,2022
http://publications.europa.eu/resource/cellar/bd17fd0f-b5b0-11ec-b6f4-01aa75ed71a1,corporate-body/GROW,resource-type/FACT_SUM_REPORT_CONSULT,2022-04-06,Proposal for a Directive adapting liability rules to the digital age and Artificial Intelligence,Commission,2022
http://publications.europa.eu/resource/cellar/7960a07b-b566-11ec-b6f4-01aa75ed71a1,corporate-body/SANTE,resource-type/PUB_GEN,2022-03-31,"Study on health data, digital health and artificial intelligence in healthcare : executive summaries English – Français.",Commission,2022
http://publications.europa.eu/resource/cellar/7960a07b-b566-11ec-b6f4-01aa75ed71a1,corporate-body/SANTE,resource-type/STU_SUM_EXE,2022-03-31,"Study on health data, digital health and artificial intelligence in healthcare : executive summaries English – Français.",Commission,2022
http://publications.europa.eu/resource/cellar/e4c43528-ccfc-11ea-adf7-01aa75ed71a1,corporate-body/COM,resource-type/IMPACT_ASSESS_INCEP,2020-07-23,Proposal for a Regulation of the European Parliament and the Council laying down requirements for Artificial Intelligence,Commission,2020
http://publications.europa.eu/resource/cellar/e4c43528-ccfc-11ea-adf7-01aa75ed71a1,corporate-body/CNECT,resource-type/IMPACT_ASSESS_INCEP,2020-07-23,Proposal for a Regulation of the European Parliament and the Council laying down requirements for Artificial Intelligence,Commission,2020
http://publications.europa.eu/resource/cellar/1fee5249-3864-11ec-8daf-01aa75ed71a1,corporate-body/EIGE,resource-type/PUB_GEN,2021-10-27,"Artificial intelligence, platform work and gender equality.",,2021
http://publications.europa.eu/resource/cellar/912bc3f8-7d67-11eb-9ac9-01aa75ed71a1,corporate-body/JRC,resource-type/PUB_GEN,2021-03-04,Intellectual property and artificial intelligence : a literature review.,Commission,2021
http://publications.europa.eu/resource/cellar/912bc3f8-7d67-11eb-9ac9-01aa75ed71a1,corporate-body/JRC,resource-type/STU,2021-03-04,Intellectual property and artificial intelligence : a literature review.,Commission,2021
http://publications.europa.eu/resource/cellar/60591d11-92fc-11ed-b508-01aa75ed71a1,corporate-body/CNECT,resource-type/PUB_GEN,2023-01-10,European cancer imaging initiative : an EU state of the art platform to demonstrate the power of Artificial Intelligence and digital technologies to beat cancer.,Commission,2023
http://publications.europa.eu/resource/cellar/25df6ab0-cddc-11eb-ac72-01aa75ed71a1,corporate-body/CONSIL,resource-type/ITEM_I_NOTE,2021-06-15,Proposal for a Regulation of the European Parliament and of the Council laying down harmonised rules on artificial intelligence (Artificial Intelligence Act) and amending certain Union legislative acts - Optional consultation of the Committee of the Regions,Council,2021
http://publications.europa.eu/resource/cellar/545688d9-cd10-11eb-ac72-01aa75ed71a1,corporate-body/CONSIL,resource-type/NOTE_COVER,2021-06-14,Proposal for a REGULATION OF THE EUROPEAN PARLIAMENT AND OF THE COUNCIL - Laying down harmonised rules on artificial intelligence (Artificial Intelligence Act) and amending certain union legislative acts [doc. 8115/21 - COM(2021) 206 final] - Opinion on the application of the Principles of Subsidiarity and Proportionality,Council,2021
http://publications.europa.eu/resource/cellar/47ae57af-d304-11eb-ac72-01aa75ed71a1,corporate-body/EIOPA,resource-type/PUB_GEN,2021-06-21,"Artificial Intelligence governance principles, towards ethical and trustworthy Artificial Intelligence in the European insurance sector : a report from EIOPA´s Consultative Expert Group on Digital Ethics in insurance.",,2021
http://publications.europa.eu/resource/cellar/f477ef76-7a6c-11ec-9136-01aa75ed71a1,corporate-body/EESC,resource-type/PUB_GEN,2021-12-30,A guide to artificial intelligence at the workplace : your rights on algorithms : report.,,2021
http://publications.europa.eu/resource/cellar/01ff45fa-a375-11eb-9585-01aa75ed71a1,corporate-body/COM,resource-type/COMMUNIC,2021-04-21,"COMMUNICATION FROM THE COMMISSION TO THE EUROPEAN PARLIAMENT, THE COUNCIL, THE EUROPEAN ECONOMIC AND SOCIAL COMMITTEE AND THE COMMITTEE OF THE REGIONS Fostering a European approach to Artificial Intelligence",Commission,2021
http://publications.europa.eu/resource/cellar/01ff45fa-a375-11eb-9585-01aa75ed71a1,corporate-body/CNECT,resource-type/COMMUNIC,2021-04-21,"COMMUNICATION FROM THE COMMISSION TO THE EUROPEAN PARLIAMENT, THE COUNCIL, THE EUROPEAN ECONOMIC AND SOCIAL COMMITTEE AND THE COMMITTEE OF THE REGIONS Fostering a European approach to Artificial Intelligence",Commission,2021
http://publications.europa.eu/resource/cellar/c5bdd489-7cf4-11ed-9887-01aa75ed71a1,corporate-body/FRA,resource-type/PUB_GEN,2022-12-15,Bias in algorithms : artificial intelligence and discrimination.,,2022
http://publications.europa.eu/resource/cellar/dabc318b-3dba-11eb-b27b-01aa75ed71a1,corporate-body/FRA,resource-type/PUB_GEN,2020-12-14,"Getting the future right : artificial intelligence and fundamental rights. Annex II, Examples of theoretical assessment of harm and significant impact of AI or automated decisions.",,2020
http://publications.europa.eu/resource/cellar/12738974-40d7-11eb-b27b-01aa75ed71a1,corporate-body/COR,resource-type/OWNINI_OPIN,2020-10-14,Opinion of the European Committee of the Regions – White Paper on Artificial Intelligence — A European approach to excellence and trust,,2020
http://publications.europa.eu/resource/cellar/12738974-40d7-11eb-b27b-01aa75ed71a1,corporate-body/COR_SEDEC,resource-type/OWNINI_OPIN,2020-10-14,Opinion of the European Committee of the Regions – White Paper on Artificial Intelligence — A European approach to excellence and trust,,2020
http://publications.europa.eu/resource/cellar/1de3df22-2c0e-11ec-bd8e-01aa75ed71a1,corporate-body/COM,resource-type/IMPACT_ASSESS_INCEP,2021-06-30,Proposal for a Directive adapting liability rules to the digital age and Artificial Intelligence,Commission,2021
http://publications.europa.eu/resource/cellar/1de3df22-2c0e-11ec-bd8e-01aa75ed71a1,corporate-body/GROW,resource-type/IMPACT_ASSESS_INCEP,2021-06-30,Proposal for a Directive adapting liability rules to the digital age and Artificial Intelligence,Commission,2021
http://publications.europa.eu/resource/cellar/e0649735-a372-11eb-9585-01aa75ed71a1,corporate-body/COM,resource-type/PROP_REG,2021-04-21,Proposal for a REGULATION OF THE EUROPEAN PARLIAMENT AND OF THE COUNCIL LAYING DOWN HARMONISED RULES ON ARTIFICIAL INTELLIGENCE (ARTIFICIAL INTELLIGENCE ACT) AND AMENDING CERTAIN UNION LEGISLATIVE ACTS,Commission,2021
http://publications.europa.eu/resource/cellar/e0649735-a372-11eb-9585-01aa75ed71a1,corporate-body/CNECT,resource-type/PROP_REG,2021-04-21,Proposal for a REGULATION OF THE EUROPEAN PARLIAMENT AND OF THE COUNCIL LAYING DOWN HARMONISED RULES ON ARTIFICIAL INTELLIGENCE (ARTIFICIAL INTELLIGENCE ACT) AND AMENDING CERTAIN UNION LEGISLATIVE ACTS,Commission,2021
http://publications.europa.eu/resource/cellar/0694be88-a373-11eb-9585-01aa75ed71a1,corporate-body/COM,resource-type/IMPACT_ASSESS,2021-04-21,COMMISSION STAFF WORKING DOCUMENT IMPACT ASSESSMENT Accompanying the Proposal for a Regulation of the European Parliament and of the Council LAYING DOWN HARMONISED RULES ON ARTIFICIAL INTELLIGENCE (ARTIFICIAL INTELLIGENCE ACT) AND AMENDING CERTAIN UNION LEGISLATIVE ACTS,Commission,2021
http://publications.europa.eu/resource/cellar/0694be88-a373-11eb-9585-01aa75ed71a1,corporate-body/CNECT,resource-type/IMPACT_ASSESS,2021-04-21,COMMISSION STAFF WORKING DOCUMENT IMPACT ASSESSMENT Accompanying the Proposal for a Regulation of the European Parliament and of the Council LAYING DOWN HARMONISED RULES ON ARTIFICIAL INTELLIGENCE (ARTIFICIAL INTELLIGENCE ACT) AND AMENDING CERTAIN UNION LEGISLATIVE ACTS,Commission,2021
http://publications.europa.eu/resource/cellar/0145f2f7-a373-11eb-9585-01aa75ed71a1,corporate-body/COM,resource-type/IMPACT_ASSESS_SUM,2021-04-21,COMMISSION STAFF WORKING DOCUMENT EXECUTIVE SUMMARY OF THE IMPACT ASSESSMENT REPORT Accompanying the Proposal for a Regulation of the European Parliament and of the Council LAYING DOWN HARMONISED RULES ON ARTIFICIAL INTELLIGENCE (ARTIFICIAL INTELLIGENCE ACT) AND AMENDING CERTAIN UNION LEGISLATIVE ACTS,Commission,2021
http://publications.europa.eu/resource/cellar/0145f2f7-a373-11eb-9585-01aa75ed71a1,corporate-body/CNECT,resource-type/IMPACT_ASSESS_SUM,2021-04-21,COMMISSION STAFF WORKING DOCUMENT EXECUTIVE SUMMARY OF THE IMPACT ASSESSMENT REPORT Accompanying the Proposal for a Regulation of the European Parliament and of the Council LAYING DOWN HARMONISED RULES ON ARTIFICIAL INTELLIGENCE (ARTIFICIAL INTELLIGENCE ACT) AND AMENDING CERTAIN UNION LEGISLATIVE ACTS,Commission,2021
http://publications.europa.eu/resource/cellar/8a32ccc3-0f83-11ec-9151-01aa75ed71a1,corporate-body/JUST,resource-type/PUB_GEN,2021-07-05,Comparative law study on civil liability for artificial intelligence.,Commission,2021
http://publications.europa.eu/resource/cellar/8a32ccc3-0f83-11ec-9151-01aa75ed71a1,corporate-body/JUST,resource-type/STU,2021-07-05,Comparative law study on civil liability for artificial intelligence.,Commission,2021
http://publications.europa.eu/resource/cellar/c7a399de-0f84-11ec-9151-01aa75ed71a1,corporate-body/EASME,resource-type/PUB_GEN,2021-09-06,Advanced technologies for industry technology watch brochure : technology focus on artificial intelligence.,Commission,2021
http://publications.europa.eu/resource/cellar/483742ae-104d-11ec-9151-01aa75ed71a1,corporate-body/EP,resource-type/DEC,2020-06-18,"European Parliament decision of 18 June 2020 on setting up a special committee on artificial intelligence in a digital age, and defining its responsibilities, numerical strength and term of office (2020/2684(RSO))",Parliament,2020
http://publications.europa.eu/resource/cellar/6cc5bcf7-a427-11eb-9585-01aa75ed71a1,corporate-body/CONSIL,resource-type/NOTE_COVER,2021-04-23,COMMISSION STAFF WORKING DOCUMENT EXECUTIVE SUMMARY OF THE IMPACT ASSESSMENT REPORT Accompanying the Proposal for a Regulation of the European Parliament and of the Council LAYING DOWN HARMONISED RULES ON ARTIFICIAL INTELLIGENCE (ARTIFICIAL INTELLIGENCE ACT) AND AMENDING CERTAIN UNION LEGISLATIVE ACTS,Council,2021
http://publications.europa.eu/resource/cellar/747eeacf-92c5-11ec-b4e4-01aa75ed71a1,corporate-body/CNECT,resource-type/STU_SUM_EXE,2022-02-21,DeepTech for digital transformation launchpad : an investment support programme for the emerging fields of artificial intelligence (AI) and blockchain technologies (BT) : executive summary.,Commission,2022
http://publications.europa.eu/resource/cellar/747eeacf-92c5-11ec-b4e4-01aa75ed71a1,corporate-body/CNECT,resource-type/PUB_GEN,2022-02-21,DeepTech for digital transformation launchpad : an investment support programme for the emerging fields of artificial intelligence (AI) and blockchain technologies (BT) : executive summary.,Commission,2022
http://publications.europa.eu/resource/cellar/cb859f9b-92c4-11ec-b4e4-01aa75ed71a1,corporate-body/CNECT,resource-type/STU,2022-02-21,DeepTech for digital transformation launchpad : an investment support programme for the emerging fields of artificial intelligence (AI) and blockchain technologies (BT) : final report.,Commission,2022
http://publications.europa.eu/resource/cellar/cb859f9b-92c4-11ec-b4e4-01aa75ed71a1,corporate-body/CNECT,resource-type/PUB_GEN,2022-02-21,DeepTech for digital transformation launchpad : an investment support programme for the emerging fields of artificial intelligence (AI) and blockchain technologies (BT) : final report.,Commission,2022
http://publications.europa.eu/resource/cellar/83838dbc-3d1f-11ec-89db-01aa75ed71a1,corporate-body/JRC,resource-type/PUB_GEN,2021-10-29,"AI watch, defining artificial intelligence 2.0 : towards an operational definition and taxonomy for the AI landscape.",Commission,2021
http://publications.europa.eu/resource/cellar/83838dbc-3d1f-11ec-89db-01aa75ed71a1,corporate-body/JRC,resource-type/STU,2021-10-29,"AI watch, defining artificial intelligence 2.0 : towards an operational definition and taxonomy for the AI landscape.",Commission,2021
http://publications.europa.eu/resource/cellar/1c819996-41c9-11ec-89db-01aa75ed71a1,corporate-body/EP,resource-type/OWNINI_RES,2021-01-20,European Parliament resolution of 20 January 2021 on artificial intelligence: questions of interpretation and application of international law in so far as the EU is affected in the areas of civil and military uses and of state authority outside the scope of criminal justice (2020/2013(INI)),Parliament,2021
http://publications.europa.eu/resource/cellar/1c819996-41c9-11ec-89db-01aa75ed71a1,corporate-body/EP_IMCO,resource-type/OWNINI_RES,2021-01-20,European Parliament resolution of 20 January 2021 on artificial intelligence: questions of interpretation and application of international law in so far as the EU is affected in the areas of civil and military uses and of state authority outside the scope of criminal justice (2020/2013(INI)),Parliament,2021
http://publications.europa.eu/resource/cellar/1c819996-41c9-11ec-89db-01aa75ed71a1,corporate-body/EP_LIBE,resource-type/OWNINI_RES,2021-01-20,European Parliament resolution of 20 January 2021 on artificial intelligence: questions of interpretation and application of international law in so far as the EU is affected in the areas of civil and military uses and of state authority outside the scope of criminal justice (2020/2013(INI)),Parliament,2021
http://publications.europa.eu/resource/cellar/1c819996-41c9-11ec-89db-01aa75ed71a1,corporate-body/EP_TRAN,resource-type/OWNINI_RES,2021-01-20,European Parliament resolution of 20 January 2021 on artificial intelligence: questions of interpretation and application of international law in so far as the EU is affected in the areas of civil and military uses and of state authority outside the scope of criminal justice (2020/2013(INI)),Parliament,2021
http://publications.europa.eu/resource/cellar/1c819996-41c9-11ec-89db-01aa75ed71a1,corporate-body/EP_AFET,resource-type/OWNINI_RES,2021-01-20,European Parliament resolution of 20 January 2021 on artificial intelligence: questions of interpretation and application of international law in so far as the EU is affected in the areas of civil and military uses and of state authority outside the scope of criminal justice (2020/2013(INI)),Parliament,2021
http://publications.europa.eu/resource/cellar/1c819996-41c9-11ec-89db-01aa75ed71a1,corporate-body/EP_AFCO,resource-type/OWNINI_RES,2021-01-20,European Parliament resolution of 20 January 2021 on artificial intelligence: questions of interpretation and application of international law in so far as the EU is affected in the areas of civil and military uses and of state authority outside the scope of criminal justice (2020/2013(INI)),Parliament,2021
http://publications.europa.eu/resource/cellar/1c819996-41c9-11ec-89db-01aa75ed71a1,corporate-body/EP_JURI,resource-type/OWNINI_RES,2021-01-20,European Parliament resolution of 20 January 2021 on artificial intelligence: questions of interpretation and application of international law in so far as the EU is affected in the areas of civil and military uses and of state authority outside the scope of criminal justice (2020/2013(INI)),Parliament,2021
http://publications.europa.eu/resource/cellar/cfc13482-1316-44f7-b695-8a26932e6e4f,corporate-body/EESC,resource-type/OPIN_ADOP,2020-07-15,Opinion - European Economic and Social Committee - White Paper on Artificial Intelligence,,2020
http://publications.europa.eu/resource/cellar/b3e4fffc-5faa-43f6-9473-b3decfbce593,corporate-body/EESC,resource-type/OPIN_PROVIS,2020-06-25,White Paper on Artificial Intelligence - AS,,2020
http://publications.europa.eu/resource/cellar/1fc4518e-d5b1-11ec-a95f-01aa75ed71a1,corporate-body/PUBL,resource-type/GLOS_TERM,2022-04-07,European Union artificial intelligence policy,,2022
http://publications.europa.eu/resource/cellar/cd4e60cd-71c3-11ec-9136-01aa75ed71a1,corporate-body/JRC,resource-type/PUB_GEN,2022-01-03,"AI Watch, artificial intelligence for the public sector : report of the “3rd peer learning workshop on the use and impact of AI in public services”, 28 October 2021.",Commission,2022
http://publications.europa.eu/resource/cellar/3a194d99-1689-11ec-b4fe-01aa75ed71a1,corporate-body/EESC,resource-type/OPIN_EXPLOR,2021-07-07,"Opinion of the European Economic and Social Committee on Exploiting the economic and social opportunities of digitalisation and improving the digital transformation of the economy, especially SMEs, focusing on human-centred artificial intelligence and data (Exploratory opinion)",,2021
http://publications.europa.eu/resource/cellar/774fc75c-30f2-11ee-946a-01aa75ed71a1,corporate-body/EUI,resource-type/PUB_GEN,2023-08-01,Artificial intelligence and the transformation of criminal trials : preserving fairness in Europe.,,2023
http://publications.europa.eu/resource/cellar/c326ad8b-12d1-11ed-8fa0-01aa75ed71a1,corporate-body/OSHA,resource-type/PUB_GEN,2022-07-22,Artificial intelligence for worker management : an overview : report.,,2022
http://publications.europa.eu/resource/cellar/c326ad8b-12d1-11ed-8fa0-01aa75ed71a1,corporate-body/OSHA,resource-type/STU,2022-07-22,Artificial intelligence for worker management : an overview : report.,,2022
http://publications.europa.eu/resource/cellar/c7ddf2c6-8960-11ec-8c40-01aa75ed71a1,corporate-body/EP_RESEARCH,resource-type/PUB_GEN,2022-02-02,"Person identification, human rights and ethical principles : rethinking biometrics in the era of artificial intelligence.",Parliament,2022
http://publications.europa.eu/resource/cellar/c7ddf2c6-8960-11ec-8c40-01aa75ed71a1,corporate-body/EP_RESEARCH,resource-type/STU,2022-02-02,"Person identification, human rights and ethical principles : rethinking biometrics in the era of artificial intelligence.",Parliament,2022
http://publications.europa.eu/resource/cellar/5c811da7-8f94-11ec-8c40-01aa75ed71a1,corporate-body/EPSO,resource-type/RECRUIT,2022-02-17,"Notice of open competition – EPSO/AD/398/22 – Information and Communication Technology (ICT) Experts (AD 7/AD 8) in the following fields: 1. ICT infrastructures, cloud, networks and middleware (AD 7), 2. Digital workplace, office automation and mobile computing (AD 7), 3. IT and data governance, programme/portfolio and project management, project management office (PMO), business and enterprise architecture (AD 7), 4. Design, development/configuration, testing, operation and maintenance of IT applications and off-the-shelf solutions; Data management, data analytics and artificial intelligence (AD 7), 5. ICT security (AD 8)",,2022
http://publications.europa.eu/resource/cellar/467c96bc-0d53-11ed-b11c-01aa75ed71a1,corporate-body/EP_RESEARCH,resource-type/PUB_GEN,2022-07-26,Governing data and artificial intelligence for all : models for sustainable and just data governance.,Parliament,2022
http://publications.europa.eu/resource/cellar/467c96bc-0d53-11ed-b11c-01aa75ed71a1,corporate-body/EP_RESEARCH,resource-type/STU,2022-07-26,Governing data and artificial intelligence for all : models for sustainable and just data governance.,Parliament,2022
http://publications.europa.eu/resource/cellar/3bddb039-909e-11ed-b508-01aa75ed71a1,corporate-body/JRC,resource-type/PUB_GEN,2023-01-09,AI Watch : artificial intelligence standardisation landscape update.,Commission,2023
http://publications.europa.eu/resource/cellar/3bddb039-909e-11ed-b508-01aa75ed71a1,corporate-body/JRC,resource-type/STU,2023-01-09,AI Watch : artificial intelligence standardisation landscape update.,Commission,2023
http://publications.europa.eu/resource/cellar/bddefe15-b61c-11ec-b6f4-01aa75ed71a1,corporate-body/JRC,resource-type/PUB_GEN,2022-04-06,"Academic offer of advanced digital skills in 2020-21 : international comparison : focus on artificial intelligence, high performance computing, cybersecurity and data science.",Commission,2022
http://publications.europa.eu/resource/cellar/bddefe15-b61c-11ec-b6f4-01aa75ed71a1,corporate-body/JRC,resource-type/STU,2022-04-06,"Academic offer of advanced digital skills in 2020-21 : international comparison : focus on artificial intelligence, high performance computing, cybersecurity and data science.",Commission,2022
http://publications.europa.eu/resource/cellar/4358a089-b8b0-11ed-8912-01aa75ed71a1,corporate-body/JRC,resource-type/PUB_GEN,2023-03-01,Trustworthy artificial intelligence for a fair and democratic Europe.,Commission,2023
http://publications.europa.eu/resource/cellar/a4c1940f-ef4a-11eb-a71c-01aa75ed71a1,corporate-body/EP_RESEARCH,resource-type/PUB_GEN,2021-07-26,Artificial intelligence at EU borders : overview of applications and key issues.,Parliament,2021
http://publications.europa.eu/resource/cellar/a4c1940f-ef4a-11eb-a71c-01aa75ed71a1,corporate-body/EP_RESEARCH,resource-type/STU,2021-07-26,Artificial intelligence at EU borders : overview of applications and key issues.,Parliament,2021
http://publications.europa.eu/resource/cellar/b0c79e29-7351-11ec-9136-01aa75ed71a1,corporate-body/EP,resource-type/OWNINI_RES,2021-05-19,"European Parliament resolution of 19 May 2021 on artificial intelligence in education, culture and the audiovisual sector (2020/2017(INI))",Parliament,2021
http://publications.europa.eu/resource/cellar/b0c79e29-7351-11ec-9136-01aa75ed71a1,corporate-body/EP_CULT,resource-type/OWNINI_RES,2021-05-19,"European Parliament resolution of 19 May 2021 on artificial intelligence in education, culture and the audiovisual sector (2020/2017(INI))",Parliament,2021
http://publications.europa.eu/resource/cellar/b0c79e29-7351-11ec-9136-01aa75ed71a1,corporate-body/EP_FEMM,resource-type/OWNINI_RES,2021-05-19,"European Parliament resolution of 19 May 2021 on artificial intelligence in education, culture and the audiovisual sector (2020/2017(INI))",Parliament,2021
http://publications.europa.eu/resource/cellar/b0c79e29-7351-11ec-9136-01aa75ed71a1,corporate-body/EP_IMCO,resource-type/OWNINI_RES,2021-05-19,"European Parliament resolution of 19 May 2021 on artificial intelligence in education, culture and the audiovisual sector (2020/2017(INI))",Parliament,2021
http://publications.europa.eu/resource/cellar/b0c79e29-7351-11ec-9136-01aa75ed71a1,corporate-body/EP_LIBE,resource-type/OWNINI_RES,2021-05-19,"European Parliament resolution of 19 May 2021 on artificial intelligence in education, culture and the audiovisual sector (2020/2017(INI))",Parliament,2021
http://publications.europa.eu/resource/cellar/b0c79e29-7351-11ec-9136-01aa75ed71a1,corporate-body/EP_JURI,resource-type/OWNINI_RES,2021-05-19,"European Parliament resolution of 19 May 2021 on artificial intelligence in education, culture and the audiovisual sector (2020/2017(INI))",Parliament,2021
http://publications.europa.eu/resource/cellar/279b064f-7358-11ec-9136-01aa75ed71a1,corporate-body/PUBL,resource-type/PUB_GEN,2022-01-05,CORDIS results pack on artificial intelligence and industry.,,2022
http://publications.europa.eu/resource/cellar/fe087847-315d-11ec-bd8e-01aa75ed71a1,corporate-body/EIB,resource-type/STU,2021-10-18,"Artificial intelligence, blockchain and the future of Europe : how disruptive technologies create opportunities for a green and digital economy : main report.",,2021
http://publications.europa.eu/resource/cellar/fe087847-315d-11ec-bd8e-01aa75ed71a1,corporate-body/EIB,resource-type/PUB_GEN,2021-10-18,"Artificial intelligence, blockchain and the future of Europe : how disruptive technologies create opportunities for a green and digital economy : main report.",,2021
http://publications.europa.eu/resource/cellar/a3cdd503-8f94-11ec-8c40-01aa75ed71a1,corporate-body/EPSO,resource-type/RECRUIT,2022-02-17,"Notice of open competition – EPSO/AST/151/22 – Assistants (AST 4) in Information and Communication Technology (ICT) in the following fields: 1. ICT infrastructures, cloud, networks and middleware, 2. Digital workplace, office automation and mobile computing, 3. Development/configuration, testing, operation and maintenance of IT applications and off-the-shelf solutions; data management, data analytics and artificial intelligence, 4. ICT security",,2022
http://publications.europa.eu/resource/cellar/179e7382-b564-11ec-b6f4-01aa75ed71a1,corporate-body/SANTE,resource-type/PUB_GEN,2022-03-31,"Study on health data, digital health and artificial intelligence in healthcare.",Commission,2022
http://publications.europa.eu/resource/cellar/179e7382-b564-11ec-b6f4-01aa75ed71a1,corporate-body/SANTE,resource-type/STU,2022-03-31,"Study on health data, digital health and artificial intelligence in healthcare.",Commission,2022
http://publications.europa.eu/resource/cellar/a8081849-129e-11ef-a251-01aa75ed71a1,corporate-body/CONSIL,resource-type/ITEM_IA_NOTE,2024-05-14,"Draft REGULATION OF THE EUROPEAN PARLIAMENT AND OF THE COUNCIL laying down harmonised rules on artificial intelligence and amending Regulations (EC) No 300/2008, (EU) No 167/2013, (EU) No 168/2013, (EU) 2018/858, (EU) 2018/1139 and (EU) 2019/2144 and Directives 2014/90/EU, (EU) 2016/797 and (EU) 2020/1828 (Artificial Intelligence Act) (first reading) - Adoption of the legislative act = Statement",Council,2024
http://publications.europa.eu/resource/cellar/e80c49bd-12d8-11ef-a251-01aa75ed71a1,corporate-body/CONSIL,resource-type/ITEM_IA_NOTE,2024-05-15,"Draft REGULATION OF THE EUROPEAN PARLIAMENT AND OF THE COUNCIL laying down harmonised rules on artificial intelligence and amending Regulations (EC) No 300/2008, (EU) No 167/2013, (EU) No 168/2013, (EU) 2018/858, (EU) 2018/1139 and (EU) 2019/2144 and Directives 2014/90/EU, (EU) 2016/797 and (EU) 2020/1828 (Artificial Intelligence Act) (first reading) - Adoption of the legislative act",Council,2024
http://publications.europa.eu/resource/cellar/673351d4-21f3-11ee-94cb-01aa75ed71a1,corporate-body/CONSIL_SG,resource-type/PUB_GEN,2023-07-11,"Reflection paper, In a world where societies are increasingly impacted by artificial intelligence : what role for EU leaders?",,2023
http://publications.europa.eu/resource/cellar/d1ccaaef-1ee5-11ef-a251-01aa75ed71a1,corporate-body/ECA,resource-type/NOTICE,2024-05-31,"Special report 08/2024: EU Artificial intelligence ambition – Stronger governance and increased, more focused investment essential going forward",,2024
http://publications.europa.eu/resource/cellar/5d7a720f-a3bf-11ed-b508-01aa75ed71a1,corporate-body/CONSIL,resource-type/NOTE_COVER,2023-02-03,Directive of the European Parliament and of the Council on adapting non-contractual civil liability rules to artificial intelligence (AI Liability Directive) [13079/22 - COM(2022) 496 final] - Opinion on the application of the Principles of Subsidiarity and Proportionality,Council,2023
http://publications.europa.eu/resource/cellar/8f622861-7533-11ed-9887-01aa75ed71a1,corporate-body/EP,resource-type/OWNINI_RES,2022-05-03,European Parliament resolution of 3 May 2022 on artificial intelligence in a digital age (2020/2266(INI)),Parliament,2022
http://publications.europa.eu/resource/cellar/8f622861-7533-11ed-9887-01aa75ed71a1,corporate-body/EP_AIDA,resource-type/OWNINI_RES,2022-05-03,European Parliament resolution of 3 May 2022 on artificial intelligence in a digital age (2020/2266(INI)),Parliament,2022
http://publications.europa.eu/resource/cellar/9efd1357-5c09-11ed-92ed-01aa75ed71a1,corporate-body/JUST,resource-type/PUB_GEN,2022-11-03,Study to support the Commission’s impact assessment on liability for artificial intelligence : executive summary.,Commission,2022
http://publications.europa.eu/resource/cellar/9efd1357-5c09-11ed-92ed-01aa75ed71a1,corporate-body/JUST,resource-type/STU_SUM_EXE,2022-11-03,Study to support the Commission’s impact assessment on liability for artificial intelligence : executive summary.,Commission,2022
http://publications.europa.eu/resource/cellar/9dda0989-b992-11ee-b164-01aa75ed71a1,corporate-body/EP,resource-type/RES_LEGIS,2023-06-14,Amendments adopted by the European Parliament on 14 June 2023 on the proposal for a regulation of the European Parliament and of the Council on laying down harmonised rules on artificial intelligence (Artificial Intelligence Act) and amending certain Union legislative acts (COM(2021)0206 — C9-0146/2021 — 2021/0106(COD)),Parliament,2023
http://publications.europa.eu/resource/cellar/9dda0989-b992-11ee-b164-01aa75ed71a1,corporate-body/EP_CULT,resource-type/RES_LEGIS,2023-06-14,Amendments adopted by the European Parliament on 14 June 2023 on the proposal for a regulation of the European Parliament and of the Council on laying down harmonised rules on artificial intelligence (Artificial Intelligence Act) and amending certain Union legislative acts (COM(2021)0206 — C9-0146/2021 — 2021/0106(COD)),Parliament,2023
http://publications.europa.eu/resource/cellar/9dda0989-b992-11ee-b164-01aa75ed71a1,corporate-body/EP_IMCO,resource-type/RES_LEGIS,2023-06-14,Amendments adopted by the European Parliament on 14 June 2023 on the proposal for a regulation of the European Parliament and of the Council on laying down harmonised rules on artificial intelligence (Artificial Intelligence Act) and amending certain Union legislative acts (COM(2021)0206 — C9-0146/2021 — 2021/0106(COD)),Parliament,2023
http://publications.europa.eu/resource/cellar/9dda0989-b992-11ee-b164-01aa75ed71a1,corporate-body/EP_ITRE,resource-type/RES_LEGIS,2023-06-14,Amendments adopted by the European Parliament on 14 June 2023 on the proposal for a regulation of the European Parliament and of the Council on laying down harmonised rules on artificial intelligence (Artificial Intelligence Act) and amending certain Union legislative acts (COM(2021)0206 — C9-0146/2021 — 2021/0106(COD)),Parliament,2023
http://publications.europa.eu/resource/cellar/9dda0989-b992-11ee-b164-01aa75ed71a1,corporate-body/EP_LIBE,resource-type/RES_LEGIS,2023-06-14,Amendments adopted by the European Parliament on 14 June 2023 on the proposal for a regulation of the European Parliament and of the Council on laying down harmonised rules on artificial intelligence (Artificial Intelligence Act) and amending certain Union legislative acts (COM(2021)0206 — C9-0146/2021 — 2021/0106(COD)),Parliament,2023
http://publications.europa.eu/resource/cellar/9dda0989-b992-11ee-b164-01aa75ed71a1,corporate-body/EP_TRAN,resource-type/RES_LEGIS,2023-06-14,Amendments adopted by the European Parliament on 14 June 2023 on the proposal for a regulation of the European Parliament and of the Council on laying down harmonised rules on artificial intelligence (Artificial Intelligence Act) and amending certain Union legislative acts (COM(2021)0206 — C9-0146/2021 — 2021/0106(COD)),Parliament,2023
http://publications.europa.eu/resource/cellar/9dda0989-b992-11ee-b164-01aa75ed71a1,corporate-body/EP_ENVI,resource-type/RES_LEGIS,2023-06-14,Amendments adopted by the European Parliament on 14 June 2023 on the proposal for a regulation of the European Parliament and of the Council on laying down harmonised rules on artificial intelligence (Artificial Intelligence Act) and amending certain Union legislative acts (COM(2021)0206 — C9-0146/2021 — 2021/0106(COD)),Parliament,2023
http://publications.europa.eu/resource/cellar/9dda0989-b992-11ee-b164-01aa75ed71a1,corporate-body/EP_JURI,resource-type/RES_LEGIS,2023-06-14,Amendments adopted by the European Parliament on 14 June 2023 on the proposal for a regulation of the European Parliament and of the Council on laying down harmonised rules on artificial intelligence (Artificial Intelligence Act) and amending certain Union legislative acts (COM(2021)0206 — C9-0146/2021 — 2021/0106(COD)),Parliament,2023
http://publications.europa.eu/resource/cellar/3e5f3199-c254-11ec-b6f4-01aa75ed71a1,corporate-body/CONSIL,resource-type/NOTE_COVER,2022-04-22,Proposal for a Regulation of the European Parliament and of the Council laying down harmonised rules on artificial intelligence (Artificial Intelligence Act) and amending certain Union legislative acts [8115/21 - COM(2021) 206 final] - Opinion on the application of the Principles of Subsidiarity and Proportionality,Council,2022
http://publications.europa.eu/resource/cellar/359880c1-a4dc-11ec-83e1-01aa75ed71a1,corporate-body/CNECT,resource-type/PUB_GEN,2022-03-16,Opportunities and challenges of artificial intelligence technologies for the cultural and creative sectors.,Commission,2022
http://publications.europa.eu/resource/cellar/cc293085-a4da-11ec-83e1-01aa75ed71a1,corporate-body/CNECT,resource-type/PUB_GEN,2022-03-16,Study on copyright and new technologies : copyright data management and artificial intelligence.,Commission,2022
http://publications.europa.eu/resource/cellar/cc293085-a4da-11ec-83e1-01aa75ed71a1,corporate-body/CNECT,resource-type/STU,2022-03-16,Study on copyright and new technologies : copyright data management and artificial intelligence.,Commission,2022
http://publications.europa.eu/resource/cellar/c36c1516-fc47-11eb-b520-01aa75ed71a1,corporate-body/CONSIL,resource-type/NOTE_COVER,2021-08-13,Proposal for a REGULATION OF THE EUROPEAN PARLIAMENT AND OF THE COUNCIL - LAYING DOWN HARMONISED RULES ON ARTIFICIAL INTELLIGENCE (ARTIFICIAL INTELLIGENCE ACT) AND AMENDING CERTAIN UNION LEGISLATIVE ACTS [doc. 8115/21 - COM(2021) 206 final] - Opinion on the application of the Principles of Subsidiarity and Proportionality,Council,2021
http://publications.europa.eu/resource/cellar/1923c62a-2640-11ec-bd8e-01aa75ed71a1,corporate-body/EP,resource-type/OWNINI_RES,2020-10-20,European Parliament resolution of 20 October 2020 with recommendations to the Commission on a civil liability regime for artificial intelligence (2020/2014(INL)),Parliament,2020
http://publications.europa.eu/resource/cellar/1923c62a-2640-11ec-bd8e-01aa75ed71a1,corporate-body/EP_IMCO,resource-type/OWNINI_RES,2020-10-20,European Parliament resolution of 20 October 2020 with recommendations to the Commission on a civil liability regime for artificial intelligence (2020/2014(INL)),Parliament,2020
http://publications.europa.eu/resource/cellar/1923c62a-2640-11ec-bd8e-01aa75ed71a1,corporate-body/EP_LIBE,resource-type/OWNINI_RES,2020-10-20,European Parliament resolution of 20 October 2020 with recommendations to the Commission on a civil liability regime for artificial intelligence (2020/2014(INL)),Parliament,2020
http://publications.europa.eu/resource/cellar/1923c62a-2640-11ec-bd8e-01aa75ed71a1,corporate-body/EP_TRAN,resource-type/OWNINI_RES,2020-10-20,European Parliament resolution of 20 October 2020 with recommendations to the Commission on a civil liability regime for artificial intelligence (2020/2014(INL)),Parliament,2020
http://publications.europa.eu/resource/cellar/1923c62a-2640-11ec-bd8e-01aa75ed71a1,corporate-body/EP_JURI,resource-type/OWNINI_RES,2020-10-20,European Parliament resolution of 20 October 2020 with recommendations to the Commission on a civil liability regime for artificial intelligence (2020/2014(INL)),Parliament,2020
http://publications.europa.eu/resource/cellar/3f4e211c-2640-11ec-bd8e-01aa75ed71a1,corporate-body/EP,resource-type/OWNINI_RES,2020-10-20,European Parliament resolution of 20 October 2020 on intellectual property rights for the development of artificial intelligence technologies (2020/2015(INI)),Parliament,2020
http://publications.europa.eu/resource/cellar/3f4e211c-2640-11ec-bd8e-01aa75ed71a1,corporate-body/EP_CULT,resource-type/OWNINI_RES,2020-10-20,European Parliament resolution of 20 October 2020 on intellectual property rights for the development of artificial intelligence technologies (2020/2015(INI)),Parliament,2020
http://publications.europa.eu/resource/cellar/3f4e211c-2640-11ec-bd8e-01aa75ed71a1,corporate-body/EP_IMCO,resource-type/OWNINI_RES,2020-10-20,European Parliament resolution of 20 October 2020 on intellectual property rights for the development of artificial intelligence technologies (2020/2015(INI)),Parliament,2020
http://publications.europa.eu/resource/cellar/3f4e211c-2640-11ec-bd8e-01aa75ed71a1,corporate-body/EP_TRAN,resource-type/OWNINI_RES,2020-10-20,European Parliament resolution of 20 October 2020 on intellectual property rights for the development of artificial intelligence technologies (2020/2015(INI)),Parliament,2020
http://publications.europa.eu/resource/cellar/3f4e211c-2640-11ec-bd8e-01aa75ed71a1,corporate-body/EP_AFCO,resource-type/OWNINI_RES,2020-10-20,European Parliament resolution of 20 October 2020 on intellectual property rights for the development of artificial intelligence technologies (2020/2015(INI)),Parliament,2020
http://publications.europa.eu/resource/cellar/3f4e211c-2640-11ec-bd8e-01aa75ed71a1,corporate-body/EP_JURI,resource-type/OWNINI_RES,2020-10-20,European Parliament resolution of 20 October 2020 on intellectual property rights for the development of artificial intelligence technologies (2020/2015(INI)),Parliament,2020
http://publications.europa.eu/resource/cellar/ec39aa89-263f-11ec-bd8e-01aa75ed71a1,corporate-body/EP,resource-type/OWNINI_RES,2020-10-20,"European Parliament resolution of 20 October 2020 with recommendations to the Commission on a framework of ethical aspects of artificial intelligence, robotics and related technologies (2020/2012(INL))",Parliament,2020
http://publications.europa.eu/resource/cellar/ec39aa89-263f-11ec-bd8e-01aa75ed71a1,corporate-body/EP_CULT,resource-type/OWNINI_RES,2020-10-20,"European Parliament resolution of 20 October 2020 with recommendations to the Commission on a framework of ethical aspects of artificial intelligence, robotics and related technologies (2020/2012(INL))",Parliament,2020
http://publications.europa.eu/resource/cellar/ec39aa89-263f-11ec-bd8e-01aa75ed71a1,corporate-body/EP_EMPL,resource-type/OWNINI_RES,2020-10-20,"European Parliament resolution of 20 October 2020 with recommendations to the Commission on a framework of ethical aspects of artificial intelligence, robotics and related technologies (2020/2012(INL))",Parliament,2020
http://publications.europa.eu/resource/cellar/ec39aa89-263f-11ec-bd8e-01aa75ed71a1,corporate-body/EP_IMCO,resource-type/OWNINI_RES,2020-10-20,"European Parliament resolution of 20 October 2020 with recommendations to the Commission on a framework of ethical aspects of artificial intelligence, robotics and related technologies (2020/2012(INL))",Parliament,2020
http://publications.europa.eu/resource/cellar/ec39aa89-263f-11ec-bd8e-01aa75ed71a1,corporate-body/EP_LIBE,resource-type/OWNINI_RES,2020-10-20,"European Parliament resolution of 20 October 2020 with recommendations to the Commission on a framework of ethical aspects of artificial intelligence, robotics and related technologies (2020/2012(INL))",Parliament,2020
http://publications.europa.eu/resource/cellar/ec39aa89-263f-11ec-bd8e-01aa75ed71a1,corporate-body/EP_TRAN,resource-type/OWNINI_RES,2020-10-20,"European Parliament resolution of 20 October 2020 with recommendations to the Commission on a framework of ethical aspects of artificial intelligence, robotics and related technologies (2020/2012(INL))",Parliament,2020
http://publications.europa.eu/resource/cellar/ec39aa89-263f-11ec-bd8e-01aa75ed71a1,corporate-body/EP_ENVI,resource-type/OWNINI_RES,2020-10-20,"European Parliament resolution of 20 October 2020 with recommendations to the Commission on a framework of ethical aspects of artificial intelligence, robotics and related technologies (2020/2012(INL))",Parliament,2020
http://publications.europa.eu/resource/cellar/ec39aa89-263f-11ec-bd8e-01aa75ed71a1,corporate-body/EP_AFET,resource-type/OWNINI_RES,2020-10-20,"European Parliament resolution of 20 October 2020 with recommendations to the Commission on a framework of ethical aspects of artificial intelligence, robotics and related technologies (2020/2012(INL))",Parliament,2020
http://publications.europa.eu/resource/cellar/ec39aa89-263f-11ec-bd8e-01aa75ed71a1,corporate-body/EP_AFCO,resource-type/OWNINI_RES,2020-10-20,"European Parliament resolution of 20 October 2020 with recommendations to the Commission on a framework of ethical aspects of artificial intelligence, robotics and related technologies (2020/2012(INL))",Parliament,2020
http://publications.europa.eu/resource/cellar/ec39aa89-263f-11ec-bd8e-01aa75ed71a1,corporate-body/EP_JURI,resource-type/OWNINI_RES,2020-10-20,"European Parliament resolution of 20 October 2020 with recommendations to the Commission on a framework of ethical aspects of artificial intelligence, robotics and related technologies (2020/2012(INL))",Parliament,2020
http://publications.europa.eu/resource/cellar/b3ec79e7-2585-11ec-bd8e-01aa75ed71a1,corporate-body/JRC,resource-type/PUB_GEN,2021-10-04,"AI watch, artificial intelligence for the public sector : report of the “3rd peer learning workshop on the use and impact of AI in public services”, 24 June 2021.",Commission,2021
http://publications.europa.eu/resource/cellar/52c866ce-265a-11ec-bd8e-01aa75ed71a1,corporate-body/EESC,resource-type/STU,2021-10-05,"Boosting the use of artificial intelligence in Europe's micro, small and medium-sized enterprises.",,2021
http://publications.europa.eu/resource/cellar/52c866ce-265a-11ec-bd8e-01aa75ed71a1,corporate-body/EESC,resource-type/PUB_GEN,2021-10-05,"Boosting the use of artificial intelligence in Europe's micro, small and medium-sized enterprises.",,2021
http://publications.europa.eu/resource/cellar/642b8d23-2a3d-11ec-bd8e-01aa75ed71a1,corporate-body/EASME,resource-type/PUB_GEN,2021-10-08,"Policies for collaborative robotics and artificial intelligence (AI) systems : policy brief on collaborative robots, human-AI systems and the role for policy.",Commission,2021
http://publications.europa.eu/resource/cellar/d1a56a6b-2b66-11ec-bd8e-01aa75ed71a1,corporate-body/CONSIL,resource-type/NOTE_COVER,2021-10-12,"COMMUNICATION FROM THE COMMISSION TO THE EUROPEAN PARLIAMENT, THE COUNCIL, THE EUROPEAN ECONOMIC AND SOCIAL COMMITTEE AND THE COMMITTEE OF THE REGIONS Fostering a European approach to Artificial Intelligence [doc. 8334/21 - COM(2021) 205 final] - Opinion on the application of the Principles of Subsidiarity and Proportionality",Council,2021
http://publications.europa.eu/resource/cellar/cab11afc-2ff5-11ec-bd8e-01aa75ed71a1,corporate-body/CONSIL,resource-type/NOTE_COVER,2021-10-18,"COMMUNICATION FROM THE COMMISSION TO THE EUROPEAN PARLIAMENT, THE COUNCIL, THE EUROPEAN ECONOMIC AND SOCIAL COMMITTEE AND THE COMMITTEE OF THE REGIONS Fostering a European approach to Artificial Intelligence [doc. 8334/21 - COM(2021) 205 final] - Opinion on the application of the Principles of Subsidiarity and Proportionality",Council,2021
http://publications.europa.eu/resource/cellar/2300f0fd-321c-11ec-bd8e-01aa75ed71a1,corporate-body/EP_INTERNAL_POL,resource-type/PUB_GEN,2021-10-20,Artificial intelligence in smart cities and urban mobility : how can artificial intelligence applications be used in urban mobility and smart cities and how can their deployment be facilitated.,Parliament,2021
http://publications.europa.eu/resource/cellar/baebce15-1ef5-11ed-8fa0-01aa75ed71a1,corporate-body/COM,resource-type/RECO_DEC,2022-08-18,"Recommendation for a COUNCIL DECISION authorising the opening of negotiations on behalf of the European Union for a Council of Europe convention on artificial intelligence, human rights, democracy and the rule of law",Commission,2022
http://publications.europa.eu/resource/cellar/baebce15-1ef5-11ed-8fa0-01aa75ed71a1,corporate-body/CNECT,resource-type/RECO_DEC,2022-08-18,"Recommendation for a COUNCIL DECISION authorising the opening of negotiations on behalf of the European Union for a Council of Europe convention on artificial intelligence, human rights, democracy and the rule of law",Commission,2022
http://publications.europa.eu/resource/cellar/1e0fd213-6940-11ed-b14f-01aa75ed71a1,corporate-body/CONSIL,resource-type/DEC,2022-11-18,Council Decision (CFSP) 2022/2269 of 18 November 2022 on Union support for the implementation of a project ‘Promoting Responsible Innovation in Artificial Intelligence for Peace and Security’,Council,2022
http://publications.europa.eu/resource/cellar/14382970-ab58-11ed-b508-01aa75ed71a1,corporate-body/ESMA,resource-type/PUB_GEN,2023-02-10,Artificial intelligence in EU securities markets.,,2023
http://publications.europa.eu/resource/cellar/12616c1d-ab15-11ec-83e1-01aa75ed71a1,corporate-body/EP,resource-type/OWNINI_RES,2021-10-06,European Parliament resolution of 6 October 2021 on artificial intelligence in criminal law and its use by the police and judicial authorities in criminal matters (2020/2016(INI)),Parliament,2021
http://publications.europa.eu/resource/cellar/12616c1d-ab15-11ec-83e1-01aa75ed71a1,corporate-body/EP_EMPL,resource-type/OWNINI_RES,2021-10-06,European Parliament resolution of 6 October 2021 on artificial intelligence in criminal law and its use by the police and judicial authorities in criminal matters (2020/2016(INI)),Parliament,2021
http://publications.europa.eu/resource/cellar/12616c1d-ab15-11ec-83e1-01aa75ed71a1,corporate-body/EP_IMCO,resource-type/OWNINI_RES,2021-10-06,European Parliament resolution of 6 October 2021 on artificial intelligence in criminal law and its use by the police and judicial authorities in criminal matters (2020/2016(INI)),Parliament,2021
http://publications.europa.eu/resource/cellar/12616c1d-ab15-11ec-83e1-01aa75ed71a1,corporate-body/EP_LIBE,resource-type/OWNINI_RES,2021-10-06,European Parliament resolution of 6 October 2021 on artificial intelligence in criminal law and its use by the police and judicial authorities in criminal matters (2020/2016(INI)),Parliament,2021
http://publications.europa.eu/resource/cellar/12616c1d-ab15-11ec-83e1-01aa75ed71a1,corporate-body/EP_JURI,resource-type/OWNINI_RES,2021-10-06,European Parliament resolution of 6 October 2021 on artificial intelligence in criminal law and its use by the police and judicial authorities in criminal matters (2020/2016(INI)),Parliament,2021
http://publications.europa.eu/resource/cellar/d1e49ded-abdf-11ec-83e1-01aa75ed71a1,corporate-body/EPSO,resource-type/CORRIGENDUM,2022-03-25,"Corrigendum to Notice of open competition – EPSO/AST/151/22 – Assistants (AST 4) in Information and Communication Technology (ICT) in the following fields: 1. ICT infrastructures, cloud, networks and middleware, 2. Digital workplace, office automation and mobile computing, 3. Development/configuration, testing, operation and maintenance of IT applications and off-the-shelf solutions; data management, data analytics and artificial intelligence, 4. ICT security (Official Journal of the European Union C 76 A of 17 February 2022) 2022/C 134/15",,2022
http://publications.europa.eu/resource/cellar/d1e49ded-abdf-11ec-83e1-01aa75ed71a1,corporate-body/EPSO,resource-type/RECRUIT,2022-03-25,"Corrigendum to Notice of open competition – EPSO/AST/151/22 – Assistants (AST 4) in Information and Communication Technology (ICT) in the following fields: 1. ICT infrastructures, cloud, networks and middleware, 2. Digital workplace, office automation and mobile computing, 3. Development/configuration, testing, operation and maintenance of IT applications and off-the-shelf solutions; data management, data analytics and artificial intelligence, 4. ICT security (Official Journal of the European Union C 76 A of 17 February 2022) 2022/C 134/15",,2022
http://publications.europa.eu/resource/cellar/12ff7510-b0a0-11ec-83e1-01aa75ed71a1,corporate-body/LISA,resource-type/PUB_GEN,2022-03-30,Artificial intelligence and large-scale IT systems : opportunities and challenges : 4-11-18 and 25 November 2021 online event.,,2022
http://publications.europa.eu/resource/cellar/83fb0f9e-b09f-11ec-83e1-01aa75ed71a1,corporate-body/OAMI,resource-type/PUB_GEN,2022-03-30,Study on the impact of artificial intelligence on the infringement and enforcement of copyright and designs.,,2022
http://publications.europa.eu/resource/cellar/83fb0f9e-b09f-11ec-83e1-01aa75ed71a1,corporate-body/OAMI,resource-type/STU,2022-03-30,Study on the impact of artificial intelligence on the infringement and enforcement of copyright and designs.,,2022
http://publications.europa.eu/resource/cellar/77a04a0f-5912-11ed-92ed-01aa75ed71a1,corporate-body/JUST,resource-type/STU,2022-10-28,Study to support the Commission’s impact assessment on liability for artificial intelligence : final report.,Commission,2022
http://publications.europa.eu/resource/cellar/77a04a0f-5912-11ed-92ed-01aa75ed71a1,corporate-body/JUST,resource-type/PUB_GEN,2022-10-28,Study to support the Commission’s impact assessment on liability for artificial intelligence : final report.,Commission,2022
http://publications.europa.eu/resource/cellar/0f738be1-5911-11ed-92ed-01aa75ed71a1,corporate-body/JUST,resource-type/STU,2022-10-28,Behavioural study on the link between challenges of artificial intelligence for Member States’ civil liability rules and consumer attitudes towards AI-enabled products and services : final report.,Commission,2022
http://publications.europa.eu/resource/cellar/0f738be1-5911-11ed-92ed-01aa75ed71a1,corporate-body/JUST,resource-type/PUB_GEN,2022-10-28,Behavioural study on the link between challenges of artificial intelligence for Member States’ civil liability rules and consumer attitudes towards AI-enabled products and services : final report.,Commission,2022
http://publications.europa.eu/resource/cellar/76fcaabc-5c07-11ed-92ed-01aa75ed71a1,corporate-body/JUST,resource-type/PUB_GEN,2022-11-03,Behavioural study on the link between challenges of artificial intelligence for Member States’ civil liability rules and consumer attitudes towards AI-enabled products and services : executive summary.,Commission,2022
http://publications.europa.eu/resource/cellar/76fcaabc-5c07-11ed-92ed-01aa75ed71a1,corporate-body/JUST,resource-type/STU_SUM_EXE,2022-11-03,Behavioural study on the link between challenges of artificial intelligence for Member States’ civil liability rules and consumer attitudes towards AI-enabled products and services : executive summary.,Commission,2022
http://publications.europa.eu/resource/cellar/7ed5aa59-dca1-11ec-a534-01aa75ed71a1,corporate-body/JRC,resource-type/STU,2022-05-25,AI Watch : European landscape on the use of artificial intelligence by the public sector.,Commission,2022
http://publications.europa.eu/resource/cellar/7ed5aa59-dca1-11ec-a534-01aa75ed71a1,corporate-body/JRC,resource-type/PUB_GEN,2022-05-25,AI Watch : European landscape on the use of artificial intelligence by the public sector.,Commission,2022
http://publications.europa.eu/resource/cellar/34251428-dc12-11ec-a534-01aa75ed71a1,corporate-body/JRC,resource-type/PUB_GEN,2022-05-25,"AI Watch, road to the adoption of artificial intelligence by the public sector : a handbook for policymakers, public administrations and relevant stakeholders.",Commission,2022
http://publications.europa.eu/resource/cellar/7d0a4007-51dd-11ee-9220-01aa75ed71a1,corporate-body/JRC,resource-type/PUB_GEN,2023-09-11,Cybersecurity of artificial intelligence in the AI Act : guiding principles to address the cybersecurity requirement for high-riskAI systems.,Commission,2023
http://publications.europa.eu/resource/cellar/7d0a4007-51dd-11ee-9220-01aa75ed71a1,corporate-body/JRC,resource-type/STU,2023-09-11,Cybersecurity of artificial intelligence in the AI Act : guiding principles to address the cybersecurity requirement for high-riskAI systems.,Commission,2023
http://publications.europa.eu/resource/cellar/68586087-7217-11ed-9887-01aa75ed71a1,corporate-body/CONSIL,resource-type/DEC,2022-11-21,"Council Decision (EU) 2022/2349 of 21 November 2022 authorising the opening of negotiations on behalf of the European Union for a Council of Europe convention on artificial intelligence, human rights, democracy and the rule of law",Council,2022
http://publications.europa.eu/resource/cellar/8cd2f4db-74a3-11ed-9887-01aa75ed71a1,corporate-body/CONSIL,resource-type/NOTE_COVER,2022-12-02,Proposal for a DIRECTIVE OF THE EUROPEAN PARLIAMENT AND OF THE COUNCIL on adapting non-contractual civil liability rules to artificial intelligence (AI Liability Directive) [13079/22 - COM(2022) 496 final] - Opinion on the application of the Principles of Subsidiarity and Proportionality,Council,2022
http://publications.europa.eu/resource/cellar/fd86e2b0-758c-11ed-9887-01aa75ed71a1,corporate-body/CONSIL,resource-type/NOTE,2022-12-06,Proposal for a Regulation of the European Parliament and of the Council laying down harmonised rules on artificial intelligence (Artificial Intelligence Act) and amending certain Union legislative acts - General approach (6 December 2022),Council,2022
http://publications.europa.eu/resource/cellar/c5d44129-a218-11ed-b508-01aa75ed71a1,corporate-body/CONSIL,resource-type/NOTE_COVER,2023-02-01,Proposal for a Directive of the European Parliament and of the Council on adapting non-contractual civil liability rules to artificial intelligence (AI Liability Directive) [COM(2022) 496 final – 2022/0303 (COD)] - Opinion of the European Economic and Social Committee,Council,2023
http://publications.europa.eu/resource/cellar/b0f51468-a868-11ed-b508-01aa75ed71a1,corporate-body/CONSIL,resource-type/NOTE_COVER,2023-02-09,Directive of the European Parliament and of the Council on adapting non-contractual civil liability rules to artificial intelligence (AI Liability Directive) [13079/22 - COM(2022) 496 final] - Opinion on the application of the Principles of Subsidiarity and Proportionality,Council,2023
http://publications.europa.eu/resource/cellar/59e38fb7-8436-11ee-99ba-01aa75ed71a1,corporate-body/EDPS,resource-type/PUB_GEN,2023-11-14,TechDispatch : explainable artificial intelligence. #2/2023.,,2023
http://publications.europa.eu/resource/cellar/e7bdb85c-1769-11ef-a251-01aa75ed71a1,corporate-body/JRC,resource-type/PUB_GEN,2024-05-17,Artificial intelligence at the JRC : survey results 2023.,Commission,2024
http://publications.europa.eu/resource/cellar/07c3ae31-12d2-11ed-8fa0-01aa75ed71a1,corporate-body/OSHA,resource-type/PUB_GEN,2022-07-22,"Advanced robotics, artificial intelligence and the automation of tasks : definitions, uses, policies and strategies and occupational safety and health : report.",,2022
http://publications.europa.eu/resource/cellar/07c3ae31-12d2-11ed-8fa0-01aa75ed71a1,corporate-body/OSHA,resource-type/STU,2022-07-22,"Advanced robotics, artificial intelligence and the automation of tasks : definitions, uses, policies and strategies and occupational safety and health : report.",,2022
http://publications.europa.eu/resource/cellar/98669e75-eb91-11ec-a534-01aa75ed71a1,corporate-body/JRC,resource-type/STU_ANNEX,2022-06-13,"AI Watch : European landscape on the use of artificial intelligence by the public sector. Annex II, Case studies description.",Commission,2022
http://publications.europa.eu/resource/cellar/98669e75-eb91-11ec-a534-01aa75ed71a1,corporate-body/JRC,resource-type/PUB_GEN,2022-06-13,"AI Watch : European landscape on the use of artificial intelligence by the public sector. Annex II, Case studies description.",Commission,2022
http://publications.europa.eu/resource/cellar/54e385d8-eac0-11ec-a534-01aa75ed71a1,corporate-body/JRC,resource-type/STU,2022-05-31,"AI watch, national strategies on artificial intelligence : a European perspective.",Commission,2022
http://publications.europa.eu/resource/cellar/54e385d8-eac0-11ec-a534-01aa75ed71a1,corporate-body/JRC,resource-type/PUB_GEN,2022-05-31,"AI watch, national strategies on artificial intelligence : a European perspective.",Commission,2022
http://publications.europa.eu/resource/cellar/b7d0196a-eb8c-11ec-a534-01aa75ed71a1,corporate-body/JRC,resource-type/PUB_GEN,2022-06-07,Artificial intelligence and the rights of the child : towards an integrated agenda for research and policy.,Commission,2022
http://publications.europa.eu/resource/cellar/b7d0196a-eb8c-11ec-a534-01aa75ed71a1,corporate-body/JRC,resource-type/STU,2022-06-07,Artificial intelligence and the rights of the child : towards an integrated agenda for research and policy.,Commission,2022
http://publications.europa.eu/resource/cellar/0991ec6a-ed1f-11ec-a534-01aa75ed71a1,corporate-body/JRC,resource-type/PUB_GEN,2022-06-15,Artificial intelligence and the rights of the child : young people’s views and perspectives : outcomes of dedicated workshops.,Commission,2022
http://publications.europa.eu/resource/cellar/0991ec6a-ed1f-11ec-a534-01aa75ed71a1,corporate-body/JRC,resource-type/STU,2022-06-15,Artificial intelligence and the rights of the child : young people’s views and perspectives : outcomes of dedicated workshops.,Commission,2022
http://publications.europa.eu/resource/cellar/3f1ca47c-ede8-11ec-a534-01aa75ed71a1,corporate-body/EP_INTERNAL_POL,resource-type/STU,2022-06-16,Artificial intelligence and the fisheries sector.,Parliament,2022
http://publications.europa.eu/resource/cellar/3f1ca47c-ede8-11ec-a534-01aa75ed71a1,corporate-body/EP_INTERNAL_POL,resource-type/PUB_GEN,2022-06-16,Artificial intelligence and the fisheries sector.,Parliament,2022
http://publications.europa.eu/resource/cellar/b6e77043-ede4-11ec-a534-01aa75ed71a1,corporate-body/JRC,resource-type/STU,2022-06-16,X-ray baggage screening and artificial intelligence (AI) : a technical review of machine learning techniques for X-ray baggage screening.,Commission,2022
http://publications.europa.eu/resource/cellar/b6e77043-ede4-11ec-a534-01aa75ed71a1,corporate-body/JRC,resource-type/PUB_GEN,2022-06-16,X-ray baggage screening and artificial intelligence (AI) : a technical review of machine learning techniques for X-ray baggage screening.,Commission,2022
http://publications.europa.eu/resource/cellar/7afd1417-7158-11ed-9887-01aa75ed71a1,corporate-body/EDPS,resource-type/SUM,2022-12-01,"Summary of the Opinion of the European Data Protection Supervisor on the Recommendation for a Council Decision authorising the opening of negotiations on behalf of the European Union for a Council of Europe convention on artificial intelligence, human rights, democracy and the rule of law 2022/C 458/04 (The full text of this Opinion can be found in English, French and German on the EDPS website https://edps.europa.eu)",,2022
http://publications.europa.eu/resource/cellar/160f6449-acec-11ed-8912-01aa75ed71a1,corporate-body/JRC,resource-type/PUB_GEN,2023-02-14,Trustworthy artificial intelligence for a fair and democratic Europe.,Commission,2023
http://publications.europa.eu/resource/cellar/958117aa-0c91-11ed-b11c-01aa75ed71a1,corporate-body/EP_RESEARCH,resource-type/PUB_GEN,2022-07-25,"Artificial intelligence in healthcare : applications, risks, and ethical and societal impacts.",Parliament,2022
http://publications.europa.eu/resource/cellar/958117aa-0c91-11ed-b11c-01aa75ed71a1,corporate-body/EP_RESEARCH,resource-type/STU,2022-07-25,"Artificial intelligence in healthcare : applications, risks, and ethical and societal impacts.",Parliament,2022
http://publications.europa.eu/resource/cellar/0e876776-1eea-11ef-a251-01aa75ed71a1,corporate-body/EESC,resource-type/OPIN,2024-03-20,Opinion of the European Economic and Social Committee – Proposal for a Council Regulation amending Regulation (EU) 2021/1173 as regards an EuroHPC initiative for start-ups to boost European leadership in trustworthy Artificial Intelligence,,2024
http://publications.europa.eu/resource/cellar/7f64223f-540d-11ed-92ed-01aa75ed71a1,corporate-body/EAC,resource-type/PUB_GEN,2022-10-24,Final report of the Commission expert group on artificial intelligence and data in education and training : a executive summary.,Commission,2022
http://publications.europa.eu/resource/cellar/7f64223f-540d-11ed-92ed-01aa75ed71a1,corporate-body/EAC,resource-type/STU_SUM_EXE,2022-10-24,Final report of the Commission expert group on artificial intelligence and data in education and training : a executive summary.,Commission,2022
http://publications.europa.eu/resource/cellar/d031f3f0-82ff-11ee-99ba-01aa75ed71a1,corporate-body/CONSIL,resource-type/NOTE,2023-11-14,Proposal for a Directive of the European Parliament and of the Council on adapting non-contractual civil liability rules to artificial intelligence (AI Liability Directive) Proposal for a Directive of the European Parliament and of the Council on liability for defective products - Opinion of the EDPS,Council,2023
http://publications.europa.eu/resource/cellar/2fcad39a-e777-11ee-9ea8-01aa75ed71a1,corporate-body/EP,resource-type/ADOPT_TEXT,2024-03-13,European Parliament legislative resolution of 13 March 2024 on the proposal for a regulation of the European Parliament and of the Council on laying down harmonised rules on Artificial Intelligence (Artificial Intelligence Act) and amending certain Union Legislative Acts (COM(2021)0206 – C9-0146/2021 – 2021/0106(COD)),Parliament,2024
http://publications.europa.eu/resource/cellar/00a224b5-7ec4-11ee-99ba-01aa75ed71a1,corporate-body/JRC,resource-type/PUB_GEN,2023-11-08,Artificial intelligence for healthcare and well-being during exceptional times : a recent landscape from a European perspective.,Commission,2023
http://publications.europa.eu/resource/cellar/00a224b5-7ec4-11ee-99ba-01aa75ed71a1,corporate-body/JRC,resource-type/STU,2023-11-08,Artificial intelligence for healthcare and well-being during exceptional times : a recent landscape from a European perspective.,Commission,2023
http://publications.europa.eu/resource/cellar/d81a0d54-5348-11ed-92ed-01aa75ed71a1,corporate-body/EAC,resource-type/PUB_GEN,2022-10-25,Ethical guidelines on the use of artificial intelligence (AI) and data in teaching and learning for educators.,Commission,2022
http://publications.europa.eu/resource/cellar/fb8d8ec2-55a0-11ed-92ed-01aa75ed71a1,corporate-body/CNECT,resource-type/PUB_GEN,2022-10-26,"Study on eHealth, interoperability of health data and artificial intelligence for health and care in the European Union : final study report. Lot 2, Artificial Intelligence for health and care in the EU.",Commission,2022
http://publications.europa.eu/resource/cellar/fb8d8ec2-55a0-11ed-92ed-01aa75ed71a1,corporate-body/CNECT,resource-type/STU,2022-10-26,"Study on eHealth, interoperability of health data and artificial intelligence for health and care in the European Union : final study report. Lot 2, Artificial Intelligence for health and care in the EU.",Commission,2022
http://publications.europa.eu/resource/cellar/b3771363-c869-11ed-a05c-01aa75ed71a1,corporate-body/EP_RESEARCH,resource-type/STU,2023-03-21,"Artificial intelligence in the agri-food sector : applications, risks and impacts.",Parliament,2023
http://publications.europa.eu/resource/cellar/b3771363-c869-11ed-a05c-01aa75ed71a1,corporate-body/EP_RESEARCH,resource-type/PUB_GEN,2023-03-21,"Artificial intelligence in the agri-food sector : applications, risks and impacts.",Parliament,2023
http://publications.europa.eu/resource/cellar/11923574-fdd1-11ed-a05c-01aa75ed71a1,corporate-body/JRC,resource-type/STU,2023-05-24,Artificial intelligence for the public sector.,Commission,2023
http://publications.europa.eu/resource/cellar/11923574-fdd1-11ed-a05c-01aa75ed71a1,corporate-body/JRC,resource-type/PUB_GEN,2023-05-24,Artificial intelligence for the public sector.,Commission,2023
http://publications.europa.eu/resource/cellar/49fbb2ad-33d4-11ef-b441-01aa75ed71a1,corporate-body/CONSIL,resource-type/PROP_ACT,2024-06-26,"Proposal for a COUNCIL DECISION on the signing, on behalf of the European Union, of the Council of Europe Framework Convention on Artificial Intelligence, Human Rights, Democracy and the Rule of Law",Council,2024
http://publications.europa.eu/resource/cellar/e3a37a67-33ba-11ef-b441-01aa75ed71a1,corporate-body/COM,resource-type/PROP_DEC,2024-06-26,"Proposal for a COUNCIL DECISION on the signing, on behalf of the European Union, of the Council of Europe Framework Convention on Artificial Intelligence, Human Rights, Democracy and the Rule of Law",Commission,2024
http://publications.europa.eu/resource/cellar/e3a37a67-33ba-11ef-b441-01aa75ed71a1,corporate-body/CNECT,resource-type/PROP_DEC,2024-06-26,"Proposal for a COUNCIL DECISION on the signing, on behalf of the European Union, of the Council of Europe Framework Convention on Artificial Intelligence, Human Rights, Democracy and the Rule of Law",Commission,2024
http://publications.europa.eu/resource/cellar/ff8bbaff-33d6-11ef-b441-01aa75ed71a1,corporate-body/CONSIL,resource-type/PROP_ACT,2024-06-26,"ANNEX to the Proposal for a COUNCIL DECISION on the signing, on behalf of the European Union, of the Council of Europe Framework Convention on Artificial Intelligence, Human Rights, Democracy and the Rule of Law",Council,2024
http://publications.europa.eu/resource/cellar/5d24156e-2a66-11ed-975d-01aa75ed71a1,corporate-body/EUROJUST,resource-type/PUB_GEN,2022-08-31,Artificial intelligence supporting cross-border cooperation in criminal justice : joint report prepared by eu-LISA and EUROJUST.,,2022
http://publications.europa.eu/resource/cellar/5d24156e-2a66-11ed-975d-01aa75ed71a1,corporate-body/LISA,resource-type/PUB_GEN,2022-08-31,Artificial intelligence supporting cross-border cooperation in criminal justice : joint report prepared by eu-LISA and EUROJUST.,,2022
http://publications.europa.eu/resource/cellar/f172cf0b-2a65-11ed-975d-01aa75ed71a1,corporate-body/EUROJUST,resource-type/PUB_GEN,2022-08-31,Artificial intelligence supporting cross-border cooperation in criminal justice : joint report prepared by eu-LISA and EUROJUST.,,2022
http://publications.europa.eu/resource/cellar/f172cf0b-2a65-11ed-975d-01aa75ed71a1,corporate-body/LISA,resource-type/PUB_GEN,2022-08-31,Artificial intelligence supporting cross-border cooperation in criminal justice : joint report prepared by eu-LISA and EUROJUST.,,2022
http://publications.europa.eu/resource/cellar/28702dc2-2f21-11ed-975d-01aa75ed71a1,corporate-body/JRC,resource-type/PUB_GEN,2022-09-07,Glossary of human-centric artificial intelligence.,Commission,2022
http://publications.europa.eu/resource/cellar/28702dc2-2f21-11ed-975d-01aa75ed71a1,corporate-body/JRC,resource-type/STU,2022-09-07,Glossary of human-centric artificial intelligence.,Commission,2022
http://publications.europa.eu/resource/cellar/8856634c-ec47-11ee-8e14-01aa75ed71a1,corporate-body/CONSIL,resource-type/NOTE_COVER,2024-03-27,Proposal for a Council Regulation amending Regulation (EU) 2021/1173 as regards an EuroHPC initiative for start-ups to boost European leadership in trustworthy Artificial Intelligence - Opinion of the European Economic and Social Committee (EESC),Council,2024
http://publications.europa.eu/resource/cellar/1dc752cb-5f02-11ef-a8ba-01aa75ed71a1,corporate-body/CONSIL,resource-type/ACT_LEGIS,2024-08-20,"COUNCIL DECISION on the signing, on behalf of the European Union, of the Council of Europe Framework Convention on Artificial Intelligence and Human Rights, Democracy and the Rule of Law",Council,2024
http://publications.europa.eu/resource/cellar/e0dfb2ea-5f00-11ef-a8ba-01aa75ed71a1,corporate-body/CONSIL,resource-type/ACT_LEGIS,2024-08-20,"Council of Europe Framework Convention on Artificial Intelligence and Human Rights, Democracy and the Rule of Law",Council,2024
http://publications.europa.eu/resource/cellar/7f7ed4dd-dfe0-11ed-a05c-01aa75ed71a1,corporate-body/EESC,resource-type/OPIN,2023-01-24,Opinion of the European Economic and Social Committee on ‘Proposal for a Directive of the European Parliament and of the Council on adapting non-contractual civil liability rules to artificial intelligence (AI Liability Directive)’ (COM(2022) 496 final — 2022/0303 (COD)),,2023
http://publications.europa.eu/resource/cellar/b1da3f85-143f-11ef-a251-01aa75ed71a1,corporate-body/CONSIL,resource-type/ITEM_IA_NOTE,2024-05-15,"Draft REGULATION OF THE EUROPEAN PARLIAMENT AND OF THE COUNCIL laying down harmonised rules on artificial intelligence and amending Regulations (EC) No 300/2008, (EU) No 167/2013, (EU) No 168/2013, (EU) 2018/858, (EU) 2018/1139 and (EU) 2019/2144 and Directives 2014/90/EU, (EU) 2016/797 and (EU) 2020/1828 (Artificial Intelligence Act) (first reading) - Adoption of the legislative act = Statements",Council,2024
http://publications.europa.eu/resource/cellar/9e451cf1-65b5-11ef-a8ba-01aa75ed71a1,corporate-body/RTD,resource-type/PUB_GEN,2024-08-28,Summary of the scientific opinion on successful and timely uptake of artificial intelligence in science in the EU.,Commission,2024
http://publications.europa.eu/resource/cellar/b8eece8b-94ba-11ee-b164-01aa75ed71a1,corporate-body/ERC,resource-type/PUB_GEN,2023-12-04,Use and impact of artificial intelligence in the scientific process : foresight.,,2023
http://publications.europa.eu/resource/cellar/9bb60fb1-b42a-11ee-b164-01aa75ed71a1,corporate-body/EACEA,resource-type/PUB_GEN,2024-01-15,AI report : by the European Digital Education Hub’s Squad on artificial intelligence in education.,Commission,2024
http://publications.europa.eu/resource/cellar/f10ef70a-cf35-11ee-b9d9-01aa75ed71a1,corporate-body/CONSIL,resource-type/NOTE_COVER,2024-02-19,Proposal for a COUNCIL REGULATION amending Regulation (EU) 2021/1173 as regards an EuroHPC initiative for start-ups to boost European leadership in trustworthy Artificial Intelligence,Council,2024
http://publications.europa.eu/resource/cellar/72c1c643-df55-11ee-b9d9-01aa75ed71a1,corporate-body/EUI,resource-type/PUB_GEN,2024-03-04,Is artificial intelligence threatening democracy?.,,2024
http://publications.europa.eu/resource/cellar/06d23b63-cae0-11ee-95d9-01aa75ed71a1,corporate-body/COM,resource-type/DEC,2024-01-24,Commission Decision of 24 January 2024 establishing the European Artificial Intelligence Office,Commission,2024
http://publications.europa.eu/resource/cellar/06d23b63-cae0-11ee-95d9-01aa75ed71a1,corporate-body/CNECT,resource-type/DEC,2024-01-24,Commission Decision of 24 January 2024 establishing the European Artificial Intelligence Office,Commission,2024
http://publications.europa.eu/resource/cellar/992fea61-24d6-11ef-a195-01aa75ed71a1,corporate-body/CONSIL,resource-type/ITEM_IA_NOTE,2024-06-07,Council Regulation amending Regulation (EU)2021/1173 as regards an EuroHPC initiative for start-ups to boost European leadership in trustworthy Artificial Intelligence - Adoption,Council,2024
http://publications.europa.eu/resource/cellar/9efc8bdd-2707-11ef-a195-01aa75ed71a1,corporate-body/CONSIL,resource-type/ACT_LEGIS,2024-06-10,COUNCIL REGULATION amending Regulation (EU) 2021/1173 as regards an EuroHPC initiative for start-ups in order to boost European leadership in trustworthy artificial intelligence,Council,2024
http://publications.europa.eu/resource/cellar/99dd9a48-287b-11ef-a195-01aa75ed71a1,corporate-body/EP_EXTERN_POL,resource-type/PUB_GEN,2024-06-11,Artificial intelligence (AI) and human rights : using AI as a weapon of repression and its impact on human rights : in-depth analysis.,Parliament,2024
http://publications.europa.eu/resource/cellar/99dd9a48-287b-11ef-a195-01aa75ed71a1,corporate-body/EP_EXTERN_POL,resource-type/STU,2024-06-11,Artificial intelligence (AI) and human rights : using AI as a weapon of repression and its impact on human rights : in-depth analysis.,Parliament,2024
http://publications.europa.eu/resource/cellar/af3f1b0b-fc91-11ee-a251-01aa75ed71a1,corporate-body/EP,resource-type/AGREE_PROV,2024-02-02,PROVISIONAL AGREEMENT RESULTING FROM INTERINSTITUTIONAL NEGOTIATIONS - Subject: Proposal for a regulation laying down harmonised rules on Artificial Intelligence (Artificial Intelligence Act) and amending certain Union legislative acts 2021/0106(COD),Parliament,2024
http://publications.europa.eu/resource/cellar/e41e33b5-69ac-11ee-9220-01aa75ed71a1,corporate-body/CONSIL,resource-type/NOTE,2023-10-13,Proposal for a Directive of the European Parliament and of the Council on adapting non-contractual civil liability rules to artificial intelligence (AI Liability Directive) - Opinion of the EDPS,Council,2023
http://publications.europa.eu/resource/cellar/3f94b728-640c-11ee-9220-01aa75ed71a1,corporate-body/JRC,resource-type/PUB_GEN,2023-10-05,Artificial Intelligence for interoperability in the European public sector : an exploratory study.,Commission,2023
http://publications.europa.eu/resource/cellar/3f94b728-640c-11ee-9220-01aa75ed71a1,corporate-body/JRC,resource-type/STU,2023-10-05,Artificial Intelligence for interoperability in the European public sector : an exploratory study.,Commission,2023
http://publications.europa.eu/resource/cellar/c7865738-eb38-11ee-bf53-01aa75ed71a1,corporate-body/ERC,resource-type/PUB_GEN,2024-03-22,Mapping ERC frontier research artificial intelligence.,,2024
http://publications.europa.eu/resource/cellar/c7865738-eb38-11ee-bf53-01aa75ed71a1,corporate-body/ERC,resource-type/STU,2024-03-22,Mapping ERC frontier research artificial intelligence.,,2024
http://publications.europa.eu/resource/cellar/805e08cc-0383-11ef-a251-01aa75ed71a1,corporate-body/DIGIT,resource-type/PUB_GEN,2024-04-25,Public Sector Tech Watch : mapping innovation in the EU public services : a collective effort in exploring the applications of artificial intelligence and blockchain in the public sector.,Commission,2024
http://publications.europa.eu/resource/cellar/8b2c398f-0601-11ef-a251-01aa75ed71a1,corporate-body/EP,resource-type/ADOPT_TEXT,2023-06-14,Amendments adopted by the European Parliament on 14 June 2023 on the proposal for a regulation of the European Parliament and of the Council on laying down harmonised rules on artificial intelligence (Artificial Intelligence Act) and amending certain Union legislative acts (COM(2021)0206 – C9-0146/2021 – 2021/0106(COD)),Parliament,2023
http://publications.europa.eu/resource/cellar/90c17f14-129d-11ef-a251-01aa75ed71a1,corporate-body/CONSIL,resource-type/ITEM_IA_NOTE,2024-05-14,"Draft REGULATION OF THE EUROPEAN PARLIAMENT AND OF THE COUNCIL laying down harmonised rules on artificial intelligence and amending Regulations (EC) No 300/2008, (EU) No 167/2013, (EU) No 168/2013, (EU) 2018/858, (EU) 2018/1139 and (EU) 2019/2144 and Directives 2014/90/EU, (EU) 2016/797 and (EU) 2020/1828 (Artificial Intelligence Act) (first reading) - Adoption of the legislative act",Council,2024
http://publications.europa.eu/resource/cellar/2d8b897c-12d8-11ef-a251-01aa75ed71a1,corporate-body/CONSIL,resource-type/ACT_LEGIS,2024-03-05,"REGULATION OF THE EUROPEAN PARLIAMENT AND OF THE COUNCIL laying down harmonised rules on artificial intelligence and amending Regulations (EC) No 300/2008, (EU) No 167/2013, (EU) No 168/2013, (EU) 2018/858, (EU) 2018/1139 and (EU) 2019/2144 and Directives 2014/90/EU, (EU) 2016/797 and (EU) 2020/1828 (Artificial Intelligence Act)",Council,2024
http://publications.europa.eu/resource/cellar/3a2d3031-12e7-11ef-a251-01aa75ed71a1,corporate-body/CONSIL,resource-type/ITEM_IA_NOTE,2024-05-15,"Draft REGULATION OF THE EUROPEAN PARLIAMENT AND OF THE COUNCIL laying down harmonised rules on artificial intelligence and amending Regulations (EC) No 300/2008, (EU) No 167/2013, (EU) No 168/2013, (EU) 2018/858, (EU) 2018/1139 and (EU) 2019/2144 and Directives 2014/90/EU, (EU) 2016/797 and (EU) 2020/1828 (Artificial Intelligence Act) (first reading) - Adoption of the legislative act = Statements",Council,2024
http://publications.europa.eu/resource/cellar/e01b6fbb-135f-11ef-a251-01aa75ed71a1,corporate-body/CONSIL,resource-type/NOTE,2024-05-16,Council Regulation amending Regulation (EU)2021/1173 as regards an EuroHPC initiative for start-ups to boost European leadership in trustworthy Artificial Intelligence - Political agreement,Council,2024
http://publications.europa.eu/resource/cellar/d7d3a760-64e7-11ef-a8ba-01aa75ed71a1,corporate-body/OSHA,resource-type/PUB_GEN,2024-08-27,Artificial intelligence and education : a teacher-centred approach to safety and health.,,2024
http://publications.europa.eu/resource/cellar/6e99365f-1836-11ef-a251-01aa75ed71a1,corporate-body/CONSIL,resource-type/NOTE,2024-05-22,"Voting result REGULATION OF THE EUROPEAN PARLIAMENT AND OF THE COUNCIL laying down harmonised rules on artificial intelligence and amending Regulations (EC) No 300/2008, (EU) No 167/2013, (EU) No 168/2013, (EU) 2018/858, (EU) 2018/1139 and (EU) 2019/2144 and Directives 2014/90/EU, (EU) 2016/797 and (EU) 2020/1828 (Artificial Intelligence Act) Adoption of the Legislative Act 4024th meeting of the COUNCIL OF THE EUROPEAN UNION (Transport, Telecommunications and Energy) 21 May 2024, Brussels",Council,2024
http://publications.europa.eu/resource/cellar/93c1b4c5-bc38-11ee-b164-01aa75ed71a1,corporate-body/CONSIL,resource-type/PROP_ACT,2024-01-26,Proposal for a COUNCIL REGULATION amending Regulation (EU) 2021/1173 as regards an EuroHPC initiative for start-ups to boost European leadership in trustworthy Artificial Intelligence,Council,2024
http://publications.europa.eu/resource/cellar/0f4615e0-bb90-11ee-b164-01aa75ed71a1,corporate-body/COM,resource-type/COMMUNIC,2024-01-24,"COMMUNICATION FROM THE COMMISSION TO THE EUROPEAN PARLIAMENT, THE COUNCIL, THE EUROPEAN ECONOMIC AND SOCIAL COMMITTEE AND THE COMMITTEE OF THE REGIONS on boosting startups and innovation in trustworthy artificial intelligence",Commission,2024
http://publications.europa.eu/resource/cellar/0f4615e0-bb90-11ee-b164-01aa75ed71a1,corporate-body/CNECT,resource-type/COMMUNIC,2024-01-24,"COMMUNICATION FROM THE COMMISSION TO THE EUROPEAN PARLIAMENT, THE COUNCIL, THE EUROPEAN ECONOMIC AND SOCIAL COMMITTEE AND THE COMMITTEE OF THE REGIONS on boosting startups and innovation in trustworthy artificial intelligence",Commission,2024
http://publications.europa.eu/resource/cellar/8471c58f-bb8f-11ee-b164-01aa75ed71a1,corporate-body/COM,resource-type/PROP_REG,2024-01-24,Proposal for a COUNCIL REGULATION amending Regulation (EU) 2021/1173 as regards an EuroHPC initiative for start-ups to boost European leadership in trustworthy Artificial Intelligence,Commission,2024
http://publications.europa.eu/resource/cellar/8471c58f-bb8f-11ee-b164-01aa75ed71a1,corporate-body/CNECT,resource-type/PROP_REG,2024-01-24,Proposal for a COUNCIL REGULATION amending Regulation (EU) 2021/1173 as regards an EuroHPC initiative for start-ups to boost European leadership in trustworthy Artificial Intelligence,Commission,2024
http://publications.europa.eu/resource/cellar/f235d08c-35b5-40f2-bb15-5f1f9681b80c,corporate-body/EESC,resource-type/OPIN_EXPLOR_PROVIS,2024-10-01,Artificial Intelligence: the way forward,,2024
http://publications.europa.eu/resource/cellar/1578739f-849a-11ef-a67d-01aa75ed71a1,corporate-body/ECA,resource-type/PUB_GEN,2024-10-04,Artificial Intelligence initial strategy and deployment roadmap : 2024-2025.,,2024
http://publications.europa.eu/resource/cellar/20cd754a-8523-11ef-a67d-01aa75ed71a1,corporate-body/RTD,resource-type/PUB_GEN,2024-10-08,Horizon projects using environmental observations and artificial intelligence for the benefit of science and society.,Commission,2024
http://publications.europa.eu/resource/cellar/20cd754a-8523-11ef-a67d-01aa75ed71a1,corporate-body/RTD,resource-type/STU,2024-10-08,Horizon projects using environmental observations and artificial intelligence for the benefit of science and society.,Commission,2024
http://publications.europa.eu/resource/cellar/145e7c44-8b6c-11ef-a67d-01aa75ed71a1,corporate-body/EUI,resource-type/PUB_GEN,2024-10-15,Comparing models of artificial intelligence governance : the role of international cooperation on responsible AI and the EU AI Act in the age of generative AI.,,2024
http://publications.europa.eu/resource/cellar/194b2202-e778-11ee-9ea8-01aa75ed71a1,corporate-body/EP,resource-type/OPIN_EP_CMT,2022-09-12,"OPINION - of the Committee on Legal Affairs - for the Committee on the Internal Market and Consumer Protection and the Committee on Civil Liberties, Justice and Home Affairs - on the proposal for a regulation of the European Parliament and of the Council laying down harmonised rules on artificial intelligence (Artificial Intelligence Act) and amending certain Union Legislative Acts - (COM(2021)0206 - C9-0146/2021 - 2021/0106(COD)) - Rapporteur for opinion: Axel Voss",Parliament,2022
http://publications.europa.eu/resource/cellar/4422b153-e778-11ee-9ea8-01aa75ed71a1,corporate-body/EP,resource-type/OPIN_EP_CMT,2022-07-12,"OPINION - of the Committee on Transport and Tourism - for the Committee on the Internal Market and Consumer Protection and the Committee on Civil Liberties, Justice and Home Affairs - on the proposal for a regulation of the European Parliament and of the Council laying down harmonised rules on artificial intelligence (artificial intelligence act) and amending certain union legislative acts - (COM(2021)0206 - C9-0146/2021 - 2021/0106(COD)) - Rapporteur for opinion: Josianne Cutajar",Parliament,2022
http://publications.europa.eu/resource/cellar/5056e36b-e777-11ee-9ea8-01aa75ed71a1,corporate-body/EP,resource-type/REPORT_EP,2023-05-22,"REPORT - on the proposal for a regulation of the European Parliament and of the Council on laying down harmonised rules on Artificial Intelligence (Artificial Intelligence Act) and amending certain Union Legislative Acts - (COM(2021)0206 - C9-0146/2021 - 2021/0106(COD)) - Committee on the Internal Market and Consumer Protection - Committee on Civil Liberties, Justice and Home Affairs - Rapporteur: Brando Benifei, Ioan-Dragoş Tudorache",Parliament,2023
http://publications.europa.eu/resource/cellar/604fd72c-e6dd-11ee-9ea8-01aa75ed71a1,corporate-body/CONSIL,resource-type/NOTE_INFO,2024-03-18,"Proposal for a REGULATION OF THE EUROPEAN PARLIAMENT AND OF THE COUNCIL laying down harmonised rules on artificial intelligence (Artificial Intelligence Act) and amending certain Union legislative acts - Outcome of the European Parliament's first reading (Strasbourg, 11 to 14 March 2024)",Council,2024
http://publications.europa.eu/resource/cellar/7686476d-e777-11ee-9ea8-01aa75ed71a1,corporate-body/EP,resource-type/OPIN_EP_CMT,2022-06-16,"OPINION - of the Committee on Culture and Education - for the Committee on the Internal Market and Consumer Protection and the Committee on Civil Liberties, Justice and Home Affairs - on the proposal for a regulation of the European Parliament and of the Council laying down harmonised rules on artificial intelligence (Artificial Intelligence Act) and amending certain Union Legislative Acts - (COM(2021)0206 - C9-0146/2021 - 2021/0106(COD)) - Rapporteur for opinion (*): Marcel Kolaja",Parliament,2022
http://publications.europa.eu/resource/cellar/a86b423f-e777-11ee-9ea8-01aa75ed71a1,corporate-body/EP,resource-type/OPIN_EP_CMT,2022-04-22,"OPINION - of the Committee on the Environment, Public Health and Food Safety - for the Committee on the Internal Market and Consumer Protection and for the Committee on Civil Liberties, Justice and Home Affairs - on the proposal for a regulation of the European Parliament and of the Council laying down harmonised rules on Artificial Intelligence (Artificial Intelligence Act) and amending certain Union Legislative Acts - (COM(2021)0206 - C9-0146/2021 - 2021/0106(COD)) - Rapporteur for opinion: Susana Solís Pérez",Parliament,2022
http://publications.europa.eu/resource/cellar/cac50d31-e777-11ee-9ea8-01aa75ed71a1,corporate-body/EP,resource-type/OPIN_EP_CMT,2022-06-14,"OPINION - of the Committee on Industry, Research and Energy - for the Committee on the Internal Market and Consumer Protection and the Committee on Civil Liberties, Justice and Home Affairs - on the proposal for a regulation of the European Parliament and of the Council laying down harmonised rules on artificial intelligence (Artificial Intelligence Act) and amending certain Union legislative acts - (COM(2021)0206 - C9-0146/2021 - 2021/0106(COD)) - Rapporteur for opinion (*): Eva Maydell",Parliament,2022
http://publications.europa.eu/resource/cellar/fe9a4f6c-f4ad-11ef-b7db-01aa75ed71a1,corporate-body/EP,resource-type/RES_LEGIS,2024-03-13,P9_TA(2024)0138 – Artificial Intelligence Act – European Parliament legislative resolution of 13 March 2024 on the proposal for a regulation of the European Parliament and of the Council on laying down harmonised rules on Artificial Intelligence (Artificial Intelligence Act) and amending certain Union Legislative Acts (COM(2021)0206 – C9-0146/2021 – 2021/0106(COD)) (Ordinary legislative procedure: first reading),Parliament,2024
http://publications.europa.eu/resource/cellar/fe9a4f6c-f4ad-11ef-b7db-01aa75ed71a1,corporate-body/EP_CULT,resource-type/RES_LEGIS,2024-03-13,P9_TA(2024)0138 – Artificial Intelligence Act – European Parliament legislative resolution of 13 March 2024 on the proposal for a regulation of the European Parliament and of the Council on laying down harmonised rules on Artificial Intelligence (Artificial Intelligence Act) and amending certain Union Legislative Acts (COM(2021)0206 – C9-0146/2021 – 2021/0106(COD)) (Ordinary legislative procedure: first reading),Parliament,2024
http://publications.europa.eu/resource/cellar/fe9a4f6c-f4ad-11ef-b7db-01aa75ed71a1,corporate-body/EP_IMCO,resource-type/RES_LEGIS,2024-03-13,P9_TA(2024)0138 – Artificial Intelligence Act – European Parliament legislative resolution of 13 March 2024 on the proposal for a regulation of the European Parliament and of the Council on laying down harmonised rules on Artificial Intelligence (Artificial Intelligence Act) and amending certain Union Legislative Acts (COM(2021)0206 – C9-0146/2021 – 2021/0106(COD)) (Ordinary legislative procedure: first reading),Parliament,2024
http://publications.europa.eu/resource/cellar/fe9a4f6c-f4ad-11ef-b7db-01aa75ed71a1,corporate-body/EP_ITRE,resource-type/RES_LEGIS,2024-03-13,P9_TA(2024)0138 – Artificial Intelligence Act – European Parliament legislative resolution of 13 March 2024 on the proposal for a regulation of the European Parliament and of the Council on laying down harmonised rules on Artificial Intelligence (Artificial Intelligence Act) and amending certain Union Legislative Acts (COM(2021)0206 – C9-0146/2021 – 2021/0106(COD)) (Ordinary legislative procedure: first reading),Parliament,2024
http://publications.europa.eu/resource/cellar/fe9a4f6c-f4ad-11ef-b7db-01aa75ed71a1,corporate-body/EP_LIBE,resource-type/RES_LEGIS,2024-03-13,P9_TA(2024)0138 – Artificial Intelligence Act – European Parliament legislative resolution of 13 March 2024 on the proposal for a regulation of the European Parliament and of the Council on laying down harmonised rules on Artificial Intelligence (Artificial Intelligence Act) and amending certain Union Legislative Acts (COM(2021)0206 – C9-0146/2021 – 2021/0106(COD)) (Ordinary legislative procedure: first reading),Parliament,2024
http://publications.europa.eu/resource/cellar/fe9a4f6c-f4ad-11ef-b7db-01aa75ed71a1,corporate-body/EP_TRAN,resource-type/RES_LEGIS,2024-03-13,P9_TA(2024)0138 – Artificial Intelligence Act – European Parliament legislative resolution of 13 March 2024 on the proposal for a regulation of the European Parliament and of the Council on laying down harmonised rules on Artificial Intelligence (Artificial Intelligence Act) and amending certain Union Legislative Acts (COM(2021)0206 – C9-0146/2021 – 2021/0106(COD)) (Ordinary legislative procedure: first reading),Parliament,2024
http://publications.europa.eu/resource/cellar/fe9a4f6c-f4ad-11ef-b7db-01aa75ed71a1,corporate-body/EP_ENVI,resource-type/RES_LEGIS,2024-03-13,P9_TA(2024)0138 – Artificial Intelligence Act – European Parliament legislative resolution of 13 March 2024 on the proposal for a regulation of the European Parliament and of the Council on laying down harmonised rules on Artificial Intelligence (Artificial Intelligence Act) and amending certain Union Legislative Acts (COM(2021)0206 – C9-0146/2021 – 2021/0106(COD)) (Ordinary legislative procedure: first reading),Parliament,2024
http://publications.europa.eu/resource/cellar/fe9a4f6c-f4ad-11ef-b7db-01aa75ed71a1,corporate-body/EP_JURI,resource-type/RES_LEGIS,2024-03-13,P9_TA(2024)0138 – Artificial Intelligence Act – European Parliament legislative resolution of 13 March 2024 on the proposal for a regulation of the European Parliament and of the Council on laying down harmonised rules on Artificial Intelligence (Artificial Intelligence Act) and amending certain Union Legislative Acts (COM(2021)0206 – C9-0146/2021 – 2021/0106(COD)) (Ordinary legislative procedure: first reading),Parliament,2024
http://publications.europa.eu/resource/cellar/a064c772-1ef3-11ef-a251-01aa75ed71a1,corporate-body/ECA,resource-type/PUB_GEN,2024-05-30,"EU Artificial intelligence ambition : stronger governance and increased, more focused investment essential going forward. Special report,08, 2024.",,2024
http://publications.europa.eu/resource/cellar/ad9afa92-2c77-11ef-a61b-01aa75ed71a1,corporate-body/CONSIL,resource-type/ACT_LEGIS,2024-06-04,"REGULATION OF THE EUROPEAN PARLIAMENT AND OF THE COUNCIL LAYING DOWN HARMONISED RULES ON ARTIFICIAL INTELLIGENCE AND AMENDING REGULATIONS (EC) NO 300/2008, (EU) NO 167/2013, (EU) NO 168/2013, (EU) 2018/858, (EU) 2018/1139 AND (EU) 2019/2144 AND DIRECTIVES 2014/90/EU, (EU) 2016/797 AND (EU) 2020/1828 (ARTIFICIAL INTELLIGENCE ACT)",Council,2024
http://publications.europa.eu/resource/cellar/da58b321-2dd3-11ef-a61b-01aa75ed71a1,corporate-body/CONSIL,resource-type/REG,2024-06-17,Council Regulation (EU) 2024/1732 of 17 June 2024 amending Regulation (EU) 2021/1173 as regards a EuroHPC initiative for start-ups in order to boost European leadership in trustworthy artificial intelligence,Council,2024
http://publications.europa.eu/resource/cellar/d6d8ed54-32a8-11ef-a61b-01aa75ed71a1,corporate-body/RTD,resource-type/PUB_GEN,2024-06-21,Successful and timely uptake of artificial intelligence in science in the EU.,Commission,2024
http://publications.europa.eu/resource/cellar/d6d8ed54-32a8-11ef-a61b-01aa75ed71a1,corporate-body/RTD,resource-type/STU,2024-06-21,Successful and timely uptake of artificial intelligence in science in the EU.,Commission,2024
http://publications.europa.eu/resource/cellar/15c39dce-7ae7-11ef-bbbe-01aa75ed71a1,corporate-body/EP_RESEARCH,resource-type/PUB_GEN,2024-09-24,Proposal for a directive on adapting non-contractual civil liability rules to artificial intelligence : complementary impact assessment.,Parliament,2024
http://publications.europa.eu/resource/cellar/15c39dce-7ae7-11ef-bbbe-01aa75ed71a1,corporate-body/EP_RESEARCH,resource-type/STU,2024-09-24,Proposal for a directive on adapting non-contractual civil liability rules to artificial intelligence : complementary impact assessment.,Parliament,2024
http://publications.europa.eu/resource/cellar/e1b4f364-4fb2-11ef-acbc-01aa75ed71a1,corporate-body/EISMEA,resource-type/PUB_GEN,2024-07-31,Latin America IP SME helpdesk : artificial intelligence and IP in Latin America.,Commission,2024
http://publications.europa.eu/resource/cellar/e32ff522-5919-11ef-acbc-01aa75ed71a1,corporate-body/GROW,resource-type/PUB_GEN,2024-08-09,Digital industries ecosystem : artificial intelligence.,Commission,2024
http://publications.europa.eu/resource/cellar/ec9a2371-539d-11ef-acbc-01aa75ed71a1,corporate-body/EUI,resource-type/PUB_GEN,2024-08-05,Delegating the law of artificial intelligence : a procedural account of technology-neutral regulation.,,2024
http://publications.europa.eu/resource/cellar/0fb59a42-55f6-11ef-acbc-01aa75ed71a1,corporate-body/ECFIN,resource-type/PUB_GEN,2024-08-08,"Artificial intelligence : economic impact, opportunities, challenges, implications for policy.",Commission,2024
http://publications.europa.eu/resource/cellar/b04cd46e-9b18-11ef-a130-01aa75ed71a1,corporate-body/EPSO,resource-type/RECRUIT,2024-11-05,"NOTICE OF OPEN COMPETITION — EPSO/AD/413/24 — Scientific research administrators (AD 7) in the following fields: 1. Environmental and climate sciences, engineering, and economics, 2. Energy science and sustainability, 3. ICT and (cyber)security, 4. Data analysis, research, and applications for evidence-based decision-making, 5. Research and applications in artificial intelligence, machine learning, and complex systems, 6. Space applications and geo-information technologies, 7. Health and consumer protection, 8. Transport science and sustainable mobility, 9. Social, economic, and political sciences, 10. Behavioural science, economics, and education",,2024
http://publications.europa.eu/resource/cellar/029ad408-8d61-11ef-a130-01aa75ed71a1,corporate-body/COM,resource-type/REG_IMPL_DRAFT,2024-10-18,COMMISSION IMPLEMENTING REGULATION (EU) …/... laying down the rules for the application of Regulation (EU) 2024/1689 of the European Parliament and of the Council as regards the establishment of a scientific panel of independent experts in the field of artificial intelligence,Commission,2024
http://publications.europa.eu/resource/cellar/029ad408-8d61-11ef-a130-01aa75ed71a1,corporate-body/CNECT,resource-type/REG_IMPL_DRAFT,2024-10-18,COMMISSION IMPLEMENTING REGULATION (EU) …/... laying down the rules for the application of Regulation (EU) 2024/1689 of the European Parliament and of the Council as regards the establishment of a scientific panel of independent experts in the field of artificial intelligence,Commission,2024
http://publications.europa.eu/resource/cellar/d410511a-227d-11ef-a251-01aa75ed71a1,corporate-body/CONSIL,resource-type/NOTE,2024-05-08,"AOB Framework Convention on Artificial Intelligence, Human Rights, Democracy and the Rule of Law - Information from the Commission",Council,2024
http://publications.europa.eu/resource/cellar/dc8116a1-3fe6-11ef-865a-01aa75ed71a1,corporate-body/CONSIL,resource-type/REG,2024-06-13,"Regulation (EU) 2024/1689 of the European Parliament and of the Council of 13 June 2024 laying down harmonised rules on artificial intelligence and amending Regulations (EC) No 300/2008, (EU) No 167/2013, (EU) No 168/2013, (EU) 2018/858, (EU) 2018/1139 and (EU) 2019/2144 and Directives 2014/90/EU, (EU) 2016/797 and (EU) 2020/1828 (Artificial Intelligence Act) (Text with EEA relevance)",Council,2024
http://publications.europa.eu/resource/cellar/dc8116a1-3fe6-11ef-865a-01aa75ed71a1,corporate-body/EP,resource-type/REG,2024-06-13,"Regulation (EU) 2024/1689 of the European Parliament and of the Council of 13 June 2024 laying down harmonised rules on artificial intelligence and amending Regulations (EC) No 300/2008, (EU) No 167/2013, (EU) No 168/2013, (EU) 2018/858, (EU) 2018/1139 and (EU) 2019/2144 and Directives 2014/90/EU, (EU) 2016/797 and (EU) 2020/1828 (Artificial Intelligence Act) (Text with EEA relevance)",Parliament,2024
http://publications.europa.eu/resource/cellar/e4408b43-44b1-11ef-865a-01aa75ed71a1,corporate-body/JRC,resource-type/PUB_GEN,2024-07-17,"Diversity in artificial intelligence conferences : an analysis of indicators for gender, country and institution diversity from 2007 to 2023.",Commission,2024
http://publications.europa.eu/resource/cellar/e4408b43-44b1-11ef-865a-01aa75ed71a1,corporate-body/JRC,resource-type/STU,2024-07-17,"Diversity in artificial intelligence conferences : an analysis of indicators for gender, country and institution diversity from 2007 to 2023.",Commission,2024
http://publications.europa.eu/resource/cellar/f097685f-4d58-11ef-acbc-01aa75ed71a1,corporate-body/PUBL,resource-type/PUB_GEN,2024-07-26,The role of artificial intelligence in processing and generating new data : an exploration of legal and policy challenges in open data ecosystems.,,2024
http://publications.europa.eu/resource/cellar/103c182c-6a56-11ef-a8ba-01aa75ed71a1,corporate-body/CONSIL,resource-type/DEC,2024-08-28,"Council Decision (EU) 2024/2218 of 28 August 2024 on the signing, on behalf of the European Union, of the Council of Europe Framework Convention on Artificial Intelligence and Human Rights, Democracy and the Rule of Law",Council,2024
http://publications.europa.eu/resource/cellar/92da73d9-b1e2-11ef-acb1-01aa75ed71a1,corporate-body/COR,resource-type/OWNINI_OPIN,2024-10-09,Opinion of the European Committee of the Regions – Ethical Artificial Intelligence and access to supercomputing for start-ups,,2024
http://publications.europa.eu/resource/cellar/92da73d9-b1e2-11ef-acb1-01aa75ed71a1,corporate-body/COR_SEDEC,resource-type/OWNINI_OPIN,2024-10-09,Opinion of the European Committee of the Regions – Ethical Artificial Intelligence and access to supercomputing for start-ups,,2024
http://publications.europa.eu/resource/cellar/e13d1844-e462-11ef-be2a-01aa75ed71a1,corporate-body/RTD,resource-type/PUB_GEN,2025-02-05,A European model for artificial intelligence.,Commission,2025
http://publications.europa.eu/resource/cellar/af8fa783-65ea-4b87-bca8-f265eea76fd4,corporate-body/EESC,resource-type/OWNINI_OPIN_ADOP,2025-01-22,Opinion - European Economic and Social Committee - Pro-worker artificial intelligence,,2025
http://publications.europa.eu/resource/cellar/4d54a622-ce3b-11ef-be2a-01aa75ed71a1,corporate-body/EUROJUST,resource-type/PUB_GEN,2025-01-07,Generative artificial intelligence : the impact on intellectual property crimes.,,2025
http://publications.europa.eu/resource/cellar/6e92feae-fd51-11ef-b7db-01aa75ed71a1,corporate-body/COM,resource-type/REG_IMPL,2025-03-07,Commission Implementing Regulation (EU) 2025/454 of 7 March 2025 laying down the rules for the application of Regulation (EU) 2024/1689 of the European Parliament and of the Council as regards the establishment of a scientific panel of independent experts in the field of artificial intelligence,Commission,2025
http://publications.europa.eu/resource/cellar/6e92feae-fd51-11ef-b7db-01aa75ed71a1,corporate-body/CNECT,resource-type/REG_IMPL,2025-03-07,Commission Implementing Regulation (EU) 2025/454 of 7 March 2025 laying down the rules for the application of Regulation (EU) 2024/1689 of the European Parliament and of the Council as regards the establishment of a scientific panel of independent experts in the field of artificial intelligence,Commission,2025
http://publications.europa.eu/resource/cellar/b2762bac-b839-11ef-91ed-01aa75ed71a1,corporate-body/JRC,resource-type/PUB_GEN,2024-12-11,Artificial intelligence applied to disasters and crises management.,Commission,2024
http://publications.europa.eu/resource/cellar/b2762bac-b839-11ef-91ed-01aa75ed71a1,corporate-body/JRC,resource-type/STU,2024-12-11,Artificial intelligence applied to disasters and crises management.,Commission,2024
http://publications.europa.eu/resource/cellar/62c276ae-cef7-11ef-be2a-01aa75ed71a1,corporate-body/EESC,resource-type/OPIN_EXPLOR,2024-10-23,Opinion of the European Economic and Social Committee a) General-purpose AI: way forward after the AI Act (exploratory opinion requested by the European Commission) b) A secure technology for the future: Artificial Intelligence (exploratory opinion requested by the Hungarian Presidency) – INT/1055,,2024
http://publications.europa.eu/resource/cellar/c9c60f60-d9f5-11ef-be2a-01aa75ed71a1,corporate-body/COR,resource-type/OWNINI_OPIN,2024-11-21,Opinion of the European Committee of the Regions – Challenges and opportunities of artificial intelligence in the public sector: defining the role of regional and local authorities,,2024
http://publications.europa.eu/resource/cellar/c9c60f60-d9f5-11ef-be2a-01aa75ed71a1,corporate-body/COR_ECON,resource-type/OWNINI_OPIN,2024-11-21,Opinion of the European Committee of the Regions – Challenges and opportunities of artificial intelligence in the public sector: defining the role of regional and local authorities,,2024
http://publications.europa.eu/resource/cellar/cad3153c-d3bf-11ef-be2a-01aa75ed71a1,corporate-body/EUROPOL,resource-type/PUB_GEN,2025-01-15,AI and policing : the benefits and challenges of artificial intelligence for law enforcement.,,2025
http://publications.europa.eu/resource/cellar/0d207c1b-da0c-11ef-be2a-01aa75ed71a1,corporate-body/LISA,resource-type/PUB_GEN,2025-01-23,"Artificial Intelligence : EU justice and home affairs in the age of AI : fostering innovations and mitigating risks : eu-LISA Industry Roundtable, 12-13 November 2024, Budapest, Hungary.",,2025
http://publications.europa.eu/resource/cellar/582d12a8-e38c-11ef-be2a-01aa75ed71a1,corporate-body/JRC,resource-type/PUB_GEN,2025-02-04,Interrogating the research and development pipeline of artificial intelligence (AI) in health : diagnosis and prediction-based diagnosis.,Commission,2025
http://publications.europa.eu/resource/cellar/582d12a8-e38c-11ef-be2a-01aa75ed71a1,corporate-body/JRC,resource-type/STU,2025-02-04,Interrogating the research and development pipeline of artificial intelligence (AI) in health : diagnosis and prediction-based diagnosis.,Commission,2025
http://publications.europa.eu/resource/cellar/21bc8e76-ef42-11ef-981b-01aa75ed71a1,corporate-body/EUI,resource-type/PUB_GEN,2023-12-19,"Artificial intelligence, gender and work.",,2023
http://publications.europa.eu/resource/cellar/7f8f81de-405e-11f0-b9f2-01aa75ed71a1,corporate-body/COM,resource-type/PROP_DEC,2025-06-03,"Proposal for a COUNCIL DECISION on the conclusion, on behalf of the European Union, of the Council of Europe Framework Convention on Artificial Intelligence and Human Rights, Democracy and the Rule of Law",Commission,2025
http://publications.europa.eu/resource/cellar/7f8f81de-405e-11f0-b9f2-01aa75ed71a1,corporate-body/CNECT,resource-type/PROP_DEC,2025-06-03,"Proposal for a COUNCIL DECISION on the conclusion, on behalf of the European Union, of the Council of Europe Framework Convention on Artificial Intelligence and Human Rights, Democracy and the Rule of Law",Commission,2025
http://publications.europa.eu/resource/cellar/16e69072-409c-11f0-b9f2-01aa75ed71a1,corporate-body/CONSIL,resource-type/PROP_ACT,2025-06-03,"ANNEXES to the Proposal for a Council Decision on the conclusion, on behalf of the European Union, of the Council of Europe Framework Convention on Artificial Intelligence and Human Rights, Democracy and the Rule of Law",Council,2025
http://publications.europa.eu/resource/cellar/a0a0b06f-4097-11f0-b9f2-01aa75ed71a1,corporate-body/CONSIL,resource-type/PROP_ACT,2025-06-03,"Proposal for a COUNCIL DECISION on the conclusion, on behalf of the European Union, of the Council of Europe Framework Convention on Artificial Intelligence and Human Rights, Democracy and the Rule of Law",Council,2025
http://publications.europa.eu/resource/cellar/352cf50b-44f7-4cbd-a42b-ba20326a1321,corporate-body/EESC,resource-type/OWNINI_OPIN_PROVIS,2024-12-17,Pro-worker artificial intelligence,,2024
http://publications.europa.eu/resource/cellar/4559c9e2-a426-11f0-97c8-01aa75ed71a1,corporate-body/COM,resource-type/COMMUNIC,2025-10-08,COMMUNICATION FROM THE COMMISSION TO THE EUROPEAN PARLIAMENT AND THE COUNCIL A European Strategy for Artificial Intelligence in Science Paving the way for the Resource for AI Science in Europe (RAISE),Commission,2025
http://publications.europa.eu/resource/cellar/4559c9e2-a426-11f0-97c8-01aa75ed71a1,corporate-body/RTD,resource-type/COMMUNIC,2025-10-08,COMMUNICATION FROM THE COMMISSION TO THE EUROPEAN PARLIAMENT AND THE COUNCIL A European Strategy for Artificial Intelligence in Science Paving the way for the Resource for AI Science in Europe (RAISE),Commission,2025
http://publications.europa.eu/resource/cellar/aaaa7955-0b85-11f0-b1a3-01aa75ed71a1,corporate-body/ESMA,resource-type/PUB_GEN,2025-03-27,Using artificial intelligence for investing : what you should consider.,,2025
http://publications.europa.eu/resource/cellar/9b4fe25c-d704-11f0-8da2-01aa75ed71a1,corporate-body/CONSIL,resource-type/DEC,2025-12-11,Council Decision (CFSP) 2025/2539 of 11 December 2025 amending Decision (CFSP) 2022/2269 on Union support for the implementation of a project ‘Promoting Responsible Innovation in Artificial Intelligence for Peace and Security’,Council,2025
http://publications.europa.eu/resource/cellar/106e70eb-f983-11ef-b7db-01aa75ed71a1,corporate-body/EMPL,resource-type/STU_ANNEX,2025-03-03,Artificial intelligence and the future of work : Eurobarometer data annex.,Commission,2025
http://publications.europa.eu/resource/cellar/106e70eb-f983-11ef-b7db-01aa75ed71a1,corporate-body/EMPL,resource-type/PUB_GEN,2025-03-03,Artificial intelligence and the future of work : Eurobarometer data annex.,Commission,2025
http://publications.europa.eu/resource/cellar/e237d909-f977-11ef-b7db-01aa75ed71a1,corporate-body/EMPL,resource-type/SUM_EXE,2025-03-03,Artificial intelligence and the future of work : Eurobarometer report summary.,Commission,2025
http://publications.europa.eu/resource/cellar/e237d909-f977-11ef-b7db-01aa75ed71a1,corporate-body/EMPL,resource-type/PUB_GEN,2025-03-03,Artificial intelligence and the future of work : Eurobarometer report summary.,Commission,2025
http://publications.europa.eu/resource/cellar/eb8e704a-f982-11ef-b7db-01aa75ed71a1,corporate-body/EMPL,resource-type/STU,2025-03-03,Artificial intelligence and the future of work : Eurobarometer report.,Commission,2025
http://publications.europa.eu/resource/cellar/eb8e704a-f982-11ef-b7db-01aa75ed71a1,corporate-body/EMPL,resource-type/PUB_GEN,2025-03-03,Artificial intelligence and the future of work : Eurobarometer report.,Commission,2025
http://publications.europa.eu/resource/cellar/e55116f3-010b-11f0-9503-01aa75ed71a1,corporate-body/COM,resource-type/REG_IMPL,2025-03-07,COMMISSION IMPLEMENTING REGULATION (EU) …/... laying down the rules for the application of Regulation (EU) 2024/1689 of the European Parliament and of the Council as regards the establishment of a scientific panel of independent experts in the field of artificial intelligence,Commission,2025
http://publications.europa.eu/resource/cellar/e55116f3-010b-11f0-9503-01aa75ed71a1,corporate-body/CNECT,resource-type/REG_IMPL,2025-03-07,COMMISSION IMPLEMENTING REGULATION (EU) …/... laying down the rules for the application of Regulation (EU) 2024/1689 of the European Parliament and of the Council as regards the establishment of a scientific panel of independent experts in the field of artificial intelligence,Commission,2025
http://publications.europa.eu/resource/cellar/47054003-fa3d-11ef-b7db-01aa75ed71a1,corporate-body/EMPL,resource-type/PUB_GEN,2025-03-05,Artificial intelligence and the future of work.,Commission,2025
http://publications.europa.eu/resource/cellar/f51e18b8-ab0d-11f0-89c6-01aa75ed71a1,http://publications.europa.eu/resource/cellar/46dd84e7-b848-4ac2-99d3-dfaa9c1daab8,resource-type/PUB_GEN,2025-10-16,The use of generative artificial intelligence in research.,,2025
http://publications.europa.eu/resource/cellar/f51e18b8-ab0d-11f0-89c6-01aa75ed71a1,http://publications.europa.eu/resource/cellar/c51154e4-5627-491a-bdfb-630edd0d2f98,resource-type/PUB_GEN,2025-10-16,The use of generative artificial intelligence in research.,,2025
http://publications.europa.eu/resource/cellar/f51e18b8-ab0d-11f0-89c6-01aa75ed71a1,corporate-body/RTD,resource-type/PUB_GEN,2025-10-16,The use of generative artificial intelligence in research.,Commission,2025
http://publications.europa.eu/resource/cellar/f51e18b8-ab0d-11f0-89c6-01aa75ed71a1,http://publications.europa.eu/resource/cellar/838132cb-ccc8-4815-af7d-d6d1b2604e41,resource-type/PUB_GEN,2025-10-16,The use of generative artificial intelligence in research.,,2025
http://publications.europa.eu/resource/cellar/f51e18b8-ab0d-11f0-89c6-01aa75ed71a1,http://publications.europa.eu/resource/cellar/d16d7f8b-5239-44ad-935e-f11c0102e8a2,resource-type/PUB_GEN,2025-10-16,The use of generative artificial intelligence in research.,,2025
http://publications.europa.eu/resource/cellar/f51e18b8-ab0d-11f0-89c6-01aa75ed71a1,http://publications.europa.eu/resource/cellar/f285f42c-8da0-4605-afac-e13952839787,resource-type/PUB_GEN,2025-10-16,The use of generative artificial intelligence in research.,,2025
http://publications.europa.eu/resource/cellar/f51e18b8-ab0d-11f0-89c6-01aa75ed71a1,http://publications.europa.eu/resource/cellar/f28f5787-ab0d-11f0-89c6-01aa75ed71a1,resource-type/PUB_GEN,2025-10-16,The use of generative artificial intelligence in research.,,2025
http://publications.europa.eu/resource/cellar/f51e18b8-ab0d-11f0-89c6-01aa75ed71a1,http://publications.europa.eu/resource/cellar/46dd84e7-b848-4ac2-99d3-dfaa9c1daab8,resource-type/STU,2025-10-16,The use of generative artificial intelligence in research.,,2025
http://publications.europa.eu/resource/cellar/f51e18b8-ab0d-11f0-89c6-01aa75ed71a1,http://publications.europa.eu/resource/cellar/c51154e4-5627-491a-bdfb-630edd0d2f98,resource-type/STU,2025-10-16,The use of generative artificial intelligence in research.,,2025
http://publications.europa.eu/resource/cellar/f51e18b8-ab0d-11f0-89c6-01aa75ed71a1,corporate-body/RTD,resource-type/STU,2025-10-16,The use of generative artificial intelligence in research.,Commission,2025
http://publications.europa.eu/resource/cellar/f51e18b8-ab0d-11f0-89c6-01aa75ed71a1,http://publications.europa.eu/resource/cellar/838132cb-ccc8-4815-af7d-d6d1b2604e41,resource-type/STU,2025-10-16,The use of generative artificial intelligence in research.,,2025
http://publications.europa.eu/resource/cellar/f51e18b8-ab0d-11f0-89c6-01aa75ed71a1,http://publications.europa.eu/resource/cellar/d16d7f8b-5239-44ad-935e-f11c0102e8a2,resource-type/STU,2025-10-16,The use of generative artificial intelligence in research.,,2025
http://publications.europa.eu/resource/cellar/f51e18b8-ab0d-11f0-89c6-01aa75ed71a1,http://publications.europa.eu/resource/cellar/f285f42c-8da0-4605-afac-e13952839787,resource-type/STU,2025-10-16,The use of generative artificial intelligence in research.,,2025
http://publications.europa.eu/resource/cellar/f51e18b8-ab0d-11f0-89c6-01aa75ed71a1,http://publications.europa.eu/resource/cellar/f28f5787-ab0d-11f0-89c6-01aa75ed71a1,resource-type/STU,2025-10-16,The use of generative artificial intelligence in research.,,2025
http://publications.europa.eu/resource/cellar/684dcf13-034d-11f0-9503-01aa75ed71a1,corporate-body/PUBL,resource-type/LEGIS_SUM,2025-03-11,Rules for trustworthy artificial intelligence in the EU,,2025
http://publications.europa.eu/resource/cellar/4ee8799e-142c-11f0-b1a3-01aa75ed71a1,corporate-body/RTD,resource-type/PUB_GEN,2025-04-07,Artificial intelligence in science : promises or perils for creativity?,Commission,2025
http://publications.europa.eu/resource/cellar/4ee8799e-142c-11f0-b1a3-01aa75ed71a1,corporate-body/RTD,resource-type/STU,2025-04-07,Artificial intelligence in science : promises or perils for creativity?,Commission,2025
http://publications.europa.eu/resource/cellar/0020c74c-7402-11f0-9af8-01aa75ed71a1,corporate-body/EACEA,resource-type/PUB_GEN,2025-08-07,Explainable AI in education : fostering human oversight and shared responsibility : by the European Digital Education Hub’s Squad on artificial intelligence in education.,Commission,2025
http://publications.europa.eu/resource/cellar/d79f3e5d-41bc-11f0-b9f2-01aa75ed71a1,corporate-body/EDPS,resource-type/PUB_GEN,2025-06-04,"AI Act Regulation (EU) 2024/1689 : Regulation (EU) 2024/1689 of the European Parliament and of the Council of 13 June 2024 laying down harmonised rules on artificial intelligence and amending Regulations (EC) No 300/2008, (EU) No 167/2013, (EU) No 168/2013, (EU) 2018/858, (EU) 2018/1139 and (EU) 2019/2144 and Directives 2014/90/EU, (EU) 2016/797 and (EU) 2020/1828 (Artificial Intelligence Act) (Text with EEA relevance).",,2025
http://publications.europa.eu/resource/cellar/d0425465-44e6-11f0-b9f2-01aa75ed71a1,corporate-body/RTD,resource-type/PUB_GEN,2025-06-06,Mutual learning exercise on national policies for artificial intelligence in science : final report.,Commission,2025
http://publications.europa.eu/resource/cellar/d0425465-44e6-11f0-b9f2-01aa75ed71a1,corporate-body/RTD,resource-type/STU,2025-06-06,Mutual learning exercise on national policies for artificial intelligence in science : final report.,Commission,2025
http://publications.europa.eu/resource/cellar/4c7129f2-5d40-11f0-a9d0-01aa75ed71a1,corporate-body/OAMI,resource-type/PUB_GEN,2025-07-08,The development of generative artificial intelligence from a copyright perspective.,,2025
http://publications.europa.eu/resource/cellar/4c7129f2-5d40-11f0-a9d0-01aa75ed71a1,corporate-body/OAMI,resource-type/STU,2025-07-08,The development of generative artificial intelligence from a copyright perspective.,,2025
http://publications.europa.eu/resource/cellar/fc66252a-67a6-11f0-bf4e-01aa75ed71a1,corporate-body/CONSIL,resource-type/NOTE,2025-07-23,"WRITTEN PROCEDURE to approve the decision to request the consent of the European Parliament to adopt the Council Decision on the conclusion, on behalf of the European Union, of the Council of Europe Framework Convention on Artificial Intelligence and Human Rights, Democracy and the Rule of Law - Request for consent of the European Parliament - Initiation of written procedure",Council,2025
http://publications.europa.eu/resource/cellar/4cfefb0e-5277-11f0-a9d0-01aa75ed71a1,corporate-body/ECB,resource-type/LET_DRAFT_NATION_LEGIS,2025-06-24,"Letter from Frank Elderson, Member of the Executive Board of the European Central Bank (ECB), to Ms María González Veracruz, Secretary of State, State Secretariat for Digitalisation and Artificial Intelligence, Ministry of Digital Transformation and Public Service, on a draft law on the proper use and governance of artificial intelligence.",,2025
http://publications.europa.eu/resource/cellar/4309f6d1-574d-11f0-a9d0-01aa75ed71a1,corporate-body/ECB,resource-type/LET_DRAFT_NATION_LEGIS,2025-06-30,"Letter from Frank Elderson, Member of the Executive Board of the European Central Bank (ECB), to Aida Kamišalić Latifić, State Secretary of the Ministry of Digital Transformation of Slovenia, on a draft law on the implementation of Regulation (EU) 2024/1689 of the European Parliament and of the Council of 13 June 2024 laying down harmonised rules on artificial intelligence",,2025
http://publications.europa.eu/resource/cellar/2e3eb75f-5882-11f0-a9d0-01aa75ed71a1,corporate-body/EISMEA,resource-type/PUB_GEN,2025-07-03,European IP helpdesk case study : scaling AI-driven weed control technology for more sustainable agriculture : how the Czech-based start-up Ullmanna leverages artificial intelligence to advance forward-thinking precision agriculture solutions.,Commission,2025
http://publications.europa.eu/resource/cellar/79fb710d-6b5c-11f0-bf4e-01aa75ed71a1,corporate-body/EP_DGIUST,resource-type/STU,2025-07-25,Artificial intelligence and civil liability : a European perspective.,Parliament,2025
http://publications.europa.eu/resource/cellar/79fb710d-6b5c-11f0-bf4e-01aa75ed71a1,corporate-body/EP_DGIUST,resource-type/PUB_GEN,2025-07-25,Artificial intelligence and civil liability : a European perspective.,Parliament,2025
http://publications.europa.eu/resource/cellar/adf2cda7-6bc7-11f0-bf4e-01aa75ed71a1,corporate-body/CONSIL,resource-type/NOTE,2025-07-28,"END OF WRITTEN PROCEDURE Council Decision on the conclusion, on behalf of the European Union, of the Council of Europe Framework Convention on Artificial Intelligence and Human Rights, Democracy and the Rule of Law - Adopt the decision to request the consent of the European Parliament",Council,2025
http://publications.europa.eu/resource/cellar/b0f88630-80d2-11f0-9af8-01aa75ed71a1,corporate-body/EP,resource-type/OPIN_EP_CMT,2025-05-22,OPINION - of the Committee on the Internal Market and Consumer Protection - for the Committee on Legal Affairs - on the proposal for a directive of the European Parliament and of the Council on adapting non-contractual civil liability rules to artificial intelligence (AI Liability Directive) - (COM(2022)0496 - C9-0320/2022 - 2022/0303(COD)) - Rapporteur for opinion: Kosma Złotowski,Parliament,2025
http://publications.europa.eu/resource/cellar/a1a97fb4-8142-11f0-9af8-01aa75ed71a1,corporate-body/EP,resource-type/PLENARY_MINUTES_EP,2024-03-13,8.2. Artificial Intelligence Act ***I (vote),Parliament,2024
http://publications.europa.eu/resource/cellar/3f44deb6-8937-11f0-9af8-01aa75ed71a1,corporate-body/EAC,resource-type/PUB_GEN,2025-09-03,Artificial intelligence in the sport sector : a paper from the SHARE 2.0 initiative.,Commission,2025
http://publications.europa.eu/resource/cellar/3f44deb6-8937-11f0-9af8-01aa75ed71a1,http://publications.europa.eu/resource/cellar/a1d7c751-5aec-11f0-a9d0-01aa75ed71a1,resource-type/PUB_GEN,2025-09-03,Artificial intelligence in the sport sector : a paper from the SHARE 2.0 initiative.,,2025
http://publications.europa.eu/resource/cellar/f77c40cd-1c9b-11f1-8c3a-01aa75ed71a1,corporate-body/EP,resource-type/OPIN_EP_CMT,2026-03-06,"OPINION - of the Committee on Culture and Education - for the Committee on the Internal Market and Consumer Protection and the Committee on Civil Liberties, Justice and Home Affairs - on the proposal for a regulation of the European Parliament and of the Council amending Regulations (EU) 2024/1689 and (EU) 2018/1139 as regards the simplification of the implementation of harmonised rules on artificial intelligence (Digital Omnibus on AI) - (COM(2025)0836 - C10-0304/2025 - 2025/0359(COD)) - Rapporteur for opinion: Emma Rafowicz",Parliament,2026
http://publications.europa.eu/resource/cellar/1b401959-9369-11f0-97c8-01aa75ed71a1,corporate-body/EP,resource-type/RES_LEGIS,2024-04-24,P9_TA(2024)0359 – EuroHPC initiative for start-ups to boost European leadership in trustworthy Artificial Intelligence – European Parliament legislative resolution of 24 April 2024 on the proposal for a Council regulation amending Regulation (EU) 2021/1173 as regards an EuroHPC initiative for start-ups to boost European leadership in trustworthy Artificial Intelligence (COM(2024)0029 – C9-0013/2024 – 2024/0016(CNS)) (Special legislative procedure – consultation),Parliament,2024
http://publications.europa.eu/resource/cellar/1b401959-9369-11f0-97c8-01aa75ed71a1,corporate-body/EP_ITRE,resource-type/RES_LEGIS,2024-04-24,P9_TA(2024)0359 – EuroHPC initiative for start-ups to boost European leadership in trustworthy Artificial Intelligence – European Parliament legislative resolution of 24 April 2024 on the proposal for a Council regulation amending Regulation (EU) 2021/1173 as regards an EuroHPC initiative for start-ups to boost European leadership in trustworthy Artificial Intelligence (COM(2024)0029 – C9-0013/2024 – 2024/0016(CNS)) (Special legislative procedure – consultation),Parliament,2024
http://publications.europa.eu/resource/cellar/b9f525ce-1c78-11f1-8c3a-01aa75ed71a1,corporate-body/CONSIL,resource-type/NOTE_COVER,2026-03-10,"Proposal for a REGULATION OF THE EUROPEAN PARLIAMENT AND OF THE COUNCIL amending Regulations (EU) 2024/1689 and (EU) 2018/1139 as regards the simplification of the implementation of harmonised rules on artificial intelligence (Digital Omnibus on AI) [15708/25 - COM(2025)836] Proposal for a REGULATION OF THE EUROPEAN PARLIAMENT AND OF THE COUNCIL amending Regulations (EU) 2016/679, (EU) 2018/1724, (EU) 2018/1725, (EU) 2023/2854 and Directives 2002/58/EC, (EU) 2022/2555 and (EU) 2022/2557 as regards the simplification of the digital legislative framework, and repealing Regulations (EU) 2018/1807, (EU) 2019/1150, (EU) 2022/868, and Directive (EU) 2019/1024 (Digital Omnibus) [15698/25 - COM(2025)837] Proposal for a REGULATION OF THE EUROPEAN PARLIAMENT AND OF THE COUNCIL on the establishment of European Business Wallets [15701/25 - COM(2025)838] - Opinion on the application of the Principles of Subsidiarity and Proportionality",Council,2026
http://publications.europa.eu/resource/cellar/c880345c-1c5c-11f1-8c3a-01aa75ed71a1,corporate-body/CONSIL,resource-type/NOTE,2026-03-09,Proposal for a REGULATION OF THE EUROPEAN PARLIAMENT AND OF THE COUNCIL amending Regulations (EU) 2024/1689 and (EU) 2018/1139 as regards the simplification of the implementation of harmonised rules on artificial intelligence (Digital Omnibus on AI) - Mandate for negotiations with the European Parliament,Council,2026
http://publications.europa.eu/resource/cellar/b507ea3f-a009-11f0-97c8-01aa75ed71a1,corporate-body/EUI,resource-type/PUB_GEN,2025-10-02,REDemocracIA : handbook for a democratic approach to artificial intelligence in Ibero-America.,,2025
http://publications.europa.eu/resource/cellar/92ad4836-1ca4-11f1-8c3a-01aa75ed71a1,corporate-body/CONSIL,resource-type/NOTE_COVER,2026-03-10,"COMMUNICATION FROM THE COMMISSION TO THE EUROPEAN PARLIAMENT AND THE COUNCIL DATA UNION STRATEGY UNLOCKING DATA FOR AI [15712/25 - COM(2025)835] Proposal for a REGULATION OF THE EUROPEAN PARLIAMENT AND OF THE COUNCIL amending Regulations (EU) 2024/1689 and (EU) 2018/1139 as regards the simplification of the implementation of harmonised rules on artificial intelligence (Digital Omnibus on AI) [15708/25 - COM(2025)836] Proposal for a REGULATION OF THE EUROPEAN PARLIAMENT AND OF THE COUNCIL amending Regulations (EU) 2016/679, (EU) 2018/1724, (EU) 2018/1725, (EU) 2023/2854 and Directives 2002/58/EC, (EU) 2022/2555 and (EU) 2022/2557 as regards the simplification of the digital legislative framework, and repealing Regulations (EU) 2018/1807, (EU) 2019/1150, (EU) 2022/868, and Directive (EU) 2019/1024 (Digital Omnibus) [15698/25 - COM(2025)837] - Opinion on the application of the Principles of Subsidiarity and Proportionality",Council,2026
http://publications.europa.eu/resource/cellar/b378227c-cff4-11f0-8da2-01aa75ed71a1,corporate-body/FRA,resource-type/REPORT,2025-12-03,Assessing high-risk artificial intelligence : fundamental rights risks,,2025
http://publications.europa.eu/resource/cellar/a856c715-e075-11f0-8439-01aa75ed71a1,corporate-body/DEFIS,resource-type/FACTSHEET,2025-12-18,Artificial intelligence (AI) in defence,Commission,2025
http://publications.europa.eu/resource/cellar/93ee62e9-a32b-11f0-97c8-01aa75ed71a1,corporate-body/JRC,resource-type/PUB_GEN,2025-10-07,"The role of artificial intelligence in scientific research : a science for policy, European perspective.",Commission,2025
http://publications.europa.eu/resource/cellar/93ee62e9-a32b-11f0-97c8-01aa75ed71a1,http://publications.europa.eu/resource/cellar/832095e6-d4c1-11ec-a95f-01aa75ed71a1,resource-type/PUB_GEN,2025-10-07,"The role of artificial intelligence in scientific research : a science for policy, European perspective.",,2025
http://publications.europa.eu/resource/cellar/93ee62e9-a32b-11f0-97c8-01aa75ed71a1,http://publications.europa.eu/resource/cellar/f3fcb2b5-6f12-11ea-b735-01aa75ed71a1,resource-type/PUB_GEN,2025-10-07,"The role of artificial intelligence in scientific research : a science for policy, European perspective.",,2025
http://publications.europa.eu/resource/cellar/93ee62e9-a32b-11f0-97c8-01aa75ed71a1,http://publications.europa.eu/resource/cellar/e98f8f60-32e2-11ec-bd8e-01aa75ed71a1,resource-type/PUB_GEN,2025-10-07,"The role of artificial intelligence in scientific research : a science for policy, European perspective.",,2025
http://publications.europa.eu/resource/cellar/93ee62e9-a32b-11f0-97c8-01aa75ed71a1,http://publications.europa.eu/resource/cellar/927a71dc-477c-11f0-85ba-01aa75ed71a1,resource-type/PUB_GEN,2025-10-07,"The role of artificial intelligence in scientific research : a science for policy, European perspective.",,2025
http://publications.europa.eu/resource/cellar/93ee62e9-a32b-11f0-97c8-01aa75ed71a1,http://publications.europa.eu/resource/cellar/4d6708a2-477c-11f0-85ba-01aa75ed71a1,resource-type/PUB_GEN,2025-10-07,"The role of artificial intelligence in scientific research : a science for policy, European perspective.",,2025
http://publications.europa.eu/resource/cellar/93ee62e9-a32b-11f0-97c8-01aa75ed71a1,http://publications.europa.eu/resource/cellar/68a58568-477c-11f0-85ba-01aa75ed71a1,resource-type/PUB_GEN,2025-10-07,"The role of artificial intelligence in scientific research : a science for policy, European perspective.",,2025
http://publications.europa.eu/resource/cellar/93ee62e9-a32b-11f0-97c8-01aa75ed71a1,http://publications.europa.eu/resource/cellar/81aef9c2-477c-11f0-85ba-01aa75ed71a1,resource-type/PUB_GEN,2025-10-07,"The role of artificial intelligence in scientific research : a science for policy, European perspective.",,2025
http://publications.europa.eu/resource/cellar/93ee62e9-a32b-11f0-97c8-01aa75ed71a1,http://publications.europa.eu/resource/cellar/39243fc9-9839-11f0-97c8-01aa75ed71a1,resource-type/PUB_GEN,2025-10-07,"The role of artificial intelligence in scientific research : a science for policy, European perspective.",,2025
http://publications.europa.eu/resource/cellar/93ee62e9-a32b-11f0-97c8-01aa75ed71a1,corporate-body/JRC,resource-type/STU,2025-10-07,"The role of artificial intelligence in scientific research : a science for policy, European perspective.",Commission,2025
http://publications.europa.eu/resource/cellar/93ee62e9-a32b-11f0-97c8-01aa75ed71a1,http://publications.europa.eu/resource/cellar/832095e6-d4c1-11ec-a95f-01aa75ed71a1,resource-type/STU,2025-10-07,"The role of artificial intelligence in scientific research : a science for policy, European perspective.",,2025
http://publications.europa.eu/resource/cellar/93ee62e9-a32b-11f0-97c8-01aa75ed71a1,http://publications.europa.eu/resource/cellar/f3fcb2b5-6f12-11ea-b735-01aa75ed71a1,resource-type/STU,2025-10-07,"The role of artificial intelligence in scientific research : a science for policy, European perspective.",,2025
http://publications.europa.eu/resource/cellar/93ee62e9-a32b-11f0-97c8-01aa75ed71a1,http://publications.europa.eu/resource/cellar/e98f8f60-32e2-11ec-bd8e-01aa75ed71a1,resource-type/STU,2025-10-07,"The role of artificial intelligence in scientific research : a science for policy, European perspective.",,2025
http://publications.europa.eu/resource/cellar/93ee62e9-a32b-11f0-97c8-01aa75ed71a1,http://publications.europa.eu/resource/cellar/927a71dc-477c-11f0-85ba-01aa75ed71a1,resource-type/STU,2025-10-07,"The role of artificial intelligence in scientific research : a science for policy, European perspective.",,2025
http://publications.europa.eu/resource/cellar/93ee62e9-a32b-11f0-97c8-01aa75ed71a1,http://publications.europa.eu/resource/cellar/4d6708a2-477c-11f0-85ba-01aa75ed71a1,resource-type/STU,2025-10-07,"The role of artificial intelligence in scientific research : a science for policy, European perspective.",,2025
http://publications.europa.eu/resource/cellar/93ee62e9-a32b-11f0-97c8-01aa75ed71a1,http://publications.europa.eu/resource/cellar/68a58568-477c-11f0-85ba-01aa75ed71a1,resource-type/STU,2025-10-07,"The role of artificial intelligence in scientific research : a science for policy, European perspective.",,2025
http://publications.europa.eu/resource/cellar/93ee62e9-a32b-11f0-97c8-01aa75ed71a1,http://publications.europa.eu/resource/cellar/81aef9c2-477c-11f0-85ba-01aa75ed71a1,resource-type/STU,2025-10-07,"The role of artificial intelligence in scientific research : a science for policy, European perspective.",,2025
http://publications.europa.eu/resource/cellar/93ee62e9-a32b-11f0-97c8-01aa75ed71a1,http://publications.europa.eu/resource/cellar/39243fc9-9839-11f0-97c8-01aa75ed71a1,resource-type/STU,2025-10-07,"The role of artificial intelligence in scientific research : a science for policy, European perspective.",,2025
http://publications.europa.eu/resource/cellar/505e2fe1-92ae-11f0-97c8-01aa75ed71a1,corporate-body/EMPL,resource-type/PUB_GEN,2025-09-15,Artificial intelligence and employment in the EU.,Commission,2025
http://publications.europa.eu/resource/cellar/16f4db01-91e1-11f0-97c8-01aa75ed71a1,corporate-body/EMPL,resource-type/PUB_GEN,2025-09-12,Artificial intelligence and employment in the EU.,Commission,2025
http://publications.europa.eu/resource/cellar/16f4db01-91e1-11f0-97c8-01aa75ed71a1,corporate-body/EMPL,resource-type/STU,2025-09-12,Artificial intelligence and employment in the EU.,Commission,2025
http://publications.europa.eu/resource/cellar/9e05efdd-9540-11f0-97c8-01aa75ed71a1,corporate-body/COM,resource-type/PROP_DEC,2025-09-19,Proposal for a COUNCIL DECISION on the position to be taken on behalf of the European Union on the Draft Recommendation of the Committee of Ministers of the Council of Europe on equality and artificial intelligence,Commission,2025
http://publications.europa.eu/resource/cellar/9e05efdd-9540-11f0-97c8-01aa75ed71a1,corporate-body/JUST,resource-type/PROP_DEC,2025-09-19,Proposal for a COUNCIL DECISION on the position to be taken on behalf of the European Union on the Draft Recommendation of the Committee of Ministers of the Council of Europe on equality and artificial intelligence,Commission,2025
http://publications.europa.eu/resource/cellar/e2a04069-955f-11f0-97c8-01aa75ed71a1,corporate-body/CONSIL,resource-type/NOTE_COVER,2025-09-19,Proposal for a COUNCIL DECISION on the position to be taken on behalf of the European Union on the Draft Recommendation of the Committee of Ministers of the Council of Europe on equality and artificial intelligence,Council,2025
http://publications.europa.eu/resource/cellar/1bc106de-a4bb-11f0-a7c5-01aa75ed71a1,corporate-body/RTD,resource-type/PUB_GEN,2025-10-08,European strategy for artificial intelligence in science.,Commission,2025
http://publications.europa.eu/resource/cellar/a77d5a84-1e3b-11f1-8c3a-01aa75ed71a1,corporate-body/CONSIL,resource-type/NOTE,2026-03-10,Proposal for a REGULATION OF THE EUROPEAN PARLIAMENT AND OF THE COUNCIL amending Regulations (EU) 2024/1689 and (EU) 2018/1139 as regards the simplification of the implementation of harmonised rules on artificial intelligence (Digital Omnibus on AI) - Mandate for negotiations with the European Parliament,Council,2026
http://publications.europa.eu/resource/cellar/f180c8ff-b552-11f0-b37f-01aa75ed71a1,corporate-body/ENER,resource-type/PUB_GEN,2025-10-29,Artificial intelligence : October 2025.,Commission,2025
http://publications.europa.eu/resource/cellar/f180c8ff-b552-11f0-b37f-01aa75ed71a1,corporate-body/CINEA,resource-type/PUB_GEN,2025-10-29,Artificial intelligence : October 2025.,Commission,2025
http://publications.europa.eu/resource/cellar/f180c8ff-b552-11f0-b37f-01aa75ed71a1,http://publications.europa.eu/resource/cellar/efcb29be-b552-11f0-b37f-01aa75ed71a1,resource-type/PUB_GEN,2025-10-29,Artificial intelligence : October 2025.,,2025
http://publications.europa.eu/resource/cellar/ffb38429-c630-11f0-8da2-01aa75ed71a1,corporate-body/CONSIL,resource-type/PROP_ACT,2025-11-20,"COMMISSION STAFF WORKING DOCUMENT Accompanying the documents Proposal for a REGULATION OF THE EUROPEAN PARLIAMENT AND OF THE COUNCIL Amending Regulations (EU) 2016/679, (EU) 2018/1724, (EU) 2018/1725, (EU) 2023/2854 and Directives 2002/58/EC, (EU) 2022/2555 and (EU) 2022/2557 as regards the simplification of the digital legislative framework, and repealing Regulations (EU) 2018/1807, (EU) 2019/1150, (EU) 2022/868, and Directive (EU) 2019/1024 (Digital Omnibus) Amending Regulations (EU) 2024/1689 and (EU) 2018/1139 as regards the simplification of the implementation of harmonised rules on artificial intelligence (Digital Omnibus on AI)",Council,2025
http://publications.europa.eu/resource/cellar/af030d28-b3c4-11f0-b37f-01aa75ed71a1,corporate-body/EP_RESEARCH,resource-type/PUB_GEN,2025-10-27,"Digitalisation, artificial intelligence and algorithmic management in the workplace : shaping the future of work : cost of non-Europe.",Parliament,2025
http://publications.europa.eu/resource/cellar/af030d28-b3c4-11f0-b37f-01aa75ed71a1,http://publications.europa.eu/resource/cellar/87f88f78-12af-11e7-808e-01aa75ed71a1,resource-type/PUB_GEN,2025-10-27,"Digitalisation, artificial intelligence and algorithmic management in the workplace : shaping the future of work : cost of non-Europe.",,2025
http://publications.europa.eu/resource/cellar/af030d28-b3c4-11f0-b37f-01aa75ed71a1,http://publications.europa.eu/resource/cellar/4eeed437-70c3-445f-884f-a9e44c0d4254,resource-type/PUB_GEN,2025-10-27,"Digitalisation, artificial intelligence and algorithmic management in the workplace : shaping the future of work : cost of non-Europe.",,2025
http://publications.europa.eu/resource/cellar/af030d28-b3c4-11f0-b37f-01aa75ed71a1,http://publications.europa.eu/resource/cellar/fc5b2ab0-7947-11e5-86db-01aa75ed71a1,resource-type/PUB_GEN,2025-10-27,"Digitalisation, artificial intelligence and algorithmic management in the workplace : shaping the future of work : cost of non-Europe.",,2025
http://publications.europa.eu/resource/cellar/af030d28-b3c4-11f0-b37f-01aa75ed71a1,http://publications.europa.eu/resource/cellar/f068a99e-705b-418f-bc37-2a435ae2c1a1,resource-type/PUB_GEN,2025-10-27,"Digitalisation, artificial intelligence and algorithmic management in the workplace : shaping the future of work : cost of non-Europe.",,2025
http://publications.europa.eu/resource/cellar/af030d28-b3c4-11f0-b37f-01aa75ed71a1,http://publications.europa.eu/resource/cellar/edc306d4-7c74-11e5-9fae-01aa75ed71a1,resource-type/PUB_GEN,2025-10-27,"Digitalisation, artificial intelligence and algorithmic management in the workplace : shaping the future of work : cost of non-Europe.",,2025
http://publications.europa.eu/resource/cellar/af030d28-b3c4-11f0-b37f-01aa75ed71a1,http://publications.europa.eu/resource/cellar/797bd8c1-95ed-11ec-b4e4-01aa75ed71a1,resource-type/PUB_GEN,2025-10-27,"Digitalisation, artificial intelligence and algorithmic management in the workplace : shaping the future of work : cost of non-Europe.",,2025
http://publications.europa.eu/resource/cellar/af030d28-b3c4-11f0-b37f-01aa75ed71a1,http://publications.europa.eu/resource/cellar/782adfb6-1745-11eb-b57e-01aa75ed71a1,resource-type/PUB_GEN,2025-10-27,"Digitalisation, artificial intelligence and algorithmic management in the workplace : shaping the future of work : cost of non-Europe.",,2025
http://publications.europa.eu/resource/cellar/af030d28-b3c4-11f0-b37f-01aa75ed71a1,http://publications.europa.eu/resource/cellar/151c6b88-47ed-11ef-aea6-01aa75ed71a1,resource-type/PUB_GEN,2025-10-27,"Digitalisation, artificial intelligence and algorithmic management in the workplace : shaping the future of work : cost of non-Europe.",,2025
http://publications.europa.eu/resource/cellar/af030d28-b3c4-11f0-b37f-01aa75ed71a1,http://publications.europa.eu/resource/cellar/3abb0732-91e1-11f0-97c8-01aa75ed71a1,resource-type/PUB_GEN,2025-10-27,"Digitalisation, artificial intelligence and algorithmic management in the workplace : shaping the future of work : cost of non-Europe.",,2025
http://publications.europa.eu/resource/cellar/af030d28-b3c4-11f0-b37f-01aa75ed71a1,http://publications.europa.eu/resource/cellar/ac585f86-b3c4-11f0-b37f-01aa75ed71a1,resource-type/PUB_GEN,2025-10-27,"Digitalisation, artificial intelligence and algorithmic management in the workplace : shaping the future of work : cost of non-Europe.",,2025
http://publications.europa.eu/resource/cellar/af030d28-b3c4-11f0-b37f-01aa75ed71a1,corporate-body/EP_RESEARCH,resource-type/STU,2025-10-27,"Digitalisation, artificial intelligence and algorithmic management in the workplace : shaping the future of work : cost of non-Europe.",Parliament,2025
http://publications.europa.eu/resource/cellar/af030d28-b3c4-11f0-b37f-01aa75ed71a1,http://publications.europa.eu/resource/cellar/87f88f78-12af-11e7-808e-01aa75ed71a1,resource-type/STU,2025-10-27,"Digitalisation, artificial intelligence and algorithmic management in the workplace : shaping the future of work : cost of non-Europe.",,2025
http://publications.europa.eu/resource/cellar/af030d28-b3c4-11f0-b37f-01aa75ed71a1,http://publications.europa.eu/resource/cellar/4eeed437-70c3-445f-884f-a9e44c0d4254,resource-type/STU,2025-10-27,"Digitalisation, artificial intelligence and algorithmic management in the workplace : shaping the future of work : cost of non-Europe.",,2025
http://publications.europa.eu/resource/cellar/af030d28-b3c4-11f0-b37f-01aa75ed71a1,http://publications.europa.eu/resource/cellar/fc5b2ab0-7947-11e5-86db-01aa75ed71a1,resource-type/STU,2025-10-27,"Digitalisation, artificial intelligence and algorithmic management in the workplace : shaping the future of work : cost of non-Europe.",,2025
http://publications.europa.eu/resource/cellar/af030d28-b3c4-11f0-b37f-01aa75ed71a1,http://publications.europa.eu/resource/cellar/f068a99e-705b-418f-bc37-2a435ae2c1a1,resource-type/STU,2025-10-27,"Digitalisation, artificial intelligence and algorithmic management in the workplace : shaping the future of work : cost of non-Europe.",,2025
http://publications.europa.eu/resource/cellar/af030d28-b3c4-11f0-b37f-01aa75ed71a1,http://publications.europa.eu/resource/cellar/edc306d4-7c74-11e5-9fae-01aa75ed71a1,resource-type/STU,2025-10-27,"Digitalisation, artificial intelligence and algorithmic management in the workplace : shaping the future of work : cost of non-Europe.",,2025
http://publications.europa.eu/resource/cellar/af030d28-b3c4-11f0-b37f-01aa75ed71a1,http://publications.europa.eu/resource/cellar/797bd8c1-95ed-11ec-b4e4-01aa75ed71a1,resource-type/STU,2025-10-27,"Digitalisation, artificial intelligence and algorithmic management in the workplace : shaping the future of work : cost of non-Europe.",,2025
http://publications.europa.eu/resource/cellar/af030d28-b3c4-11f0-b37f-01aa75ed71a1,http://publications.europa.eu/resource/cellar/782adfb6-1745-11eb-b57e-01aa75ed71a1,resource-type/STU,2025-10-27,"Digitalisation, artificial intelligence and algorithmic management in the workplace : shaping the future of work : cost of non-Europe.",,2025
http://publications.europa.eu/resource/cellar/af030d28-b3c4-11f0-b37f-01aa75ed71a1,http://publications.europa.eu/resource/cellar/151c6b88-47ed-11ef-aea6-01aa75ed71a1,resource-type/STU,2025-10-27,"Digitalisation, artificial intelligence and algorithmic management in the workplace : shaping the future of work : cost of non-Europe.",,2025
http://publications.europa.eu/resource/cellar/af030d28-b3c4-11f0-b37f-01aa75ed71a1,http://publications.europa.eu/resource/cellar/3abb0732-91e1-11f0-97c8-01aa75ed71a1,resource-type/STU,2025-10-27,"Digitalisation, artificial intelligence and algorithmic management in the workplace : shaping the future of work : cost of non-Europe.",,2025
http://publications.europa.eu/resource/cellar/af030d28-b3c4-11f0-b37f-01aa75ed71a1,http://publications.europa.eu/resource/cellar/ac585f86-b3c4-11f0-b37f-01aa75ed71a1,resource-type/STU,2025-10-27,"Digitalisation, artificial intelligence and algorithmic management in the workplace : shaping the future of work : cost of non-Europe.",,2025
http://publications.europa.eu/resource/cellar/d84a31cf-c356-11f0-a612-01aa75ed71a1,corporate-body/CONSIL,resource-type/DEC,2025-11-13,Council Decision (EU) 2025/2350 of 13 November 2025 on the position to be taken on behalf of the European Union within the Committee of Ministers of the Council of Europe on the Draft Recommendation on equality and artificial intelligence,Council,2025
http://publications.europa.eu/resource/cellar/da5175ba-df73-11f0-8439-01aa75ed71a1,corporate-body/RTD,resource-type/REPORT,2025-12-17,"The futures of artificial intelligence : implications for Europe’s R&I ecosystem. Part I, A taxonomy for artificial intelligence: technology trends, capabilities and applications",Commission,2025
http://publications.europa.eu/resource/cellar/da5175ba-df73-11f0-8439-01aa75ed71a1,http://publications.europa.eu/resource/cellar/008fb695-4ac2-11e9-a8ed-01aa75ed71a1,resource-type/REPORT,2025-12-17,"The futures of artificial intelligence : implications for Europe’s R&I ecosystem. Part I, A taxonomy for artificial intelligence: technology trends, capabilities and applications",,2025
http://publications.europa.eu/resource/cellar/da5175ba-df73-11f0-8439-01aa75ed71a1,http://publications.europa.eu/resource/cellar/9f28fe14-7359-11ec-9136-01aa75ed71a1,resource-type/REPORT,2025-12-17,"The futures of artificial intelligence : implications for Europe’s R&I ecosystem. Part I, A taxonomy for artificial intelligence: technology trends, capabilities and applications",,2025
http://publications.europa.eu/resource/cellar/da5175ba-df73-11f0-8439-01aa75ed71a1,http://publications.europa.eu/resource/cellar/d8546d36-df73-11f0-8439-01aa75ed71a1,resource-type/REPORT,2025-12-17,"The futures of artificial intelligence : implications for Europe’s R&I ecosystem. Part I, A taxonomy for artificial intelligence: technology trends, capabilities and applications",,2025
http://publications.europa.eu/resource/cellar/fb977d4a-df42-11f0-8439-01aa75ed71a1,corporate-body/ESRB,resource-type/PUB_GEN,2025-12-16,Artificial intelligence and systemic risk,,2025
http://publications.europa.eu/resource/cellar/fb977d4a-df42-11f0-8439-01aa75ed71a1,http://publications.europa.eu/resource/cellar/4742eea8-deaf-11e5-8fea-01aa75ed71a1,resource-type/PUB_GEN,2025-12-16,Artificial intelligence and systemic risk,,2025
http://publications.europa.eu/resource/cellar/fb977d4a-df42-11f0-8439-01aa75ed71a1,http://publications.europa.eu/resource/cellar/32004ae4-0e03-11e7-8a35-01aa75ed71a1,resource-type/PUB_GEN,2025-12-16,Artificial intelligence and systemic risk,,2025
http://publications.europa.eu/resource/cellar/fb977d4a-df42-11f0-8439-01aa75ed71a1,http://publications.europa.eu/resource/cellar/7a138e5f-92c4-11ec-b4e4-01aa75ed71a1,resource-type/PUB_GEN,2025-12-16,Artificial intelligence and systemic risk,,2025
http://publications.europa.eu/resource/cellar/fb977d4a-df42-11f0-8439-01aa75ed71a1,http://publications.europa.eu/resource/cellar/f9047656-df42-11f0-8439-01aa75ed71a1,resource-type/PUB_GEN,2025-12-16,Artificial intelligence and systemic risk,,2025
http://publications.europa.eu/resource/cellar/c8c51d1a-c572-11f0-8da2-01aa75ed71a1,corporate-body/COM,resource-type/PROP_REG,2025-11-19,Proposal for a REGULATION OF THE EUROPEAN PARLIAMENT AND OF THE COUNCIL amending Regulations (EU) 2024/1689 and (EU) 2018/1139 as regards the simplification of the implementation of harmonised rules on artificial intelligence (Digital Omnibus on AI),Commission,2025
http://publications.europa.eu/resource/cellar/c8c51d1a-c572-11f0-8da2-01aa75ed71a1,corporate-body/CNECT,resource-type/PROP_REG,2025-11-19,Proposal for a REGULATION OF THE EUROPEAN PARLIAMENT AND OF THE COUNCIL amending Regulations (EU) 2024/1689 and (EU) 2018/1139 as regards the simplification of the implementation of harmonised rules on artificial intelligence (Digital Omnibus on AI),Commission,2025
http://publications.europa.eu/resource/cellar/21ea0fab-c631-11f0-8da2-01aa75ed71a1,corporate-body/CONSIL,resource-type/PROP_ACT,2025-11-20,Proposal for a REGULATION OF THE EUROPEAN PARLIAMENT AND OF THE COUNCIL amending Regulations (EU) 2024/1689 and (EU) 2018/1139 as regards the simplification of the implementation of harmonised rules on artificial intelligence (Digital Omnibus on AI),Council,2025
http://publications.europa.eu/resource/cellar/7ae82b77-c570-11f0-8da2-01aa75ed71a1,corporate-body/COM,resource-type/SWD,2025-11-19,"COMMISSION STAFF WORKING DOCUMENT Accompanying the documents Proposal for a REGULATION OF THE EUROPEAN PARLIAMENT AND OF THE COUNCIL Amending Regulations (EU) 2016/679, (EU) 2018/1724, (EU) 2018/1725, (EU) 2023/2854 and Directives 2002/58/EC, (EU) 2022/2555 and (EU) 2022/2557 as regards the simplification of the digital legislative framework, and repealing Regulations (EU) 2018/1807, (EU) 2019/1150, (EU) 2022/868, and Directive (EU) 2019/1024 (Digital Omnibus) Amending Regulations (EU) 2024/1689 and (EU) 2018/1139 as regards the simplification of the implementation of harmonised rules on artificial intelligence (Digital Omnibus on AI)",Commission,2025
http://publications.europa.eu/resource/cellar/7ae82b77-c570-11f0-8da2-01aa75ed71a1,corporate-body/CNECT,resource-type/SWD,2025-11-19,"COMMISSION STAFF WORKING DOCUMENT Accompanying the documents Proposal for a REGULATION OF THE EUROPEAN PARLIAMENT AND OF THE COUNCIL Amending Regulations (EU) 2016/679, (EU) 2018/1724, (EU) 2018/1725, (EU) 2023/2854 and Directives 2002/58/EC, (EU) 2022/2555 and (EU) 2022/2557 as regards the simplification of the digital legislative framework, and repealing Regulations (EU) 2018/1807, (EU) 2019/1150, (EU) 2022/868, and Directive (EU) 2019/1024 (Digital Omnibus) Amending Regulations (EU) 2024/1689 and (EU) 2018/1139 as regards the simplification of the implementation of harmonised rules on artificial intelligence (Digital Omnibus on AI)",Commission,2025
http://publications.europa.eu/resource/cellar/3f7f2c72-c6b3-11f0-8da2-01aa75ed71a1,corporate-body/EP,resource-type/REPORT_DRAFT_EP_CMT,2022-04-20,"DRAFT REPORT - on the proposal for a regulation of the European Parliament and of the Council on harmonised rules on Artificial Intelligence (Artificial Intelligence Act) and amending certain Union Legislative Acts - (COM2021/0206 - C9-0146/2021 - 2021/0106(COD)) - Committee on the Internal Market and Consumer Protection - Committee on Civil Liberties, Justice and Home Affairs - Rapporteur: Brando Benifei, Ioan-Dragoş Tudorache",Parliament,2022
http://publications.europa.eu/resource/cellar/a4adcd11-c6b1-11f0-8da2-01aa75ed71a1,corporate-body/EP,resource-type/PLENARY_MINUTES_EP,2024-03-12,12. Artificial Intelligence Act ***I (debate),Parliament,2024
http://publications.europa.eu/resource/cellar/787d744c-ca74-11f0-8da2-01aa75ed71a1,http://publications.europa.eu/resource/cellar/6698d79b-f075-450e-ac0b-b3627abea03c,resource-type/STU,2025-11-24,Artificial intelligence for monitoring the application of EU law,,2025
http://publications.europa.eu/resource/cellar/787d744c-ca74-11f0-8da2-01aa75ed71a1,corporate-body/EP_DGIUST,resource-type/STU,2025-11-24,Artificial intelligence for monitoring the application of EU law,Parliament,2025
http://publications.europa.eu/resource/cellar/787d744c-ca74-11f0-8da2-01aa75ed71a1,http://publications.europa.eu/resource/cellar/72eeb986-ca74-11f0-8da2-01aa75ed71a1,resource-type/STU,2025-11-24,Artificial intelligence for monitoring the application of EU law,,2025
http://publications.europa.eu/resource/cellar/36418eac-f28a-11f0-8d3c-01aa75ed71a1,corporate-body/EMPL,resource-type/PUB_GEN,2026-01-15,The future employment impact of artificial intelligence and emerging digital technologies in Europe,Commission,2026
http://publications.europa.eu/resource/cellar/36418eac-f28a-11f0-8d3c-01aa75ed71a1,http://publications.europa.eu/resource/cellar/1971c38b-f28a-11f0-8d3c-01aa75ed71a1,resource-type/PUB_GEN,2026-01-15,The future employment impact of artificial intelligence and emerging digital technologies in Europe,,2026
http://publications.europa.eu/resource/cellar/57afb36b-0244-11f1-825d-01aa75ed71a1,corporate-body/EBA,resource-type/FACTSHEET,2026-02-03,Online financial frauds and scams in an artificial intelligence world stay : alert and protect yourself : Cyprus,,2026
http://publications.europa.eu/resource/cellar/57afb36b-0244-11f1-825d-01aa75ed71a1,corporate-body/ESMA,resource-type/FACTSHEET,2026-02-03,Online financial frauds and scams in an artificial intelligence world stay : alert and protect yourself : Cyprus,,2026
http://publications.europa.eu/resource/cellar/57afb36b-0244-11f1-825d-01aa75ed71a1,corporate-body/EIOPA,resource-type/FACTSHEET,2026-02-03,Online financial frauds and scams in an artificial intelligence world stay : alert and protect yourself : Cyprus,,2026
http://publications.europa.eu/resource/cellar/c3a18856-f289-11f0-8d3c-01aa75ed71a1,corporate-body/EMPL,resource-type/PUB_GEN,2026-01-15,The future employment impact of artificial intelligence and emerging digital technologies in Europe,Commission,2026
http://publications.europa.eu/resource/cellar/e23617b5-da2b-11f0-8da2-01aa75ed71a1,corporate-body/JRC,resource-type/STU,2025-12-11,Generative artificial intelligence in secondary education uses and perceptions from the perspective of early adopters across five EU Member States,Commission,2025
http://publications.europa.eu/resource/cellar/e23617b5-da2b-11f0-8da2-01aa75ed71a1,http://publications.europa.eu/resource/cellar/ca4cd48c-7b3f-4956-a2ef-0dca7e7bfaba,resource-type/STU,2025-12-11,Generative artificial intelligence in secondary education uses and perceptions from the perspective of early adopters across five EU Member States,,2025
http://publications.europa.eu/resource/cellar/e23617b5-da2b-11f0-8da2-01aa75ed71a1,http://publications.europa.eu/resource/cellar/09819058-76dd-11ee-99ba-01aa75ed71a1,resource-type/STU,2025-12-11,Generative artificial intelligence in secondary education uses and perceptions from the perspective of early adopters across five EU Member States,,2025
http://publications.europa.eu/resource/cellar/e23617b5-da2b-11f0-8da2-01aa75ed71a1,http://publications.europa.eu/resource/cellar/9d9d1684-477c-11f0-85ba-01aa75ed71a1,resource-type/STU,2025-12-11,Generative artificial intelligence in secondary education uses and perceptions from the perspective of early adopters across five EU Member States,,2025
http://publications.europa.eu/resource/cellar/e23617b5-da2b-11f0-8da2-01aa75ed71a1,http://publications.europa.eu/resource/cellar/dff26943-da2b-11f0-8da2-01aa75ed71a1,resource-type/STU,2025-12-11,Generative artificial intelligence in secondary education uses and perceptions from the perspective of early adopters across five EU Member States,,2025
http://publications.europa.eu/resource/cellar/e23617b5-da2b-11f0-8da2-01aa75ed71a1,http://publications.europa.eu/resource/cellar/d9105377-da2b-11f0-8da2-01aa75ed71a1,resource-type/STU,2025-12-11,Generative artificial intelligence in secondary education uses and perceptions from the perspective of early adopters across five EU Member States,,2025
http://publications.europa.eu/resource/cellar/e23617b5-da2b-11f0-8da2-01aa75ed71a1,http://publications.europa.eu/resource/cellar/db01c33d-da2b-11f0-8da2-01aa75ed71a1,resource-type/STU,2025-12-11,Generative artificial intelligence in secondary education uses and perceptions from the perspective of early adopters across five EU Member States,,2025
http://publications.europa.eu/resource/cellar/e23617b5-da2b-11f0-8da2-01aa75ed71a1,http://publications.europa.eu/resource/cellar/dcdc4fa0-da2b-11f0-8da2-01aa75ed71a1,resource-type/STU,2025-12-11,Generative artificial intelligence in secondary education uses and perceptions from the perspective of early adopters across five EU Member States,,2025
http://publications.europa.eu/resource/cellar/d1a1620f-f64b-11f0-b9bc-01aa75ed71a1,corporate-body/OP_DATPRO,resource-type/CONS_TEXT,2025-12-11,Council Decision (CFSP) 2022/2269 of 18 November 2022 on Union support for the implementation of a project Promoting Responsible Innovation in Artificial Intelligence for Peace and Security,,2025
http://publications.europa.eu/resource/cellar/a8ea41be-f64b-11f0-b9bc-01aa75ed71a1,corporate-body/OP_DATPRO,resource-type/CONS_TEXT,2025-12-11,Council Decision (CFSP) 2022/2269 of 18 November 2022 on Union support for the implementation of a project Promoting Responsible Innovation in Artificial Intelligence for Peace and Security,,2025
http://publications.europa.eu/resource/cellar/85c7a130-08c8-11f1-8870-01aa75ed71a1,corporate-body/EP,resource-type/AMEND_LIST_EP,2026-02-12,Proposal for a Regulation of the European Parliament and of the Council amending Regulations (EU) 2024/1689 and (EU) 2018/1139 as regards the simplification of the implementation of harmonised rules on artificial intelligence (Digital Omnibus on AI),Parliament,2026
http://publications.europa.eu/resource/cellar/2a45e3e4-0179-11f1-825d-01aa75ed71a1,corporate-body/EBA,resource-type/FACTSHEET,2026-02-03,Online financial frauds and scams in an artificial intelligence world : stay alert and protect yourself : Finland,,2026
http://publications.europa.eu/resource/cellar/2a45e3e4-0179-11f1-825d-01aa75ed71a1,corporate-body/ESMA,resource-type/FACTSHEET,2026-02-03,Online financial frauds and scams in an artificial intelligence world : stay alert and protect yourself : Finland,,2026
http://publications.europa.eu/resource/cellar/2a45e3e4-0179-11f1-825d-01aa75ed71a1,corporate-body/EIOPA,resource-type/FACTSHEET,2026-02-03,Online financial frauds and scams in an artificial intelligence world : stay alert and protect yourself : Finland,,2026
http://publications.europa.eu/resource/cellar/aba793c9-0598-11f1-825d-01aa75ed71a1,corporate-body/EP,resource-type/REPORT_DRAFT_EP_CMT,2026-02-05,"DRAFT REPORT - on the proposal for a regulation of the European Parliament and of the Council amending Regulations (EU) 2024/1689 and (EU) 2018/1139 as regards the simplification of the implementation of harmonised rules on artificial intelligence (Digital Omnibus on AI) - (COM(2025)0836 - C10-0304/2025 - 2025/0359(COD)) - Committee on the Internal Market and Consumer Protection - Committee on Civil Liberties, Justice and Home Affairs - (Joint committee procedure - Rule 59 of the Rules of Procedure) - Rapporteurs: Arba Kokalari, Michael McNamara",Parliament,2026
http://publications.europa.eu/resource/cellar/207a5706-03d2-11f1-825d-01aa75ed71a1,corporate-body/EBA,resource-type/FACTSHEET,2026-02-03,Online financial frauds and scams in an artificial intelligence world : stay alert and protect yourself : Luxembourg,,2026
http://publications.europa.eu/resource/cellar/207a5706-03d2-11f1-825d-01aa75ed71a1,corporate-body/ESMA,resource-type/FACTSHEET,2026-02-03,Online financial frauds and scams in an artificial intelligence world : stay alert and protect yourself : Luxembourg,,2026
http://publications.europa.eu/resource/cellar/207a5706-03d2-11f1-825d-01aa75ed71a1,corporate-body/EIOPA,resource-type/FACTSHEET,2026-02-03,Online financial frauds and scams in an artificial intelligence world : stay alert and protect yourself : Luxembourg,,2026
http://publications.europa.eu/resource/cellar/3b613de7-03d2-11f1-825d-01aa75ed71a1,corporate-body/EBA,resource-type/FACTSHEET,2026-02-03,Online financial frauds and scams in an artificial intelligence world : stay alert and protect yourself : Malta,,2026
http://publications.europa.eu/resource/cellar/3b613de7-03d2-11f1-825d-01aa75ed71a1,corporate-body/ESMA,resource-type/FACTSHEET,2026-02-03,Online financial frauds and scams in an artificial intelligence world : stay alert and protect yourself : Malta,,2026
http://publications.europa.eu/resource/cellar/3b613de7-03d2-11f1-825d-01aa75ed71a1,corporate-body/EIOPA,resource-type/FACTSHEET,2026-02-03,Online financial frauds and scams in an artificial intelligence world : stay alert and protect yourself : Malta,,2026
http://publications.europa.eu/resource/cellar/eca30213-03d1-11f1-825d-01aa75ed71a1,corporate-body/EBA,resource-type/FACTSHEET,2026-02-03,Online financial frauds and scams in an artificial intelligence world : stay alert and protect yourself : Denmark,,2026
http://publications.europa.eu/resource/cellar/eca30213-03d1-11f1-825d-01aa75ed71a1,corporate-body/ESMA,resource-type/FACTSHEET,2026-02-03,Online financial frauds and scams in an artificial intelligence world : stay alert and protect yourself : Denmark,,2026
http://publications.europa.eu/resource/cellar/eca30213-03d1-11f1-825d-01aa75ed71a1,corporate-body/EIOPA,resource-type/FACTSHEET,2026-02-03,Online financial frauds and scams in an artificial intelligence world : stay alert and protect yourself : Denmark,,2026
http://publications.europa.eu/resource/cellar/cd7293d7-0d7c-11f1-8870-01aa75ed71a1,corporate-body/EP,resource-type/AMEND_LIST_EP,2026-02-14," - AMENDMENTS - 25 - 170 - Draft report - Arba Kokalari, Michael McNamara - (PE782.530v01-00) - Proposal for a Regulation of the European Parliament and of the Council amending Regulations (EU) 2024/1689 and (EU) 2018/1139 as regards the simplification of the implementation of harmonised rules on artificial intelligence (Digital Omnibus on AI)  - Proposal for a regulation - (COM(2025)0836 - C10-0304/2025 - 2025/0359(COD))",Parliament,2026
http://publications.europa.eu/resource/cellar/1caa4b98-0244-11f1-825d-01aa75ed71a1,corporate-body/EBA,resource-type/FACTSHEET,2026-02-03,Online financial frauds and scams in an artificial intelligence world : stay alert and protect yourself : Liechtenstein,,2026
http://publications.europa.eu/resource/cellar/1caa4b98-0244-11f1-825d-01aa75ed71a1,corporate-body/ESMA,resource-type/FACTSHEET,2026-02-03,Online financial frauds and scams in an artificial intelligence world : stay alert and protect yourself : Liechtenstein,,2026
http://publications.europa.eu/resource/cellar/1caa4b98-0244-11f1-825d-01aa75ed71a1,corporate-body/EIOPA,resource-type/FACTSHEET,2026-02-03,Online financial frauds and scams in an artificial intelligence world : stay alert and protect yourself : Liechtenstein,,2026
http://publications.europa.eu/resource/cellar/019d21c9-11af-11f1-8870-01aa75ed71a1,corporate-body/CONSIL,resource-type/NOTE_COVER,2026-02-24,Proposal for a REGULATION OF THE EUROPEAN PARLIAMENT AND OF THE COUNCIL amending Regulations (EU) 2024/1689 and (EU) 2018/1139 as regards the simplification of the implementation of harmonised rules on artificial intelligence (Digital Omnibus on AI) [15708/25 - COM(2025)836] - Opinion on the application of the Principles of Subsidiarity and Proportionality,Council,2026
http://publications.europa.eu/resource/cellar/ad0e5755-0d7c-11f1-8870-01aa75ed71a1,corporate-body/EP,resource-type/AMEND_LIST_EP,2026-02-14," - AMENDMENTS - 318 - 450 - Draft report - Arba Kokalari, Michael McNamara - (PE782.530v01-00) - Proposal for a Regulation of the European Parliament and of the Council amending Regulations (EU) 2024/1689 and (EU) 2018/1139 as regards the simplification of the implementation of harmonised rules on artificial intelligence (Digital Omnibus on AI)  - Proposal for a regulation - (COM(2025)0836 - C10-0304/2025 - 2025/0359(COD))",Parliament,2026
http://publications.europa.eu/resource/cellar/bb635126-0d7c-11f1-8870-01aa75ed71a1,corporate-body/EP,resource-type/AMEND_LIST_EP,2026-02-14," - AMENDMENTS - 171 - 317 - Draft report - Arba Kokalari, Michael McNamara - (PE782.530v01-00) - Proposal for a Regulation of the European Parliament and of the Council amending Regulations (EU) 2024/1689 and (EU) 2018/1139 as regards the simplification of the implementation of harmonised rules on artificial intelligence (Digital Omnibus on AI) - Proposal for a regulation - (COM(2025)0836 - C10-0304/2025 - 2025/0359(COD))",Parliament,2026
http://publications.europa.eu/resource/cellar/f692aa0b-17a7-11f1-8870-01aa75ed71a1,corporate-body/EAC,resource-type/EDUCATIONAL,2026-06-12,Guidelines on the ethical use of artificial intelligence and data in teaching and learning for educators : updated,Commission,2026
http://publications.europa.eu/resource/cellar/0d017b78-1658-11f1-8870-01aa75ed71a1,corporate-body/EP,resource-type/OPIN_EP_CMT,2026-02-26,"OPINION - of the Committee on Legal Affairs - for the Committee on the Internal Market and Consumer Protection and the Committee on Civil Liberties, Justice and Home Affairs - on the proposal for a regulation of the European Parliament and of the Council amending Regulations (EU) 2024/1689 and (EU) 2018/1139 as regards the simplification of the implementation of harmonised rules on artificial intelligence (Digital Omnibus on AI) - (COM(2025)0836 - C10-0304/2025 - 2025/0359(COD)) - Rapporteur for opinion: Sergey Lagodinsky",Parliament,2026
http://publications.europa.eu/resource/cellar/60a718c2-16ae-11f1-8870-01aa75ed71a1,http://publications.europa.eu/resource/cellar/f6a11251-fd7b-42a6-9fad-e7946a49eb27,resource-type/STU,2026-03-02,ERC frontier research for artificial intelligence in healt : from disease prevention to diagnosis and treatment,,2026
http://publications.europa.eu/resource/cellar/60a718c2-16ae-11f1-8870-01aa75ed71a1,corporate-body/ERC,resource-type/STU,2026-03-02,ERC frontier research for artificial intelligence in healt : from disease prevention to diagnosis and treatment,,2026
http://publications.europa.eu/resource/cellar/60a718c2-16ae-11f1-8870-01aa75ed71a1,http://publications.europa.eu/resource/cellar/3c077c7a-16ae-11f1-8870-01aa75ed71a1,resource-type/STU,2026-03-02,ERC frontier research for artificial intelligence in healt : from disease prevention to diagnosis and treatment,,2026
http://publications.europa.eu/resource/cellar/60a718c2-16ae-11f1-8870-01aa75ed71a1,http://publications.europa.eu/resource/cellar/4168496b-16ae-11f1-8870-01aa75ed71a1,resource-type/STU,2026-03-02,ERC frontier research for artificial intelligence in healt : from disease prevention to diagnosis and treatment,,2026
http://publications.europa.eu/resource/cellar/60a718c2-16ae-11f1-8870-01aa75ed71a1,http://publications.europa.eu/resource/cellar/47308abd-16ae-11f1-8870-01aa75ed71a1,resource-type/STU,2026-03-02,ERC frontier research for artificial intelligence in healt : from disease prevention to diagnosis and treatment,,2026
http://publications.europa.eu/resource/cellar/60a718c2-16ae-11f1-8870-01aa75ed71a1,http://publications.europa.eu/resource/cellar/4ce480be-16ae-11f1-8870-01aa75ed71a1,resource-type/STU,2026-03-02,ERC frontier research for artificial intelligence in healt : from disease prevention to diagnosis and treatment,,2026
http://publications.europa.eu/resource/cellar/60a718c2-16ae-11f1-8870-01aa75ed71a1,http://publications.europa.eu/resource/cellar/541f64df-16ae-11f1-8870-01aa75ed71a1,resource-type/STU,2026-03-02,ERC frontier research for artificial intelligence in healt : from disease prevention to diagnosis and treatment,,2026
http://publications.europa.eu/resource/cellar/60a718c2-16ae-11f1-8870-01aa75ed71a1,http://publications.europa.eu/resource/cellar/5a625471-16ae-11f1-8870-01aa75ed71a1,resource-type/STU,2026-03-02,ERC frontier research for artificial intelligence in healt : from disease prevention to diagnosis and treatment,,2026
http://publications.europa.eu/resource/cellar/fc956bb6-16ad-11f1-8870-01aa75ed71a1,corporate-body/LISA,resource-type/PROCEED,2026-03-02,"Artificial Intelligence : EU justice and home affairs in the age of AI : fostering innovations and mitigating risks : eu-LISA Industry Roundtable, 12-13 November 2024, Budapest, Hungary",,2026
http://publications.europa.eu/resource/cellar/c92c0ed0-2228-11f1-8c3a-01aa75ed71a1,corporate-body/CONSIL,resource-type/NOTE_COVER,2026-03-17,Proposal for a REGULATION OF THE EUROPEAN PARLIAMENT AND OF THE COUNCIL amending Regulations (EU) 2024/1689 and (EU) 2018/1139 as regards the simplification of the implementation of harmonised rules on artificial intelligence (Digital Omnibus on AI) [15708/25 - 2025/0359 (COD)] - European Central Bank/ ECB Opinion,Council,2026
http://publications.europa.eu/resource/cellar/29040769-1d38-11f1-8c3a-01aa75ed71a1,corporate-body/CONSIL,resource-type/NOTE,2026-01-28,Proposal for a Directive on combating sexual abuse and sexual exploitation of children and child sexual aubse material (recast) – Additional information on artificial intelligence systems (provided by the European Parliament),Council,2026
http://publications.europa.eu/resource/cellar/43ea2afa-1d38-11f1-8c3a-01aa75ed71a1,corporate-body/CONSIL,resource-type/NOTE,2026-01-26,Proposal for a Directive on combating sexual abuse and sexual exploitation of children and child sexual aubse material (recast) – Additional information on artificial intelligence systems (provided by the European Parliament),Council,2026
http://publications.europa.eu/resource/cellar/edc54cc2-1eff-11f1-8c3a-01aa75ed71a1,corporate-body/CONSIL,resource-type/NOTE,2026-03-13,Proposal for a REGULATION OF THE EUROPEAN PARLIAMENT AND OF THE COUNCIL amending Regulations (EU) 2024/1689 and (EU) 2018/1139 as regards the simplification of the implementation of harmonised rules on artificial intelligence (Digital Omnibus on AI) - Mandate for negotiations with the European Parliament,Council,2026
http://publications.europa.eu/resource/cellar/42a122d6-1a23-11f1-9769-01aa75ed71a1,corporate-body/EP,resource-type/ADOPT_TEXT,2024-04-24,European Parliament legislative resolution of 24 April 2024 on the proposal for a Council regulation amending Regulation (EU) 2021/1173 as regards an EuroHPC initiative for start-ups to boost European leadership in trustworthy Artificial Intelligence (COM(2024)0029 – C9-0013/2024 – 2024/0016(CNS)),Parliament,2024
http://publications.europa.eu/resource/cellar/6fae7de9-1a23-11f1-9769-01aa75ed71a1,corporate-body/EP,resource-type/REPORT,2024-03-25,"REPORT on the proposal for a Council regulation amending Regulation (EU) 2021/1173 as regards an EuroHPC initiative for start-ups to boost European leadership in trustworthy Artificial Intelligence (COM(2024)0029 - C9-0013/2024 - 2024/0016(CNS)) Committee on Industry, Research and Energy Rapporteur: Maria da Graça Carvalho",Parliament,2024
http://publications.europa.eu/resource/cellar/6fae7de9-1a23-11f1-9769-01aa75ed71a1,corporate-body/EP_ITRE,resource-type/REPORT,2024-03-25,"REPORT on the proposal for a Council regulation amending Regulation (EU) 2021/1173 as regards an EuroHPC initiative for start-ups to boost European leadership in trustworthy Artificial Intelligence (COM(2024)0029 - C9-0013/2024 - 2024/0016(CNS)) Committee on Industry, Research and Energy Rapporteur: Maria da Graça Carvalho",Parliament,2024
http://publications.europa.eu/resource/cellar/5dea4b99-984f-11f1-9262-01aa75ed71a1,corporate-body/JRC,resource-type/PUB_GEN,2026-08-14,"Artificial intelligence for biology : capabilities, readiness, and policy implications",Commission,2026
http://publications.europa.eu/resource/cellar/5dea4b99-984f-11f1-9262-01aa75ed71a1,http://publications.europa.eu/resource/cellar/82c73d85-c0f0-4e33-9fb1-9422aaed7088,resource-type/PUB_GEN,2026-08-14,"Artificial intelligence for biology : capabilities, readiness, and policy implications",,2026
http://publications.europa.eu/resource/cellar/5dea4b99-984f-11f1-9262-01aa75ed71a1,http://publications.europa.eu/resource/cellar/aaa6a993-7274-11e5-9317-01aa75ed71a1,resource-type/PUB_GEN,2026-08-14,"Artificial intelligence for biology : capabilities, readiness, and policy implications",,2026
http://publications.europa.eu/resource/cellar/5dea4b99-984f-11f1-9262-01aa75ed71a1,http://publications.europa.eu/resource/cellar/4b3957b9-f684-408a-850d-b413ccad7e16,resource-type/PUB_GEN,2026-08-14,"Artificial intelligence for biology : capabilities, readiness, and policy implications",,2026
http://publications.europa.eu/resource/cellar/5dea4b99-984f-11f1-9262-01aa75ed71a1,http://publications.europa.eu/resource/cellar/402aec4d-9179-4650-a443-ccafb3a1575d,resource-type/PUB_GEN,2026-08-14,"Artificial intelligence for biology : capabilities, readiness, and policy implications",,2026
http://publications.europa.eu/resource/cellar/5dea4b99-984f-11f1-9262-01aa75ed71a1,http://publications.europa.eu/resource/cellar/53548dd9-3756-11ef-b441-01aa75ed71a1,resource-type/PUB_GEN,2026-08-14,"Artificial intelligence for biology : capabilities, readiness, and policy implications",,2026
http://publications.europa.eu/resource/cellar/5dea4b99-984f-11f1-9262-01aa75ed71a1,http://publications.europa.eu/resource/cellar/2e39d8c2-7632-11ef-bbbe-01aa75ed71a1,resource-type/PUB_GEN,2026-08-14,"Artificial intelligence for biology : capabilities, readiness, and policy implications",,2026
http://publications.europa.eu/resource/cellar/5dea4b99-984f-11f1-9262-01aa75ed71a1,http://publications.europa.eu/resource/cellar/68a58568-477c-11f0-85ba-01aa75ed71a1,resource-type/PUB_GEN,2026-08-14,"Artificial intelligence for biology : capabilities, readiness, and policy implications",,2026
http://publications.europa.eu/resource/cellar/5dea4b99-984f-11f1-9262-01aa75ed71a1,http://publications.europa.eu/resource/cellar/707c0d4a-477c-11f0-85ba-01aa75ed71a1,resource-type/PUB_GEN,2026-08-14,"Artificial intelligence for biology : capabilities, readiness, and policy implications",,2026
http://publications.europa.eu/resource/cellar/5dea4b99-984f-11f1-9262-01aa75ed71a1,http://publications.europa.eu/resource/cellar/4c45b194-984f-11f1-9262-01aa75ed71a1,resource-type/PUB_GEN,2026-08-14,"Artificial intelligence for biology : capabilities, readiness, and policy implications",,2026
http://publications.europa.eu/resource/cellar/5dea4b99-984f-11f1-9262-01aa75ed71a1,http://publications.europa.eu/resource/cellar/519121c6-984f-11f1-9262-01aa75ed71a1,resource-type/PUB_GEN,2026-08-14,"Artificial intelligence for biology : capabilities, readiness, and policy implications",,2026
http://publications.europa.eu/resource/cellar/5dea4b99-984f-11f1-9262-01aa75ed71a1,http://publications.europa.eu/resource/cellar/5763c357-984f-11f1-9262-01aa75ed71a1,resource-type/PUB_GEN,2026-08-14,"Artificial intelligence for biology : capabilities, readiness, and policy implications",,2026
http://publications.europa.eu/resource/cellar/5dea4b99-984f-11f1-9262-01aa75ed71a1,http://publications.europa.eu/resource/cellar/5baeda88-984f-11f1-9262-01aa75ed71a1,resource-type/PUB_GEN,2026-08-14,"Artificial intelligence for biology : capabilities, readiness, and policy implications",,2026
http://publications.europa.eu/resource/cellar/5dea4b99-984f-11f1-9262-01aa75ed71a1,http://publications.europa.eu/resource/cellar/cce4d5cf-8fa9-11f1-9262-01aa75ed71a1,resource-type/PUB_GEN,2026-08-14,"Artificial intelligence for biology : capabilities, readiness, and policy implications",,2026
http://publications.europa.eu/resource/cellar/5dea4b99-984f-11f1-9262-01aa75ed71a1,http://publications.europa.eu/resource/cellar/bcf277c6-32f1-11f1-be39-01aa75ed71a1,resource-type/PUB_GEN,2026-08-14,"Artificial intelligence for biology : capabilities, readiness, and policy implications",,2026
http://publications.europa.eu/resource/cellar/44f3a665-1f96-11f1-8c3a-01aa75ed71a1,corporate-body/EP,resource-type/ADOPT_TEXT,2026-03-11,"European Parliament legislative resolution of 11 March 2026 on the draft Council decision on the conclusion, on behalf of the European Union, of the Council of Europe Framework Convention on Artificial Intelligence and Human Rights, Democracy and the Rule of Law (11361/2025– C10-0183/2025 – 2025/0136(NLE))",Parliament,2026
http://publications.europa.eu/resource/cellar/66016957-1f96-11f1-8c3a-01aa75ed71a1,corporate-body/EP,resource-type/REPORT,2026-02-02,"RECOMMENDATION on the draft Council decision on the conclusion, on behalf of the European Union, of the Council of Europe Framework Convention on Artificial Intelligence and Human Rights, Democracy and the Rule of Law (11361/2025- C10-0183/2025 - 2025/0136(NLE)) Committee on the Internal Market and Consumer Protection Committee on Civil Liberties, Justice and Home Affairs Co-Rapporteurs: José Cepeda, Paulo Cunha",Parliament,2026
http://publications.europa.eu/resource/cellar/66016957-1f96-11f1-8c3a-01aa75ed71a1,corporate-body/EP_IMCO,resource-type/REPORT,2026-02-02,"RECOMMENDATION on the draft Council decision on the conclusion, on behalf of the European Union, of the Council of Europe Framework Convention on Artificial Intelligence and Human Rights, Democracy and the Rule of Law (11361/2025- C10-0183/2025 - 2025/0136(NLE)) Committee on the Internal Market and Consumer Protection Committee on Civil Liberties, Justice and Home Affairs Co-Rapporteurs: José Cepeda, Paulo Cunha",Parliament,2026
http://publications.europa.eu/resource/cellar/66016957-1f96-11f1-8c3a-01aa75ed71a1,corporate-body/EP_LIBE,resource-type/REPORT,2026-02-02,"RECOMMENDATION on the draft Council decision on the conclusion, on behalf of the European Union, of the Council of Europe Framework Convention on Artificial Intelligence and Human Rights, Democracy and the Rule of Law (11361/2025- C10-0183/2025 - 2025/0136(NLE)) Committee on the Internal Market and Consumer Protection Committee on Civil Liberties, Justice and Home Affairs Co-Rapporteurs: José Cepeda, Paulo Cunha",Parliament,2026
http://publications.europa.eu/resource/cellar/41c8182a-27f1-11f1-a7dd-01aa75ed71a1,corporate-body/EP,resource-type/AMEND_LIST_EP,2026-03-25,"Amendment 001-083 - Arba Kokalari, Michael McNamara - Report A10-0073/2026 - Simplification of the implementation of harmonised rules on artificial intelligence (Digital Omnibus on AI)",Parliament,2026
http://publications.europa.eu/resource/cellar/b5ce7ac8-6dfc-11f1-ae88-01aa75ed71a1,corporate-body/CONSIL,resource-type/ACT_LEGIS,2026-05-12,"REGULATION OF THE EUROPEAN PARLIAMENT AND OF THE COUNCIL amending Regulations (EU) 2024/1689, (EU) 2018/1139 and (EU) 2023/1230 as regards the simplification of the implementation of harmonised rules on artificial intelligence (Digital Omnibus on AI)",Council,2026
http://publications.europa.eu/resource/cellar/10220a8a-6fa1-11f1-ae88-01aa75ed71a1,corporate-body/CONSIL,resource-type/ITEM_IA_NOTE,2026-06-22,"Draft REGULATION OF THE EUROPEAN PARLIAMENT AND OF THE COUNCIL amending Regulations (EU) 2024/1689, (EU) 2018/1139 and (EU) 2023/1230 as regards the simplification of the implementation of harmonised rules on artificial intelligence (Digital Omnibus on AI) (first reading) - Adoption of the legislative act",Council,2026
http://publications.europa.eu/resource/cellar/e69a1045-6fa1-11f1-ae88-01aa75ed71a1,corporate-body/CONSIL,resource-type/ITEM_IA_NOTE,2026-06-22,"Draft REGULATION OF THE EUROPEAN PARLIAMENT AND OF THE COUNCIL amending Regulations (EU) 2024/1689, (EU) 2018/1139 and (EU) 2023/1230 as regards the simplification of the implementation of harmonised rules on artificial intelligence (Digital Omnibus on AI) (first reading) - Adoption of the legislative act - Statements",Council,2026
http://publications.europa.eu/resource/cellar/d0eb4417-2540-11f1-a7dd-01aa75ed71a1,corporate-body/EP,resource-type/OPIN_LETTER_EP_CMT,2026-03-18,Opinion on Amending Regulations (EU) 2024/1689 and (EU) 2018/1139 as regards the simplification of the implementation of harmonised rules on artificial intelligence (Digital Omnibus on AI) (COM(2025)0836 - C10-0304/2025- 2025/0359(COD)),Parliament,2026
http://publications.europa.eu/resource/cellar/f7f5a958-2541-11f1-a7dd-01aa75ed71a1,corporate-body/EP,resource-type/REPORT_EP,2026-03-19,"REPORT - on the proposal for a regulation of the European Parliament and of the Council amending Regulations (EU) 2024/1689 and (EU) 2018/1139 as regards the simplification of the implementation of harmonised rules on artificial intelligence (Digital Omnibus on AI) - (COM(2025)0836 - C10-0304/2025 - 2025/0359(COD)) - Committee on the Internal Market and Consumer Protection - Committee on Civil Liberties, Justice and Home Affairs - (Joint committee procedure - Rule 59 of the Rules of Procedure) - Rapporteurs: Arba Kokalari, Michael McNamara",Parliament,2026
http://publications.europa.eu/resource/cellar/ae4cf081-8f1c-11f1-9262-01aa75ed71a1,corporate-body/OP_DATPRO,resource-type/CONS_TEXT,2026-07-27,"Regulation (EU) 2024/1689 of the European Parliament and of the Council of 13 June 2024 laying down harmonised rules on artificial intelligence and amending Regulations (EC) No 300/2008, (EU) No 167/2013, (EU) No 168/2013, (EU) 2018/858, (EU) 2018/1139 and (EU) 2019/2144 and Directives 2014/90/EU, (EU) 2016/797 and (EU) 2020/1828 (Artificial Intelligence Act) (Text with EEA relevance)",,2026
http://publications.europa.eu/resource/cellar/b1730fb2-8f1c-11f1-9262-01aa75ed71a1,corporate-body/OP_DATPRO,resource-type/CONS_TEXT,2026-07-27,"Regulation (EU) 2024/1689 of the European Parliament and of the Council of 13 June 2024 laying down harmonised rules on artificial intelligence and amending Regulations (EC) No 300/2008, (EU) No 167/2013, (EU) No 168/2013, (EU) 2018/858, (EU) 2018/1139 and (EU) 2019/2144 and Directives 2014/90/EU, (EU) 2016/797 and (EU) 2020/1828 (Artificial Intelligence Act) (Text with EEA relevance)",,2026
http://publications.europa.eu/resource/cellar/d6eaaab7-3f76-11f1-8095-01aa75ed71a1,corporate-body/EP,resource-type/OWNINI_RES,2025-11-25,P10_TA(2025)0286 – Impact of artificial intelligence on the financial sector – European Parliament resolution of 25 November 2025 on the impact of artificial intelligence on the financial sector (2025/2056(INI)),Parliament,2025
http://publications.europa.eu/resource/cellar/d6eaaab7-3f76-11f1-8095-01aa75ed71a1,corporate-body/EP_ECON,resource-type/OWNINI_RES,2025-11-25,P10_TA(2025)0286 – Impact of artificial intelligence on the financial sector – European Parliament resolution of 25 November 2025 on the impact of artificial intelligence on the financial sector (2025/2056(INI)),Parliament,2025
http://publications.europa.eu/resource/cellar/b7875ebe-443a-11f1-8095-01aa75ed71a1,corporate-body/RTD,resource-type/REPORT,2026-04-29,The impact of the artificial intelligence on our societies,Commission,2026
http://publications.europa.eu/resource/cellar/0269e2d1-479c-11f1-8095-01aa75ed71a1,corporate-body/CONSIL,resource-type/NOTE,2026-04-30,Proposal for a REGULATION OF THE EUROPEAN PARLIAMENT AND OF THE COUNCIL amending Regulations (EU) 2024/1689 and (EU) 2018/1139 as regards the simplification of the implementation of harmonised rules on artificial intelligence (Digital Omnibus on AI) - Preparation for the trilogue,Council,2026
http://publications.europa.eu/resource/cellar/2d1b83a4-482a-11f1-8095-01aa75ed71a1,corporate-body/RTD,resource-type/REPORT,2026-05-04,"The futures of artificial intelligence : implications for Europe's R&I ecosystem. Part 2, Mapping the current state of adoption in the European industrial landscape",Commission,2026
http://publications.europa.eu/resource/cellar/2d1b83a4-482a-11f1-8095-01aa75ed71a1,http://publications.europa.eu/resource/cellar/a18a2789-af7d-11ea-bb7a-01aa75ed71a1,resource-type/REPORT,2026-05-04,"The futures of artificial intelligence : implications for Europe's R&I ecosystem. Part 2, Mapping the current state of adoption in the European industrial landscape",,2026
http://publications.europa.eu/resource/cellar/2d1b83a4-482a-11f1-8095-01aa75ed71a1,http://publications.europa.eu/resource/cellar/bbd76e09-343a-11ef-b441-01aa75ed71a1,resource-type/REPORT,2026-05-04,"The futures of artificial intelligence : implications for Europe's R&I ecosystem. Part 2, Mapping the current state of adoption in the European industrial landscape",,2026
http://publications.europa.eu/resource/cellar/2d1b83a4-482a-11f1-8095-01aa75ed71a1,http://publications.europa.eu/resource/cellar/2c0c5d93-482a-11f1-8095-01aa75ed71a1,resource-type/REPORT,2026-05-04,"The futures of artificial intelligence : implications for Europe's R&I ecosystem. Part 2, Mapping the current state of adoption in the European industrial landscape",,2026
http://publications.europa.eu/resource/cellar/3c2e9d55-482a-11f1-8095-01aa75ed71a1,corporate-body/RTD,resource-type/REPORT,2026-05-04,"The futures of artificial intelligence : implications for Europe’s R&I ecosystem. Part 3, A forward-looking analysis of European industries’ artificial intelligence use",Commission,2026
http://publications.europa.eu/resource/cellar/3c2e9d55-482a-11f1-8095-01aa75ed71a1,http://publications.europa.eu/resource/cellar/a18a2789-af7d-11ea-bb7a-01aa75ed71a1,resource-type/REPORT,2026-05-04,"The futures of artificial intelligence : implications for Europe’s R&I ecosystem. Part 3, A forward-looking analysis of European industries’ artificial intelligence use",,2026
http://publications.europa.eu/resource/cellar/3c2e9d55-482a-11f1-8095-01aa75ed71a1,http://publications.europa.eu/resource/cellar/bbd76e09-343a-11ef-b441-01aa75ed71a1,resource-type/REPORT,2026-05-04,"The futures of artificial intelligence : implications for Europe’s R&I ecosystem. Part 3, A forward-looking analysis of European industries’ artificial intelligence use",,2026
http://publications.europa.eu/resource/cellar/3c2e9d55-482a-11f1-8095-01aa75ed71a1,http://publications.europa.eu/resource/cellar/2c0c5d93-482a-11f1-8095-01aa75ed71a1,resource-type/REPORT,2026-05-04,"The futures of artificial intelligence : implications for Europe’s R&I ecosystem. Part 3, A forward-looking analysis of European industries’ artificial intelligence use",,2026
http://publications.europa.eu/resource/cellar/52028928-482a-11f1-8095-01aa75ed71a1,corporate-body/RTD,resource-type/REPORT,2026-05-04,"The futures of artificial intelligence : implications for Europe’s R&I ecosystem. Part 5, Final report",Commission,2026
http://publications.europa.eu/resource/cellar/52028928-482a-11f1-8095-01aa75ed71a1,http://publications.europa.eu/resource/cellar/fe991d1c-7277-11e5-9317-01aa75ed71a1,resource-type/REPORT,2026-05-04,"The futures of artificial intelligence : implications for Europe’s R&I ecosystem. Part 5, Final report",,2026
http://publications.europa.eu/resource/cellar/52028928-482a-11f1-8095-01aa75ed71a1,http://publications.europa.eu/resource/cellar/008fb695-4ac2-11e9-a8ed-01aa75ed71a1,resource-type/REPORT,2026-05-04,"The futures of artificial intelligence : implications for Europe’s R&I ecosystem. Part 5, Final report",,2026
http://publications.europa.eu/resource/cellar/52028928-482a-11f1-8095-01aa75ed71a1,http://publications.europa.eu/resource/cellar/a18a2789-af7d-11ea-bb7a-01aa75ed71a1,resource-type/REPORT,2026-05-04,"The futures of artificial intelligence : implications for Europe’s R&I ecosystem. Part 5, Final report",,2026
http://publications.europa.eu/resource/cellar/52028928-482a-11f1-8095-01aa75ed71a1,http://publications.europa.eu/resource/cellar/bbd76e09-343a-11ef-b441-01aa75ed71a1,resource-type/REPORT,2026-05-04,"The futures of artificial intelligence : implications for Europe’s R&I ecosystem. Part 5, Final report",,2026
http://publications.europa.eu/resource/cellar/52028928-482a-11f1-8095-01aa75ed71a1,http://publications.europa.eu/resource/cellar/74c7ead5-9d83-11ef-85f0-01aa75ed71a1,resource-type/REPORT,2026-05-04,"The futures of artificial intelligence : implications for Europe’s R&I ecosystem. Part 5, Final report",,2026
http://publications.europa.eu/resource/cellar/52028928-482a-11f1-8095-01aa75ed71a1,http://publications.europa.eu/resource/cellar/4fcbabf6-482a-11f1-8095-01aa75ed71a1,resource-type/REPORT,2026-05-04,"The futures of artificial intelligence : implications for Europe’s R&I ecosystem. Part 5, Final report",,2026
http://publications.europa.eu/resource/cellar/52028928-482a-11f1-8095-01aa75ed71a1,http://publications.europa.eu/resource/cellar/50d4de97-482a-11f1-8095-01aa75ed71a1,resource-type/REPORT,2026-05-04,"The futures of artificial intelligence : implications for Europe’s R&I ecosystem. Part 5, Final report",,2026
http://publications.europa.eu/resource/cellar/677409ab-482a-11f1-8095-01aa75ed71a1,corporate-body/RTD,resource-type/STU,2026-05-04,"The futures of artificial intelligence : implications for Europe’s R&I ecosystem. Part 4, Scenarios and opportunities",Commission,2026
http://publications.europa.eu/resource/cellar/677409ab-482a-11f1-8095-01aa75ed71a1,http://publications.europa.eu/resource/cellar/fe991d1c-7277-11e5-9317-01aa75ed71a1,resource-type/STU,2026-05-04,"The futures of artificial intelligence : implications for Europe’s R&I ecosystem. Part 4, Scenarios and opportunities",,2026
http://publications.europa.eu/resource/cellar/677409ab-482a-11f1-8095-01aa75ed71a1,http://publications.europa.eu/resource/cellar/ab2039d2-4986-11e6-9c64-01aa75ed71a1,resource-type/STU,2026-05-04,"The futures of artificial intelligence : implications for Europe’s R&I ecosystem. Part 4, Scenarios and opportunities",,2026
http://publications.europa.eu/resource/cellar/677409ab-482a-11f1-8095-01aa75ed71a1,http://publications.europa.eu/resource/cellar/c4d08739-dff7-11ed-a05c-01aa75ed71a1,resource-type/STU,2026-05-04,"The futures of artificial intelligence : implications for Europe’s R&I ecosystem. Part 4, Scenarios and opportunities",,2026
http://publications.europa.eu/resource/cellar/677409ab-482a-11f1-8095-01aa75ed71a1,http://publications.europa.eu/resource/cellar/65498889-482a-11f1-8095-01aa75ed71a1,resource-type/STU,2026-05-04,"The futures of artificial intelligence : implications for Europe’s R&I ecosystem. Part 4, Scenarios and opportunities",,2026
http://publications.europa.eu/resource/cellar/677409ab-482a-11f1-8095-01aa75ed71a1,http://publications.europa.eu/resource/cellar/6658396a-482a-11f1-8095-01aa75ed71a1,resource-type/STU,2026-05-04,"The futures of artificial intelligence : implications for Europe’s R&I ecosystem. Part 4, Scenarios and opportunities",,2026
http://publications.europa.eu/resource/cellar/f456a097-482a-11f1-8095-01aa75ed71a1,corporate-body/ECA,resource-type/WORK_DOC,2026-05-04,Artificial intelligence strategy : 2026-2030,,2026
http://publications.europa.eu/resource/cellar/0bf089e6-48e5-11f1-8095-01aa75ed71a1,corporate-body/EP,resource-type/OWNINI_RES,2025-12-17,"P10_TA(2025)0337 – Digitalisation, artificial intelligence and algorithmic management in the workplace – shaping the future of work – European Parliament resolution of 17 December 2025 with recommendations to the Commission on digitalisation, artificial intelligence and algorithmic management in the workplace – shaping the future of work (2025/2080(INL))",Parliament,2025
http://publications.europa.eu/resource/cellar/0bf089e6-48e5-11f1-8095-01aa75ed71a1,corporate-body/EP_EMPL,resource-type/OWNINI_RES,2025-12-17,"P10_TA(2025)0337 – Digitalisation, artificial intelligence and algorithmic management in the workplace – shaping the future of work – European Parliament resolution of 17 December 2025 with recommendations to the Commission on digitalisation, artificial intelligence and algorithmic management in the workplace – shaping the future of work (2025/2080(INL))",Parliament,2025
http://publications.europa.eu/resource/cellar/0bf089e6-48e5-11f1-8095-01aa75ed71a1,corporate-body/EP_LIBE,resource-type/OWNINI_RES,2025-12-17,"P10_TA(2025)0337 – Digitalisation, artificial intelligence and algorithmic management in the workplace – shaping the future of work – European Parliament resolution of 17 December 2025 with recommendations to the Commission on digitalisation, artificial intelligence and algorithmic management in the workplace – shaping the future of work (2025/2080(INL))",Parliament,2025
http://publications.europa.eu/resource/cellar/0bf089e6-48e5-11f1-8095-01aa75ed71a1,corporate-body/EP_JURI,resource-type/OWNINI_RES,2025-12-17,"P10_TA(2025)0337 – Digitalisation, artificial intelligence and algorithmic management in the workplace – shaping the future of work – European Parliament resolution of 17 December 2025 with recommendations to the Commission on digitalisation, artificial intelligence and algorithmic management in the workplace – shaping the future of work (2025/2080(INL))",Parliament,2025
http://publications.europa.eu/resource/cellar/a535fadc-3ca3-11f1-814f-01aa75ed71a1,corporate-body/CONSIL,resource-type/NOTE,2026-04-17,Proposal for a REGULATION OF THE EUROPEAN PARLIAMENT AND OF THE COUNCIL amending Regulations (EU) 2024/1689 and (EU) 2018/1139 as regards the simplification of the implementation of harmonised rules on artificial intelligence (Digital Omnibus on AI) - Revised mandate for negotiations with the European Parliament,Council,2026
http://publications.europa.eu/resource/cellar/bb1ea228-6990-11f1-ae88-01aa75ed71a1,corporate-body/EP,resource-type/PLENARY_MINUTES_EP,2026-06-15,15. Simplification of the implementation of harmonised rules on artificial intelligence (Digital Omnibus on AI) ***I (debate),Parliament,2026
http://publications.europa.eu/resource/cellar/621680a1-69f2-11f1-ae88-01aa75ed71a1,corporate-body/RTD,resource-type/REPORT,2026-06-11,Labour market institutions and the adoption of artificial intelligence : evidence on workforce adjustment and technology diffusion across firms,Commission,2026
http://publications.europa.eu/resource/cellar/621680a1-69f2-11f1-ae88-01aa75ed71a1,http://publications.europa.eu/resource/cellar/1b5a116b-7d3e-11e5-b8b7-01aa75ed71a1,resource-type/REPORT,2026-06-11,Labour market institutions and the adoption of artificial intelligence : evidence on workforce adjustment and technology diffusion across firms,,2026
http://publications.europa.eu/resource/cellar/2d40e968-6a2c-11f1-ae88-01aa75ed71a1,corporate-body/EP,resource-type/PLENARY_MINUTES_EP,2026-06-16,7.9. Simplification of the implementation of harmonised rules on artificial intelligence (Digital Omnibus on AI) ***I (vote),Parliament,2026
http://publications.europa.eu/resource/cellar/2d9f4247-2798-11f1-a7dd-01aa75ed71a1,corporate-body/CONSIL,resource-type/NOTE_COVER,2026-03-24,Proposal for a REGULATION OF THE EUROPEAN PARLIAMENT AND OF THE COUNCIL amending Regulations (EU) 2024/1689 and (EU) 2018/1139 as regards the simplification of the implementation of harmonised rules on artificial intelligence (Digital Omnibus on AI) [15708/25 - COM(2025)836] - Opinion on the application of the Principles of Subsidiarity and Proportionality,Council,2026
http://publications.europa.eu/resource/cellar/c276ab3c-32f1-11f1-be39-01aa75ed71a1,corporate-body/JRC,resource-type/PUB_GEN,2026-04-07,Artificial intelligence in cardiovascular care : navigating the gap between technical progress and clinical impact,Commission,2026
http://publications.europa.eu/resource/cellar/c276ab3c-32f1-11f1-be39-01aa75ed71a1,http://publications.europa.eu/resource/cellar/4b3957b9-f684-408a-850d-b413ccad7e16,resource-type/PUB_GEN,2026-04-07,Artificial intelligence in cardiovascular care : navigating the gap between technical progress and clinical impact,,2026
http://publications.europa.eu/resource/cellar/c276ab3c-32f1-11f1-be39-01aa75ed71a1,http://publications.europa.eu/resource/cellar/402aec4d-9179-4650-a443-ccafb3a1575d,resource-type/PUB_GEN,2026-04-07,Artificial intelligence in cardiovascular care : navigating the gap between technical progress and clinical impact,,2026
http://publications.europa.eu/resource/cellar/c276ab3c-32f1-11f1-be39-01aa75ed71a1,http://publications.europa.eu/resource/cellar/82978172-2bea-480a-9477-aff97257ea27,resource-type/PUB_GEN,2026-04-07,Artificial intelligence in cardiovascular care : navigating the gap between technical progress and clinical impact,,2026
http://publications.europa.eu/resource/cellar/c276ab3c-32f1-11f1-be39-01aa75ed71a1,http://publications.europa.eu/resource/cellar/2e39d8c2-7632-11ef-bbbe-01aa75ed71a1,resource-type/PUB_GEN,2026-04-07,Artificial intelligence in cardiovascular care : navigating the gap between technical progress and clinical impact,,2026
http://publications.europa.eu/resource/cellar/c276ab3c-32f1-11f1-be39-01aa75ed71a1,http://publications.europa.eu/resource/cellar/437338dd-d881-11ef-be2a-01aa75ed71a1,resource-type/PUB_GEN,2026-04-07,Artificial intelligence in cardiovascular care : navigating the gap between technical progress and clinical impact,,2026
http://publications.europa.eu/resource/cellar/c276ab3c-32f1-11f1-be39-01aa75ed71a1,http://publications.europa.eu/resource/cellar/60669ec6-477c-11f0-85ba-01aa75ed71a1,resource-type/PUB_GEN,2026-04-07,Artificial intelligence in cardiovascular care : navigating the gap between technical progress and clinical impact,,2026
http://publications.europa.eu/resource/cellar/c276ab3c-32f1-11f1-be39-01aa75ed71a1,http://publications.europa.eu/resource/cellar/707c0d4a-477c-11f0-85ba-01aa75ed71a1,resource-type/PUB_GEN,2026-04-07,Artificial intelligence in cardiovascular care : navigating the gap between technical progress and clinical impact,,2026
http://publications.europa.eu/resource/cellar/c276ab3c-32f1-11f1-be39-01aa75ed71a1,http://publications.europa.eu/resource/cellar/611adff0-6129-11f0-a9d0-01aa75ed71a1,resource-type/PUB_GEN,2026-04-07,Artificial intelligence in cardiovascular care : navigating the gap between technical progress and clinical impact,,2026
http://publications.europa.eu/resource/cellar/c276ab3c-32f1-11f1-be39-01aa75ed71a1,http://publications.europa.eu/resource/cellar/c8fa1505-f742-11f0-b9bc-01aa75ed71a1,resource-type/PUB_GEN,2026-04-07,Artificial intelligence in cardiovascular care : navigating the gap between technical progress and clinical impact,,2026
http://publications.europa.eu/resource/cellar/c276ab3c-32f1-11f1-be39-01aa75ed71a1,http://publications.europa.eu/resource/cellar/b83b5851-32f1-11f1-be39-01aa75ed71a1,resource-type/PUB_GEN,2026-04-07,Artificial intelligence in cardiovascular care : navigating the gap between technical progress and clinical impact,,2026
http://publications.europa.eu/resource/cellar/c276ab3c-32f1-11f1-be39-01aa75ed71a1,http://publications.europa.eu/resource/cellar/b938a412-32f1-11f1-be39-01aa75ed71a1,resource-type/PUB_GEN,2026-04-07,Artificial intelligence in cardiovascular care : navigating the gap between technical progress and clinical impact,,2026
http://publications.europa.eu/resource/cellar/c276ab3c-32f1-11f1-be39-01aa75ed71a1,http://publications.europa.eu/resource/cellar/ba2267d3-32f1-11f1-be39-01aa75ed71a1,resource-type/PUB_GEN,2026-04-07,Artificial intelligence in cardiovascular care : navigating the gap between technical progress and clinical impact,,2026
http://publications.europa.eu/resource/cellar/c276ab3c-32f1-11f1-be39-01aa75ed71a1,http://publications.europa.eu/resource/cellar/bb0f5fe4-32f1-11f1-be39-01aa75ed71a1,resource-type/PUB_GEN,2026-04-07,Artificial intelligence in cardiovascular care : navigating the gap between technical progress and clinical impact,,2026
http://publications.europa.eu/resource/cellar/c276ab3c-32f1-11f1-be39-01aa75ed71a1,http://publications.europa.eu/resource/cellar/bbf8ae75-32f1-11f1-be39-01aa75ed71a1,resource-type/PUB_GEN,2026-04-07,Artificial intelligence in cardiovascular care : navigating the gap between technical progress and clinical impact,,2026
http://publications.europa.eu/resource/cellar/c276ab3c-32f1-11f1-be39-01aa75ed71a1,http://publications.europa.eu/resource/cellar/bcf277c6-32f1-11f1-be39-01aa75ed71a1,resource-type/PUB_GEN,2026-04-07,Artificial intelligence in cardiovascular care : navigating the gap between technical progress and clinical impact,,2026
http://publications.europa.eu/resource/cellar/c276ab3c-32f1-11f1-be39-01aa75ed71a1,http://publications.europa.eu/resource/cellar/bdcd4767-32f1-11f1-be39-01aa75ed71a1,resource-type/PUB_GEN,2026-04-07,Artificial intelligence in cardiovascular care : navigating the gap between technical progress and clinical impact,,2026
http://publications.europa.eu/resource/cellar/c276ab3c-32f1-11f1-be39-01aa75ed71a1,http://publications.europa.eu/resource/cellar/bec58a18-32f1-11f1-be39-01aa75ed71a1,resource-type/PUB_GEN,2026-04-07,Artificial intelligence in cardiovascular care : navigating the gap between technical progress and clinical impact,,2026
http://publications.europa.eu/resource/cellar/c276ab3c-32f1-11f1-be39-01aa75ed71a1,http://publications.europa.eu/resource/cellar/bfa27c99-32f1-11f1-be39-01aa75ed71a1,resource-type/PUB_GEN,2026-04-07,Artificial intelligence in cardiovascular care : navigating the gap between technical progress and clinical impact,,2026
http://publications.europa.eu/resource/cellar/c276ab3c-32f1-11f1-be39-01aa75ed71a1,http://publications.europa.eu/resource/cellar/c082a36a-32f1-11f1-be39-01aa75ed71a1,resource-type/PUB_GEN,2026-04-07,Artificial intelligence in cardiovascular care : navigating the gap between technical progress and clinical impact,,2026
http://publications.europa.eu/resource/cellar/c276ab3c-32f1-11f1-be39-01aa75ed71a1,http://publications.europa.eu/resource/cellar/c1675e1b-32f1-11f1-be39-01aa75ed71a1,resource-type/PUB_GEN,2026-04-07,Artificial intelligence in cardiovascular care : navigating the gap between technical progress and clinical impact,,2026
http://publications.europa.eu/resource/cellar/caf111ae-3863-11f1-be39-01aa75ed71a1,corporate-body/ECB,resource-type/OWNINI_OPIN,2026-03-13,Opinion of the European Central Bank of 13 March 2026 on a proposal for a regulation as regards the simplification of the implementation of harmonised rules on artificial intelligence (CON/2026/10),,2026
http://publications.europa.eu/resource/cellar/44f0ed1f-285f-11f1-a7dd-01aa75ed71a1,corporate-body/CONSIL,resource-type/NOTE,2026-03-06,Proposal for a REGULATION OF THE EUROPEAN PARLIAMENT AND OF THE COUNCIL amending Regulations (EU) 2024/1689 and (EU) 2018/1139 as regards the simplification of the implementation of harmonised rules on artificial intelligence (Digital Omnibus on AI). - Third Presidency compromise text,Council,2026
http://publications.europa.eu/resource/cellar/5dd1cad0-285f-11f1-a7dd-01aa75ed71a1,corporate-body/CONSIL,resource-type/NOTE,2026-03-05,Proposal for a REGULATION OF THE EUROPEAN PARLIAMENT AND OF THE COUNCIL amending Regulations (EU) 2024/1689 and (EU) 2018/1139 as regards the simplification of the implementation of harmonised rules on artificial intelligence (Digital Omnibus on AI). - Third Presidency compromise text,Council,2026
http://publications.europa.eu/resource/cellar/b23c4995-2861-11f1-a7dd-01aa75ed71a1,corporate-body/CONSIL,resource-type/NOTE,2026-02-12,Proposal for a REGULATION OF THE EUROPEAN PARLIAMENT AND OF THE COUNCIL amending Regulations (EU) 2024/1689 and (EU) 2018/1139 as regards the simplification of the implementation of harmonised rules on artificial intelligence (Digital Omnibus on AI). - Second Presidency compromise text,Council,2026
http://publications.europa.eu/resource/cellar/8b6fe586-2865-11f1-a7dd-01aa75ed71a1,corporate-body/CONSIL,resource-type/ITEM_I_NOTE,2026-02-06,Proposal for a REGULATION OF THE EUROPEAN PARLIAMENT AND OF THE COUNCIL amending Regulations (EU) 2024/1689 and (EU) 2018/1139 as regards the simplification of the implementation of harmonised rules on artificial intelligence (Digital Omnibus on AI) - Optional consultation of the Committee of the Regions1,Council,2026
http://publications.europa.eu/resource/cellar/ce3b96ac-2867-11f1-a7dd-01aa75ed71a1,corporate-body/CONSIL,resource-type/NOTE,2026-01-23,Proposal for a REGULATION OF THE EUROPEAN PARLIAMENT AND OF THE COUNCIL amending Regulations (EU) 2024/1689 and (EU) 2018/1139 as regards the simplification of the implementation of harmonised rules on artificial intelligence (Digital Omnibus on AI). - Presidency compromise text,Council,2026
http://publications.europa.eu/resource/cellar/572230f4-2896-11f1-a7dd-01aa75ed71a1,corporate-body/EP,resource-type/AMEND_LIST_EP,2026-03-25,"Amendment 001-083 - Arba Kokalari, Michael McNamara - Report A10-0073/2026 - Simplification of the implementation of harmonised rules on artificial intelligence (Digital Omnibus on AI)",Parliament,2026
http://publications.europa.eu/resource/cellar/34148981-2911-11f1-a7dd-01aa75ed71a1,corporate-body/EP,resource-type/AMEND_LIST_EP,2026-03-26,"Amendment 001-083 - Arba Kokalari, Michael McNamara - Report A10-0073/2026 - Simplification of the implementation of harmonised rules on artificial intelligence (Digital Omnibus on AI)",Parliament,2026
http://publications.europa.eu/resource/cellar/75a8a502-2913-11f1-a7dd-01aa75ed71a1,corporate-body/CONSIL,resource-type/NOTE_COVER,2026-03-26,"COMMUNICATION FROM THE COMMISSION TO THE EUROPEAN PARLIAMENT AND THE COUNCIL DATA UNION STRATEGY UNLOCKING DATA FOR AI [15712/25 - COM(2025)835] Proposal for a REGULATION OF THE EUROPEAN PARLIAMENT AND OF THE COUNCIL amending Regulations (EU) 2024/1689 and (EU) 2018/1139 as regards the simplification of the implementation of harmonised rules on artificial intelligence (Digital Omnibus on AI) [15708/25 - COM(2025)836] Proposal for a REGULATION OF THE EUROPEAN PARLIAMENT AND OF THE COUNCIL amending Regulations (EU) 2016/679, (EU) 2018/1724, (EU) 2018/1725, (EU) 2023/2854 and Directives 2002/58/EC, (EU) 2022/2555 and (EU) 2022/2557 as regards the simplification of the digital legislative framework, and repealing Regulations (EU) 2018/1807, (EU) 2019/1150, (EU) 2022/868, and Directive (EU) 2019/1024 (Digital Omnibus) [15698/25 - COM(2025)837] Proposal for a REGULATION OF THE EUROPEAN PARLIAMENT AND OF THE COUNCIL on the establishment of European Business Wallets [15701/25 - COM(2025)838] - Opinion on the application of the Principles of Subsidiarity and Proportionality",Council,2026
http://publications.europa.eu/resource/cellar/9ba76b18-2a95-11f1-906d-01aa75ed71a1,corporate-body/EP,resource-type/PLENARY_MINUTES_EP,2026-03-26,7.16. Simplification of the implementation of harmonised rules on artificial intelligence (Digital Omnibus on AI) ***I (vote),Parliament,2026
http://publications.europa.eu/resource/cellar/fbd2c0b9-2a96-11f1-906d-01aa75ed71a1,corporate-body/EP,resource-type/ADOPT_TEXT,2026-03-26,Amendments adopted by the European Parliament on 26 March 2026 on the proposal for a regulation of the European Parliament and of the Council amending Regulations (EU) 2024/1689 and (EU) 2018/1139 as regards the simplification of the implementation of harmonised rules on artificial intelligence (Digital Omnibus on AI) (COM(2025)0836 – C10-0304/2025 – 2025/0359(COD)),Parliament,2026
http://publications.europa.eu/resource/cellar/5fa2c87f-335b-11f1-be39-01aa75ed71a1,corporate-body/CONSIL,resource-type/NOTE_COVER,2026-04-08,Proposal for a REGULATION OF THE EUROPEAN PARLIAMENT AND OF THE COUNCIL amending Regulations (EU) 2024/1689 and (EU) 2018/1139 as regards the simplification of the implementation of harmonised rules on artificial intelligence (Digital Omnibus on AI) [15708/25 - COM(2025)836 final] - Opinion on the application of the Principles of Subsidiarity and Proportionality,Council,2026
http://publications.europa.eu/resource/cellar/b789cbdf-3482-11f1-be39-01aa75ed71a1,corporate-body/ESTAT,resource-type/PUB_GEN,2026-04-08,The use of artificial intelligence (AI) technologies in the European Union : key results : 2026 edition,Commission,2026
http://publications.europa.eu/resource/cellar/df62cf3b-354b-11f1-be39-01aa75ed71a1,corporate-body/JRC,resource-type/PUB_GEN,2026-04-10,Leveraging artificial intelligence tools to collect and structure information on human biology-based models used in biomedical research : the Biomedical models Hub (BimmoH) dataset,Commission,2026
http://publications.europa.eu/resource/cellar/df62cf3b-354b-11f1-be39-01aa75ed71a1,http://publications.europa.eu/resource/cellar/9e92f5cf-cf2b-11f0-8da2-01aa75ed71a1,resource-type/PUB_GEN,2026-04-10,Leveraging artificial intelligence tools to collect and structure information on human biology-based models used in biomedical research : the Biomedical models Hub (BimmoH) dataset,,2026
http://publications.europa.eu/resource/cellar/df62cf3b-354b-11f1-be39-01aa75ed71a1,http://publications.europa.eu/resource/cellar/aee6099c-cf2b-11f0-8da2-01aa75ed71a1,resource-type/PUB_GEN,2026-04-10,Leveraging artificial intelligence tools to collect and structure information on human biology-based models used in biomedical research : the Biomedical models Hub (BimmoH) dataset,,2026
http://publications.europa.eu/resource/cellar/df62cf3b-354b-11f1-be39-01aa75ed71a1,http://publications.europa.eu/resource/cellar/a23cc3f2-cf2b-11f0-8da2-01aa75ed71a1,resource-type/PUB_GEN,2026-04-10,Leveraging artificial intelligence tools to collect and structure information on human biology-based models used in biomedical research : the Biomedical models Hub (BimmoH) dataset,,2026
http://publications.europa.eu/resource/cellar/df62cf3b-354b-11f1-be39-01aa75ed71a1,http://publications.europa.eu/resource/cellar/a4b58c24-cf2b-11f0-8da2-01aa75ed71a1,resource-type/PUB_GEN,2026-04-10,Leveraging artificial intelligence tools to collect and structure information on human biology-based models used in biomedical research : the Biomedical models Hub (BimmoH) dataset,,2026
http://publications.europa.eu/resource/cellar/df62cf3b-354b-11f1-be39-01aa75ed71a1,http://publications.europa.eu/resource/cellar/a718f796-cf2b-11f0-8da2-01aa75ed71a1,resource-type/PUB_GEN,2026-04-10,Leveraging artificial intelligence tools to collect and structure information on human biology-based models used in biomedical research : the Biomedical models Hub (BimmoH) dataset,,2026
http://publications.europa.eu/resource/cellar/df62cf3b-354b-11f1-be39-01aa75ed71a1,http://publications.europa.eu/resource/cellar/bacb8a17-cf2b-11f0-8da2-01aa75ed71a1,resource-type/PUB_GEN,2026-04-10,Leveraging artificial intelligence tools to collect and structure information on human biology-based models used in biomedical research : the Biomedical models Hub (BimmoH) dataset,,2026
http://publications.europa.eu/resource/cellar/df62cf3b-354b-11f1-be39-01aa75ed71a1,http://publications.europa.eu/resource/cellar/dc9668c8-354b-11f1-be39-01aa75ed71a1,resource-type/PUB_GEN,2026-04-10,Leveraging artificial intelligence tools to collect and structure information on human biology-based models used in biomedical research : the Biomedical models Hub (BimmoH) dataset,,2026
http://publications.europa.eu/resource/cellar/df62cf3b-354b-11f1-be39-01aa75ed71a1,http://publications.europa.eu/resource/cellar/dd849959-354b-11f1-be39-01aa75ed71a1,resource-type/PUB_GEN,2026-04-10,Leveraging artificial intelligence tools to collect and structure information on human biology-based models used in biomedical research : the Biomedical models Hub (BimmoH) dataset,,2026
http://publications.europa.eu/resource/cellar/df62cf3b-354b-11f1-be39-01aa75ed71a1,http://publications.europa.eu/resource/cellar/de70a70a-354b-11f1-be39-01aa75ed71a1,resource-type/PUB_GEN,2026-04-10,Leveraging artificial intelligence tools to collect and structure information on human biology-based models used in biomedical research : the Biomedical models Hub (BimmoH) dataset,,2026
http://publications.europa.eu/resource/cellar/099ce834-37a7-11f1-be39-01aa75ed71a1,corporate-body/EISMEA,resource-type/PUB_GEN,2026-04-13,"International IP Helpdesk’s comprehensive guide on artificial intelligence & IP in China, India, Latin America, and South-East Asia",Commission,2026
http://publications.europa.eu/resource/cellar/2260326c-6573-11f1-9b18-01aa75ed71a1,corporate-body/EP,resource-type/AMEND_LIST_EP,2026-06-10,"Amendment  - Anna Cavazzini, Javier Zarzalejos - Simplification of the implementation of harmonised rules on artificial intelligence (Digital Omnibus on AI)",Parliament,2026
http://publications.europa.eu/resource/cellar/afa65bf2-3d27-11f1-814f-01aa75ed71a1,corporate-body/EUI,resource-type/THESIS,2026-04-20,"Screening credibility : artificial Intelligence, evidence and fair asylum procedures in EU law",,2026
http://publications.europa.eu/resource/cellar/afa65bf2-3d27-11f1-814f-01aa75ed71a1,http://publications.europa.eu/resource/cellar/ae624331-3d27-11f1-814f-01aa75ed71a1,resource-type/THESIS,2026-04-20,"Screening credibility : artificial Intelligence, evidence and fair asylum procedures in EU law",,2026
http://publications.europa.eu/resource/cellar/a6b848be-3dc6-11f1-814f-01aa75ed71a1,corporate-body/CONSIL,resource-type/NOTE,2026-04-17,Proposal for a REGULATION OF THE EUROPEAN PARLIAMENT AND OF THE COUNCILamending Regulations (EU) 2024/1689 and (EU) 2018/1139 as regards the simplification of theimplementation of harmonised rules on artificial intelligence (Digital Omnibus on AI) - 4-column table,Council,2026
http://publications.europa.eu/resource/cellar/a51237ee-7f28-11f1-bf5e-01aa75ed71a1,corporate-body/EUI,resource-type/THESIS,2026-07-06,Automation versus offshoring : artificial intelligence and the future of digital globalization,,2026
http://publications.europa.eu/resource/cellar/a51237ee-7f28-11f1-bf5e-01aa75ed71a1,http://publications.europa.eu/resource/cellar/9c4a994c-7f28-11f1-bf5e-01aa75ed71a1,resource-type/THESIS,2026-07-06,Automation versus offshoring : artificial intelligence and the future of digital globalization,,2026
http://publications.europa.eu/resource/cellar/f79b4cb5-7f2a-11f1-bf5e-01aa75ed71a1,corporate-body/JRC,resource-type/PUB_GEN,2026-07-13,"Analysis of the integration of artificial intelligence in VET systems : Austria, Belgium, Slovenia, Spain and The Netherlands",Commission,2026
http://publications.europa.eu/resource/cellar/f79b4cb5-7f2a-11f1-bf5e-01aa75ed71a1,http://publications.europa.eu/resource/cellar/c017b89c-7f2a-11f1-bf5e-01aa75ed71a1,resource-type/PUB_GEN,2026-07-13,"Analysis of the integration of artificial intelligence in VET systems : Austria, Belgium, Slovenia, Spain and The Netherlands",,2026
http://publications.europa.eu/resource/cellar/f79b4cb5-7f2a-11f1-bf5e-01aa75ed71a1,http://publications.europa.eu/resource/cellar/c42a5aad-7f2a-11f1-bf5e-01aa75ed71a1,resource-type/PUB_GEN,2026-07-13,"Analysis of the integration of artificial intelligence in VET systems : Austria, Belgium, Slovenia, Spain and The Netherlands",,2026
http://publications.europa.eu/resource/cellar/f79b4cb5-7f2a-11f1-bf5e-01aa75ed71a1,http://publications.europa.eu/resource/cellar/ca99ff8e-7f2a-11f1-bf5e-01aa75ed71a1,resource-type/PUB_GEN,2026-07-13,"Analysis of the integration of artificial intelligence in VET systems : Austria, Belgium, Slovenia, Spain and The Netherlands",,2026
http://publications.europa.eu/resource/cellar/f79b4cb5-7f2a-11f1-bf5e-01aa75ed71a1,http://publications.europa.eu/resource/cellar/d69af73f-7f2a-11f1-bf5e-01aa75ed71a1,resource-type/PUB_GEN,2026-07-13,"Analysis of the integration of artificial intelligence in VET systems : Austria, Belgium, Slovenia, Spain and The Netherlands",,2026
http://publications.europa.eu/resource/cellar/f79b4cb5-7f2a-11f1-bf5e-01aa75ed71a1,http://publications.europa.eu/resource/cellar/dc24f711-7f2a-11f1-bf5e-01aa75ed71a1,resource-type/PUB_GEN,2026-07-13,"Analysis of the integration of artificial intelligence in VET systems : Austria, Belgium, Slovenia, Spain and The Netherlands",,2026
http://publications.europa.eu/resource/cellar/f79b4cb5-7f2a-11f1-bf5e-01aa75ed71a1,http://publications.europa.eu/resource/cellar/e1f32bd2-7f2a-11f1-bf5e-01aa75ed71a1,resource-type/PUB_GEN,2026-07-13,"Analysis of the integration of artificial intelligence in VET systems : Austria, Belgium, Slovenia, Spain and The Netherlands",,2026
http://publications.europa.eu/resource/cellar/f79b4cb5-7f2a-11f1-bf5e-01aa75ed71a1,http://publications.europa.eu/resource/cellar/eacea093-7f2a-11f1-bf5e-01aa75ed71a1,resource-type/PUB_GEN,2026-07-13,"Analysis of the integration of artificial intelligence in VET systems : Austria, Belgium, Slovenia, Spain and The Netherlands",,2026
http://publications.europa.eu/resource/cellar/f79b4cb5-7f2a-11f1-bf5e-01aa75ed71a1,http://publications.europa.eu/resource/cellar/f1a93c44-7f2a-11f1-bf5e-01aa75ed71a1,resource-type/PUB_GEN,2026-07-13,"Analysis of the integration of artificial intelligence in VET systems : Austria, Belgium, Slovenia, Spain and The Netherlands",,2026
http://publications.europa.eu/resource/cellar/97bfb01f-491c-11f1-8095-01aa75ed71a1,corporate-body/CONSIL,resource-type/NOTE_COVER,2026-05-05,Proposal for a REGULATION OF THE EUROPEAN PARLIAMENT AND OF THE COUNCIL amending Regulations (EU) 2024/1689 and (EU) 2018/1139 as regards the simplification of the implementation of harmonised rules on artificial intelligence (Digital Omnibus on AI) [15708/25 - COM(2025)836 final] - Opinion on the application of the Principles of Subsidiarity and Proportionality,Council,2026
http://publications.europa.eu/resource/cellar/30f652f5-49ba-11f1-8095-01aa75ed71a1,corporate-body/EEA,resource-type/PUB_GEN,2026-05-05,Artificial intelligence and sustainable consumption in Europe,,2026
http://publications.europa.eu/resource/cellar/27be4542-4a86-11f1-8095-01aa75ed71a1,corporate-body/ECB,resource-type/PUB_GEN,2026-05-07,Ex machina : financial stability in the age of artificial intelligence,,2026
http://publications.europa.eu/resource/cellar/27be4542-4a86-11f1-8095-01aa75ed71a1,http://publications.europa.eu/resource/cellar/0b8f3e29-03a3-4b46-99de-a3659e301609,resource-type/PUB_GEN,2026-05-07,Ex machina : financial stability in the age of artificial intelligence,,2026
http://publications.europa.eu/resource/cellar/27be4542-4a86-11f1-8095-01aa75ed71a1,http://publications.europa.eu/resource/cellar/8cdd1916-92c7-11ec-b4e4-01aa75ed71a1,resource-type/PUB_GEN,2026-05-07,Ex machina : financial stability in the age of artificial intelligence,,2026
http://publications.europa.eu/resource/cellar/27be4542-4a86-11f1-8095-01aa75ed71a1,http://publications.europa.eu/resource/cellar/a05781f7-81b0-11ed-9887-01aa75ed71a1,resource-type/PUB_GEN,2026-05-07,Ex machina : financial stability in the age of artificial intelligence,,2026
http://publications.europa.eu/resource/cellar/27be4542-4a86-11f1-8095-01aa75ed71a1,http://publications.europa.eu/resource/cellar/26b5fd01-4a86-11f1-8095-01aa75ed71a1,resource-type/PUB_GEN,2026-05-07,Ex machina : financial stability in the age of artificial intelligence,,2026
http://publications.europa.eu/resource/cellar/7c7291be-4b3c-11f1-8095-01aa75ed71a1,corporate-body/CONSIL,resource-type/NOTE,2026-05-08,Proposal for a REGULATION OF THE EUROPEAN PARLIAMENT AND OF THE COUNCIL amending Regulations (EU) 2024/1689 and (EU) 2018/1139 as regards the simplification of the implementation of harmonised rules on artificial intelligence (Digital Omnibus on AI) - Analysis of the final compromise text with a view to agreement,Council,2026
http://publications.europa.eu/resource/cellar/c29ab1d1-4e64-11f1-b3e2-01aa75ed71a1,country/GBR,resource-type/CONVENTION,2024-09-05,"Council of Europe Framework Convention on Artificial Intelligence and Human Rights, Democracy and the Rule of Law",,2024
http://publications.europa.eu/resource/cellar/c29ab1d1-4e64-11f1-b3e2-01aa75ed71a1,country/MKD,resource-type/CONVENTION,2024-09-05,"Council of Europe Framework Convention on Artificial Intelligence and Human Rights, Democracy and the Rule of Law",,2024
http://publications.europa.eu/resource/cellar/c29ab1d1-4e64-11f1-b3e2-01aa75ed71a1,country/NOR,resource-type/CONVENTION,2024-09-05,"Council of Europe Framework Convention on Artificial Intelligence and Human Rights, Democracy and the Rule of Law",,2024
http://publications.europa.eu/resource/cellar/c29ab1d1-4e64-11f1-b3e2-01aa75ed71a1,country/CHE,resource-type/CONVENTION,2024-09-05,"Council of Europe Framework Convention on Artificial Intelligence and Human Rights, Democracy and the Rule of Law",,2024
http://publications.europa.eu/resource/cellar/c29ab1d1-4e64-11f1-b3e2-01aa75ed71a1,country/EUR,resource-type/CONVENTION,2024-09-05,"Council of Europe Framework Convention on Artificial Intelligence and Human Rights, Democracy and the Rule of Law",,2024
http://publications.europa.eu/resource/cellar/c29ab1d1-4e64-11f1-b3e2-01aa75ed71a1,country/GEO,resource-type/CONVENTION,2024-09-05,"Council of Europe Framework Convention on Artificial Intelligence and Human Rights, Democracy and the Rule of Law",,2024
http://publications.europa.eu/resource/cellar/c29ab1d1-4e64-11f1-b3e2-01aa75ed71a1,country/LIE,resource-type/CONVENTION,2024-09-05,"Council of Europe Framework Convention on Artificial Intelligence and Human Rights, Democracy and the Rule of Law",,2024
http://publications.europa.eu/resource/cellar/c29ab1d1-4e64-11f1-b3e2-01aa75ed71a1,country/ISL,resource-type/CONVENTION,2024-09-05,"Council of Europe Framework Convention on Artificial Intelligence and Human Rights, Democracy and the Rule of Law",,2024
http://publications.europa.eu/resource/cellar/c29ab1d1-4e64-11f1-b3e2-01aa75ed71a1,country/URY,resource-type/CONVENTION,2024-09-05,"Council of Europe Framework Convention on Artificial Intelligence and Human Rights, Democracy and the Rule of Law",,2024
http://publications.europa.eu/resource/cellar/c29ab1d1-4e64-11f1-b3e2-01aa75ed71a1,country/CAN,resource-type/CONVENTION,2024-09-05,"Council of Europe Framework Convention on Artificial Intelligence and Human Rights, Democracy and the Rule of Law",,2024
http://publications.europa.eu/resource/cellar/c29ab1d1-4e64-11f1-b3e2-01aa75ed71a1,country/UKR,resource-type/CONVENTION,2024-09-05,"Council of Europe Framework Convention on Artificial Intelligence and Human Rights, Democracy and the Rule of Law",,2024
http://publications.europa.eu/resource/cellar/c29ab1d1-4e64-11f1-b3e2-01aa75ed71a1,country/ARM,resource-type/CONVENTION,2024-09-05,"Council of Europe Framework Convention on Artificial Intelligence and Human Rights, Democracy and the Rule of Law",,2024
http://publications.europa.eu/resource/cellar/c29ab1d1-4e64-11f1-b3e2-01aa75ed71a1,country/JPN,resource-type/CONVENTION,2024-09-05,"Council of Europe Framework Convention on Artificial Intelligence and Human Rights, Democracy and the Rule of Law",,2024
http://publications.europa.eu/resource/cellar/c29ab1d1-4e64-11f1-b3e2-01aa75ed71a1,country/MDA,resource-type/CONVENTION,2024-09-05,"Council of Europe Framework Convention on Artificial Intelligence and Human Rights, Democracy and the Rule of Law",,2024
http://publications.europa.eu/resource/cellar/c29ab1d1-4e64-11f1-b3e2-01aa75ed71a1,country/USA,resource-type/CONVENTION,2024-09-05,"Council of Europe Framework Convention on Artificial Intelligence and Human Rights, Democracy and the Rule of Law",,2024
http://publications.europa.eu/resource/cellar/c29ab1d1-4e64-11f1-b3e2-01aa75ed71a1,country/AND,resource-type/CONVENTION,2024-09-05,"Council of Europe Framework Convention on Artificial Intelligence and Human Rights, Democracy and the Rule of Law",,2024
http://publications.europa.eu/resource/cellar/c29ab1d1-4e64-11f1-b3e2-01aa75ed71a1,country/ISR,resource-type/CONVENTION,2024-09-05,"Council of Europe Framework Convention on Artificial Intelligence and Human Rights, Democracy and the Rule of Law",,2024
http://publications.europa.eu/resource/cellar/c29ab1d1-4e64-11f1-b3e2-01aa75ed71a1,country/SMR,resource-type/CONVENTION,2024-09-05,"Council of Europe Framework Convention on Artificial Intelligence and Human Rights, Democracy and the Rule of Law",,2024
http://publications.europa.eu/resource/cellar/c29ab1d1-4e64-11f1-b3e2-01aa75ed71a1,country/BIH,resource-type/CONVENTION,2024-09-05,"Council of Europe Framework Convention on Artificial Intelligence and Human Rights, Democracy and the Rule of Law",,2024
http://publications.europa.eu/resource/cellar/c29ab1d1-4e64-11f1-b3e2-01aa75ed71a1,country/MNE,resource-type/CONVENTION,2024-09-05,"Council of Europe Framework Convention on Artificial Intelligence and Human Rights, Democracy and the Rule of Law",,2024
http://publications.europa.eu/resource/cellar/c54893c6-4e64-11f1-b3e2-01aa75ed71a1,corporate-body/CONSIL,resource-type/DEC,2026-04-21,"Council Decision (EU) 2026/1080 of 21 April 2026 on the conclusion, on behalf of the European Union, of the Council of Europe Framework Convention on Artificial Intelligence and Human Rights, Democracy and the Rule of Law",Council,2026
http://publications.europa.eu/resource/cellar/ecb03e37-4ee0-11f1-b3e2-01aa75ed71a1,corporate-body/CONSIL,resource-type/NOTE_INFO,2026-05-13,Proposal for a REGULATION OF THE EUROPEAN PARLIAMENT AND OF THE COUNCIL amending Regulations (EU) 2024/1689 and (EU) 2018/1139 as regards the simplification of the implementation of harmonised rules on artificial intelligence - Letter sent to the European Parliament,Council,2026
http://publications.europa.eu/resource/cellar/f8aefac9-589e-11f1-b3e2-01aa75ed71a1,corporate-body/CONSIL,resource-type/CONCL,2026-05-11,Council conclusions on teachers in the era of artificial intelligence (AI),Council,2026
http://publications.europa.eu/resource/cellar/d4b0bfbb-5ec4-11f1-aa6d-01aa75ed71a1,corporate-body/EP,resource-type/AGREE_PROV,2026-05-13,PROVISIONAL AGREEMENT RESULTING FROM INTERINSTITUTIONAL NEGOTIATIONS - Subject: Proposal for a regulation Amending Regulations (EU) 2024/1689 and (EU) 2018/1139 as regards the simplification of the implementation of harmonised rules on artificial intelligence (Digital Omnibus on AI),Parliament,2026
http://publications.europa.eu/resource/cellar/e3e0548e-6a7a-11f1-ae88-01aa75ed71a1,corporate-body/EP,resource-type/ADOPT_TEXT,2026-06-16,European Parliament legislative resolution of 16 June 2026 on the proposal for a regulation of the European Parliament and of the Council amending Regulations (EU) 2024/1689 and (EU) 2018/1139 as regards the simplification of the implementation of harmonised rules on artificial intelligence (Digital Omnibus on AI) (COM(2025)0836 – C10-0304/2025 – 2025/0359(COD)),Parliament,2026
http://publications.europa.eu/resource/cellar/37937497-6b1d-11f1-ae88-01aa75ed71a1,corporate-body/CONSIL,resource-type/NOTE_INFO,2026-06-17,"Proposal for a REGULATION OF THE EUROPEAN PARLIAMENT AND OF THE COUNCIL amending Regulations (EU) 2024/1689 and (EU) 2018/1139 as regards the simplification of the implementation of harmonised rules on artificial intelligence (Digital Omnibus on AI) - Outcome of the European Parliament’s first reading (Strasbourg, 15 to 18 June 2026)",Council,2026
http://publications.europa.eu/resource/cellar/f76aad95-7089-11f1-9800-01aa75ed71a1,corporate-body/CONSIL,resource-type/ITEM_IA_NOTE,2026-06-24,"Draft REGULATION OF THE EUROPEAN PARLIAMENT AND OF THE COUNCIL amending Regulations (EU) 2024/1689, (EU) 2018/1139 and (EU) 2023/1230 as regards the simplification of the implementation of harmonised rules on artificial intelligence (Digital Omnibus on AI) (first reading) - Adoption of the legislative act - Statement",Council,2026
http://publications.europa.eu/resource/cellar/eab657c4-63a8-11f1-9b18-01aa75ed71a1,corporate-body/EAC,resource-type/FACTSHEET,2026-06-04,Guidelines on the ethical use of artificial intelligence and data in teaching and learning for educators : updated,Commission,2026
http://publications.europa.eu/resource/cellar/be1a7ff8-7ad0-11f1-bf5e-01aa75ed71a1,corporate-body/COM,resource-type/COMMUNIC,2026-07-07,"COMMUNICATION FROM THE COMMISSION TO THE EUROPEAN PARLIAMENT, THE COUNCIL, THE EUROPEAN ECONOMIC AND SOCIAL COMMITTEE AND THE COMMITTEE OF THE REGIONS Action Plan on Cybersecurity and Artificial Intelligence",Commission,2026
http://publications.europa.eu/resource/cellar/be1a7ff8-7ad0-11f1-bf5e-01aa75ed71a1,corporate-body/CNECT,resource-type/COMMUNIC,2026-07-07,"COMMUNICATION FROM THE COMMISSION TO THE EUROPEAN PARLIAMENT, THE COUNCIL, THE EUROPEAN ECONOMIC AND SOCIAL COMMITTEE AND THE COMMITTEE OF THE REGIONS Action Plan on Cybersecurity and Artificial Intelligence",Commission,2026
http://publications.europa.eu/resource/cellar/c319827b-7523-11f1-bf5e-01aa75ed71a1,corporate-body/CONSIL,resource-type/NOTE,2026-06-29,"Voting result Regulation of the European Parliament and of the Council amending Regulations (EU) 2024/1689, (EU) 2018/1139 and (EU) 2023/1230 as regards the simplification of the implementation of harmonised rules on artificial intelligence (Digital Omnibus on AI) - Adoption of the legislative act - 4188th meeting of the COUNCIL OF THE EUROPEAN UNION (Employment, Social Policy, Health and Consumer Affairs) 29 June 2026, Luxembourg",Council,2026
http://publications.europa.eu/resource/cellar/a78b51b3-75b2-11f1-bf5e-01aa75ed71a1,corporate-body/EESC,resource-type/OPIN,2026-03-18,"Opinion of the European Economic and Social Committee a) Proposal for a Regulation of the European Parliament and of the Council amending Regulations (EU) 2024/1689 and (EU) 2018/1139 as regards the simplification of the implementation of harmonised rules on artificial intelligence (Digital Omnibus on AI) (COM(2025) 836 final – 2025/0359 (COD)) and b) Proposal for a Regulation of the European Parliament and of the Council amending Regulations (EU) 2016/679, (EU) 2018/1724, (EU) 2018/1725, (EU) 2023/2854 and Directives 2002/58/EC, (EU) 2022/2555 and (EU) 2022/2557 as regards the simplification of the digital legislative framework, and repealing Regulations (EU) 2018/1807, (EU) 2019/1150, (EU) 2022/868 and Directive (EU) 2019/1024 (Digital Omnibus) (COM(2025) 837 final – 2025/0360 (COD))",,2026
http://publications.europa.eu/resource/cellar/f0fdd0a4-7bc7-11f1-bf5e-01aa75ed71a1,corporate-body/CONSIL,resource-type/NOTE,2026-07-08,"REGULATION OF THE EUROPEAN PARLIAMENT AND OF THE COUNCIL AMENDING REGULATIONS (EU) 2024/1689, (EU) 2018/1139 AND (EU) 2023/1230 AS REGARDS THE SIMPLIFICATION OF THE IMPLEMENTATION OF HARMONISED RULES ON ARTIFICIAL INTELLIGENCE (DIGITAL OMNIBUS ON AI)",Council,2026
http://publications.europa.eu/resource/cellar/f0fdd0a4-7bc7-11f1-bf5e-01aa75ed71a1,corporate-body/EP,resource-type/NOTE,2026-07-08,"REGULATION OF THE EUROPEAN PARLIAMENT AND OF THE COUNCIL AMENDING REGULATIONS (EU) 2024/1689, (EU) 2018/1139 AND (EU) 2023/1230 AS REGARDS THE SIMPLIFICATION OF THE IMPLEMENTATION OF HARMONISED RULES ON ARTIFICIAL INTELLIGENCE (DIGITAL OMNIBUS ON AI)",Parliament,2026
http://publications.europa.eu/resource/cellar/a811a084-80b1-11f1-bf5e-01aa75ed71a1,corporate-body/ESRB,resource-type/WARN,2026-06-25,Warning of the European Systemic Risk Board of 25 June 2026 on systemic cyber risks stemming from frontier artificial intelligence models (ESRB/2026/3),,2026
http://publications.europa.eu/resource/cellar/9e538d58-800a-11f1-bf5e-01aa75ed71a1,corporate-body/JRC,resource-type/PUB_GEN,2026-07-14,Recent advancements on artificial intelligence for public health threats : the digital health perspectives,Commission,2026
http://publications.europa.eu/resource/cellar/9e538d58-800a-11f1-bf5e-01aa75ed71a1,http://publications.europa.eu/resource/cellar/71c7e438-eb02-4ee3-8ca1-c1c806973aa5,resource-type/PUB_GEN,2026-07-14,Recent advancements on artificial intelligence for public health threats : the digital health perspectives,,2026
http://publications.europa.eu/resource/cellar/9e538d58-800a-11f1-bf5e-01aa75ed71a1,http://publications.europa.eu/resource/cellar/82978172-2bea-480a-9477-aff97257ea27,resource-type/PUB_GEN,2026-07-14,Recent advancements on artificial intelligence for public health threats : the digital health perspectives,,2026
http://publications.europa.eu/resource/cellar/9e538d58-800a-11f1-bf5e-01aa75ed71a1,http://publications.europa.eu/resource/cellar/09d8716f-e731-435e-9e66-86080d1797d9,resource-type/PUB_GEN,2026-07-14,Recent advancements on artificial intelligence for public health threats : the digital health perspectives,,2026
http://publications.europa.eu/resource/cellar/9e538d58-800a-11f1-bf5e-01aa75ed71a1,http://publications.europa.eu/resource/cellar/b292bb6d-38ed-11ef-b441-01aa75ed71a1,resource-type/PUB_GEN,2026-07-14,Recent advancements on artificial intelligence for public health threats : the digital health perspectives,,2026
http://publications.europa.eu/resource/cellar/9e538d58-800a-11f1-bf5e-01aa75ed71a1,http://publications.europa.eu/resource/cellar/2e39d8c2-7632-11ef-bbbe-01aa75ed71a1,resource-type/PUB_GEN,2026-07-14,Recent advancements on artificial intelligence for public health threats : the digital health perspectives,,2026
http://publications.europa.eu/resource/cellar/9e538d58-800a-11f1-bf5e-01aa75ed71a1,http://publications.europa.eu/resource/cellar/f7635c61-ac80-11ef-acb1-01aa75ed71a1,resource-type/PUB_GEN,2026-07-14,Recent advancements on artificial intelligence for public health threats : the digital health perspectives,,2026
http://publications.europa.eu/resource/cellar/9e538d58-800a-11f1-bf5e-01aa75ed71a1,http://publications.europa.eu/resource/cellar/60669ec6-477c-11f0-85ba-01aa75ed71a1,resource-type/PUB_GEN,2026-07-14,Recent advancements on artificial intelligence for public health threats : the digital health perspectives,,2026
http://publications.europa.eu/resource/cellar/9e538d58-800a-11f1-bf5e-01aa75ed71a1,http://publications.europa.eu/resource/cellar/707c0d4a-477c-11f0-85ba-01aa75ed71a1,resource-type/PUB_GEN,2026-07-14,Recent advancements on artificial intelligence for public health threats : the digital health perspectives,,2026
http://publications.europa.eu/resource/cellar/9e538d58-800a-11f1-bf5e-01aa75ed71a1,http://publications.europa.eu/resource/cellar/881965a2-800a-11f1-bf5e-01aa75ed71a1,resource-type/PUB_GEN,2026-07-14,Recent advancements on artificial intelligence for public health threats : the digital health perspectives,,2026
http://publications.europa.eu/resource/cellar/9e538d58-800a-11f1-bf5e-01aa75ed71a1,http://publications.europa.eu/resource/cellar/8f0c9264-800a-11f1-bf5e-01aa75ed71a1,resource-type/PUB_GEN,2026-07-14,Recent advancements on artificial intelligence for public health threats : the digital health perspectives,,2026
http://publications.europa.eu/resource/cellar/9e538d58-800a-11f1-bf5e-01aa75ed71a1,http://publications.europa.eu/resource/cellar/9960eb86-800a-11f1-bf5e-01aa75ed71a1,resource-type/PUB_GEN,2026-07-14,Recent advancements on artificial intelligence for public health threats : the digital health perspectives,,2026
http://publications.europa.eu/resource/cellar/e45654de-9dcf-11f1-b25c-01aa75ed71a1,corporate-body/JRC,resource-type/REPORT,2026-08-21,"Emerging multidisciplinary computing visions : early-career researchers shaping share futures : a co-organised session at the 19th Conference on Computers, Privacy, Data Protection and Artificial Intelligence (CPDP.ai)",Commission,2026
http://publications.europa.eu/resource/cellar/e45654de-9dcf-11f1-b25c-01aa75ed71a1,http://publications.europa.eu/resource/cellar/e096188a-9dcf-11f1-b25c-01aa75ed71a1,resource-type/REPORT,2026-08-21,"Emerging multidisciplinary computing visions : early-career researchers shaping share futures : a co-organised session at the 19th Conference on Computers, Privacy, Data Protection and Artificial Intelligence (CPDP.ai)",,2026
http://publications.europa.eu/resource/cellar/e45654de-9dcf-11f1-b25c-01aa75ed71a1,http://publications.europa.eu/resource/cellar/e183fafb-9dcf-11f1-b25c-01aa75ed71a1,resource-type/REPORT,2026-08-21,"Emerging multidisciplinary computing visions : early-career researchers shaping share futures : a co-organised session at the 19th Conference on Computers, Privacy, Data Protection and Artificial Intelligence (CPDP.ai)",,2026
http://publications.europa.eu/resource/cellar/e45654de-9dcf-11f1-b25c-01aa75ed71a1,http://publications.europa.eu/resource/cellar/e26de5cc-9dcf-11f1-b25c-01aa75ed71a1,resource-type/REPORT,2026-08-21,"Emerging multidisciplinary computing visions : early-career researchers shaping share futures : a co-organised session at the 19th Conference on Computers, Privacy, Data Protection and Artificial Intelligence (CPDP.ai)",,2026
http://publications.europa.eu/resource/cellar/e45654de-9dcf-11f1-b25c-01aa75ed71a1,http://publications.europa.eu/resource/cellar/e36b589d-9dcf-11f1-b25c-01aa75ed71a1,resource-type/REPORT,2026-08-21,"Emerging multidisciplinary computing visions : early-career researchers shaping share futures : a co-organised session at the 19th Conference on Computers, Privacy, Data Protection and Artificial Intelligence (CPDP.ai)",,2026
http://publications.europa.eu/resource/cellar/b459c07f-86fb-11f1-bf5e-01aa75ed71a1,corporate-body/CONSIL,resource-type/REG,2026-07-08,"Regulation (EU) 2026/1744 of the European Parliament and of the Council of 8 July 2026 amending Regulations (EU) 2024/1689, (EU) 2018/1139 and (EU) 2023/1230 as regards the simplification of the implementation of harmonised rules on artificial intelligence (Digital Omnibus on AI) (Text with EEA relevance)",Council,2026
http://publications.europa.eu/resource/cellar/b459c07f-86fb-11f1-bf5e-01aa75ed71a1,corporate-body/EP,resource-type/REG,2026-07-08,"Regulation (EU) 2026/1744 of the European Parliament and of the Council of 8 July 2026 amending Regulations (EU) 2024/1689, (EU) 2018/1139 and (EU) 2023/1230 as regards the simplification of the implementation of harmonised rules on artificial intelligence (Digital Omnibus on AI) (Text with EEA relevance)",Parliament,2026
http://publications.europa.eu/resource/cellar/7a385efb-8a2a-11f1-8e61-01aa75ed71a1,corporate-body/EISMEA,resource-type/FACTSHEET,2026-07-27,Navigating intellectual property in the age of artificial intelligence,Commission,2026
http://publications.europa.eu/resource/cellar/60cb6359-a0e6-11f1-b25c-01aa75ed71a1,corporate-body/EP,resource-type/RES_LEGIS,2026-03-11,"P10_TA(2026)0071 – Council of Europe Framework Convention on Artificial Intelligence and Human Rights, Democracy and the Rule of Law – European Parliament legislative resolution of 11 March 2026 on the draft Council decision on the conclusion, on behalf of the European Union, of the Council of Europe Framework Convention on Artificial Intelligence and Human Rights, Democracy and the Rule of Law (11361/2025– C10-0183/2025 – 2025/0136(NLE)) (Consent)",Parliament,2026
http://publications.europa.eu/resource/cellar/60cb6359-a0e6-11f1-b25c-01aa75ed71a1,corporate-body/EP_CULT,resource-type/RES_LEGIS,2026-03-11,"P10_TA(2026)0071 – Council of Europe Framework Convention on Artificial Intelligence and Human Rights, Democracy and the Rule of Law – European Parliament legislative resolution of 11 March 2026 on the draft Council decision on the conclusion, on behalf of the European Union, of the Council of Europe Framework Convention on Artificial Intelligence and Human Rights, Democracy and the Rule of Law (11361/2025– C10-0183/2025 – 2025/0136(NLE)) (Consent)",Parliament,2026
http://publications.europa.eu/resource/cellar/60cb6359-a0e6-11f1-b25c-01aa75ed71a1,corporate-body/EP_IMCO,resource-type/RES_LEGIS,2026-03-11,"P10_TA(2026)0071 – Council of Europe Framework Convention on Artificial Intelligence and Human Rights, Democracy and the Rule of Law – European Parliament legislative resolution of 11 March 2026 on the draft Council decision on the conclusion, on behalf of the European Union, of the Council of Europe Framework Convention on Artificial Intelligence and Human Rights, Democracy and the Rule of Law (11361/2025– C10-0183/2025 – 2025/0136(NLE)) (Consent)",Parliament,2026
http://publications.europa.eu/resource/cellar/60cb6359-a0e6-11f1-b25c-01aa75ed71a1,corporate-body/EP_ITRE,resource-type/RES_LEGIS,2026-03-11,"P10_TA(2026)0071 – Council of Europe Framework Convention on Artificial Intelligence and Human Rights, Democracy and the Rule of Law – European Parliament legislative resolution of 11 March 2026 on the draft Council decision on the conclusion, on behalf of the European Union, of the Council of Europe Framework Convention on Artificial Intelligence and Human Rights, Democracy and the Rule of Law (11361/2025– C10-0183/2025 – 2025/0136(NLE)) (Consent)",Parliament,2026
http://publications.europa.eu/resource/cellar/60cb6359-a0e6-11f1-b25c-01aa75ed71a1,corporate-body/EP_LIBE,resource-type/RES_LEGIS,2026-03-11,"P10_TA(2026)0071 – Council of Europe Framework Convention on Artificial Intelligence and Human Rights, Democracy and the Rule of Law – European Parliament legislative resolution of 11 March 2026 on the draft Council decision on the conclusion, on behalf of the European Union, of the Council of Europe Framework Convention on Artificial Intelligence and Human Rights, Democracy and the Rule of Law (11361/2025– C10-0183/2025 – 2025/0136(NLE)) (Consent)",Parliament,2026
http://publications.europa.eu/resource/cellar/60cb6359-a0e6-11f1-b25c-01aa75ed71a1,corporate-body/EP_BUDG,resource-type/RES_LEGIS,2026-03-11,"P10_TA(2026)0071 – Council of Europe Framework Convention on Artificial Intelligence and Human Rights, Democracy and the Rule of Law – European Parliament legislative resolution of 11 March 2026 on the draft Council decision on the conclusion, on behalf of the European Union, of the Council of Europe Framework Convention on Artificial Intelligence and Human Rights, Democracy and the Rule of Law (11361/2025– C10-0183/2025 – 2025/0136(NLE)) (Consent)",Parliament,2026
http://publications.europa.eu/resource/cellar/60cb6359-a0e6-11f1-b25c-01aa75ed71a1,corporate-body/EP_JURI,resource-type/RES_LEGIS,2026-03-11,"P10_TA(2026)0071 – Council of Europe Framework Convention on Artificial Intelligence and Human Rights, Democracy and the Rule of Law – European Parliament legislative resolution of 11 March 2026 on the draft Council decision on the conclusion, on behalf of the European Union, of the Council of Europe Framework Convention on Artificial Intelligence and Human Rights, Democracy and the Rule of Law (11361/2025– C10-0183/2025 – 2025/0136(NLE)) (Consent)",Parliament,2026
http://publications.europa.eu/resource/cellar/6502082f-a0e6-11f1-b25c-01aa75ed71a1,corporate-body/EP,resource-type/OWNINI_RES,2026-03-10,P10_TA(2026)0066 – Copyright and generative artificial intelligence – opportunities and challenges – European Parliament resolution of 10 March 2026 on copyright and generative artificial intelligence – opportunities and challenges (2025/2058(INI)),Parliament,2026
http://publications.europa.eu/resource/cellar/6502082f-a0e6-11f1-b25c-01aa75ed71a1,corporate-body/EP_JURI,resource-type/OWNINI_RES,2026-03-10,P10_TA(2026)0066 – Copyright and generative artificial intelligence – opportunities and challenges – European Parliament resolution of 10 March 2026 on copyright and generative artificial intelligence – opportunities and challenges (2025/2058(INI)),Parliament,2026
http://publications.europa.eu/resource/cellar/b362fd9c-a666-11f1-b25c-01aa75ed71a1,corporate-body/EP,resource-type/RES_LEGIS,2026-03-26,P10_TA(2026)0098 – Simplification of the implementation of harmonised rules on artificial intelligence (Digital Omnibus on AI) – Amendments adopted by the European Parliament on 26 March 2026 on the proposal for a regulation of the European Parliament and of the Council amending Regulations (EU) 2024/1689 and (EU) 2018/1139 as regards the simplification of the implementation of harmonised rules on artificial intelligence (Digital Omnibus on AI) (COM(2025)0836 – C10-0304/2025 – 2025/0359(COD)) (Ordinary legislative procedure: first reading),Parliament,2026
http://publications.europa.eu/resource/cellar/b362fd9c-a666-11f1-b25c-01aa75ed71a1,corporate-body/EP_CULT,resource-type/RES_LEGIS,2026-03-26,P10_TA(2026)0098 – Simplification of the implementation of harmonised rules on artificial intelligence (Digital Omnibus on AI) – Amendments adopted by the European Parliament on 26 March 2026 on the proposal for a regulation of the European Parliament and of the Council amending Regulations (EU) 2024/1689 and (EU) 2018/1139 as regards the simplification of the implementation of harmonised rules on artificial intelligence (Digital Omnibus on AI) (COM(2025)0836 – C10-0304/2025 – 2025/0359(COD)) (Ordinary legislative procedure: first reading),Parliament,2026
http://publications.europa.eu/resource/cellar/b362fd9c-a666-11f1-b25c-01aa75ed71a1,corporate-body/EP_IMCO,resource-type/RES_LEGIS,2026-03-26,P10_TA(2026)0098 – Simplification of the implementation of harmonised rules on artificial intelligence (Digital Omnibus on AI) – Amendments adopted by the European Parliament on 26 March 2026 on the proposal for a regulation of the European Parliament and of the Council amending Regulations (EU) 2024/1689 and (EU) 2018/1139 as regards the simplification of the implementation of harmonised rules on artificial intelligence (Digital Omnibus on AI) (COM(2025)0836 – C10-0304/2025 – 2025/0359(COD)) (Ordinary legislative procedure: first reading),Parliament,2026
http://publications.europa.eu/resource/cellar/b362fd9c-a666-11f1-b25c-01aa75ed71a1,corporate-body/EP_ITRE,resource-type/RES_LEGIS,2026-03-26,P10_TA(2026)0098 – Simplification of the implementation of harmonised rules on artificial intelligence (Digital Omnibus on AI) – Amendments adopted by the European Parliament on 26 March 2026 on the proposal for a regulation of the European Parliament and of the Council amending Regulations (EU) 2024/1689 and (EU) 2018/1139 as regards the simplification of the implementation of harmonised rules on artificial intelligence (Digital Omnibus on AI) (COM(2025)0836 – C10-0304/2025 – 2025/0359(COD)) (Ordinary legislative procedure: first reading),Parliament,2026
http://publications.europa.eu/resource/cellar/b362fd9c-a666-11f1-b25c-01aa75ed71a1,corporate-body/EP_LIBE,resource-type/RES_LEGIS,2026-03-26,P10_TA(2026)0098 – Simplification of the implementation of harmonised rules on artificial intelligence (Digital Omnibus on AI) – Amendments adopted by the European Parliament on 26 March 2026 on the proposal for a regulation of the European Parliament and of the Council amending Regulations (EU) 2024/1689 and (EU) 2018/1139 as regards the simplification of the implementation of harmonised rules on artificial intelligence (Digital Omnibus on AI) (COM(2025)0836 – C10-0304/2025 – 2025/0359(COD)) (Ordinary legislative procedure: first reading),Parliament,2026
http://publications.europa.eu/resource/cellar/b362fd9c-a666-11f1-b25c-01aa75ed71a1,corporate-body/EP_TRAN,resource-type/RES_LEGIS,2026-03-26,P10_TA(2026)0098 – Simplification of the implementation of harmonised rules on artificial intelligence (Digital Omnibus on AI) – Amendments adopted by the European Parliament on 26 March 2026 on the proposal for a regulation of the European Parliament and of the Council amending Regulations (EU) 2024/1689 and (EU) 2018/1139 as regards the simplification of the implementation of harmonised rules on artificial intelligence (Digital Omnibus on AI) (COM(2025)0836 – C10-0304/2025 – 2025/0359(COD)) (Ordinary legislative procedure: first reading),Parliament,2026
http://publications.europa.eu/resource/cellar/b362fd9c-a666-11f1-b25c-01aa75ed71a1,corporate-body/EP_BUDG,resource-type/RES_LEGIS,2026-03-26,P10_TA(2026)0098 – Simplification of the implementation of harmonised rules on artificial intelligence (Digital Omnibus on AI) – Amendments adopted by the European Parliament on 26 March 2026 on the proposal for a regulation of the European Parliament and of the Council amending Regulations (EU) 2024/1689 and (EU) 2018/1139 as regards the simplification of the implementation of harmonised rules on artificial intelligence (Digital Omnibus on AI) (COM(2025)0836 – C10-0304/2025 – 2025/0359(COD)) (Ordinary legislative procedure: first reading),Parliament,2026
http://publications.europa.eu/resource/cellar/b362fd9c-a666-11f1-b25c-01aa75ed71a1,corporate-body/EP_JURI,resource-type/RES_LEGIS,2026-03-26,P10_TA(2026)0098 – Simplification of the implementation of harmonised rules on artificial intelligence (Digital Omnibus on AI) – Amendments adopted by the European Parliament on 26 March 2026 on the proposal for a regulation of the European Parliament and of the Council amending Regulations (EU) 2024/1689 and (EU) 2018/1139 as regards the simplification of the implementation of harmonised rules on artificial intelligence (Digital Omnibus on AI) (COM(2025)0836 – C10-0304/2025 – 2025/0359(COD)) (Ordinary legislative procedure: first reading),Parliament,2026
