work,agent,type,date,title,institution,year
http://publications.europa.eu/resource/cellar/880d1392-d482-11ef-be2a-01aa75ed71a1,corporate-body/EISMEA,resource-type/PUB_GEN,2025-01-15,Chatbot IP protection : case study.,Commission,2025
http://publications.europa.eu/resource/cellar/9e05efdd-9540-11f0-97c8-01aa75ed71a1,corporate-body/COM,resource-type/PROP_DEC,2025-09-19,Proposal for a COUNCIL DECISION on the position to be taken on behalf of the European Union on the Draft Recommendation of the Committee of Ministers of the Council of Europe on equality and artificial intelligence,Commission,2025
http://publications.europa.eu/resource/cellar/9e05efdd-9540-11f0-97c8-01aa75ed71a1,corporate-body/JUST,resource-type/PROP_DEC,2025-09-19,Proposal for a COUNCIL DECISION on the position to be taken on behalf of the European Union on the Draft Recommendation of the Committee of Ministers of the Council of Europe on equality and artificial intelligence,Commission,2025
http://publications.europa.eu/resource/cellar/a84cffb3-88a2-11eb-ac4c-01aa75ed71a1,corporate-body/COM,resource-type/COMMUNIC_POSIT,2021-03-19,COMMUNICATION FROM THE COMMISSION TO THE EUROPEAN PARLIAMENT pursuant to Article 294(6) of the Treaty on the Functioning of the European Union concerning the position of the Council on the adoption of a Regulation of the European Parliament and of the Council on the Digital Europe programme for the period 2021-2027,Commission,2021
http://publications.europa.eu/resource/cellar/a84cffb3-88a2-11eb-ac4c-01aa75ed71a1,corporate-body/CNECT,resource-type/COMMUNIC_POSIT,2021-03-19,COMMUNICATION FROM THE COMMISSION TO THE EUROPEAN PARLIAMENT pursuant to Article 294(6) of the Treaty on the Functioning of the European Union concerning the position of the Council on the adoption of a Regulation of the European Parliament and of the Council on the Digital Europe programme for the period 2021-2027,Commission,2021
http://publications.europa.eu/resource/cellar/d6a2aff1-b1f2-11eb-8aca-01aa75ed71a1,corporate-body/CONSIL,resource-type/REG,2021-04-29,Regulation (EU) 2021/694 of the European Parliament and of the Council of 29 April 2021 establishing the Digital Europe Programme and repealing Decision (EU) 2015/2240 (Text with EEA relevance),Council,2021
http://publications.europa.eu/resource/cellar/d6a2aff1-b1f2-11eb-8aca-01aa75ed71a1,corporate-body/EP,resource-type/REG,2021-04-29,Regulation (EU) 2021/694 of the European Parliament and of the Council of 29 April 2021 establishing the Digital Europe Programme and repealing Decision (EU) 2015/2240 (Text with EEA relevance),Parliament,2021
http://publications.europa.eu/resource/cellar/ac957f13-53c6-11ea-aece-01aa75ed71a1,corporate-body/COM,resource-type/PAPER_WHITE,2020-02-19,WHITE PAPER On Artificial Intelligence - A European approach to excellence and trust,Commission,2020
http://publications.europa.eu/resource/cellar/ac957f13-53c6-11ea-aece-01aa75ed71a1,corporate-body/CNECT,resource-type/PAPER_WHITE,2020-02-19,WHITE PAPER On Artificial Intelligence - A European approach to excellence and trust,Commission,2020
http://publications.europa.eu/resource/cellar/c2da5aca-538f-11ea-aece-01aa75ed71a1,corporate-body/COMMU,resource-type/PUB_GEN,2020-02-19,What's in it for businesses : shaping Europe’s digital future.,,2020
http://publications.europa.eu/resource/cellar/4ce205b8-53d2-11ea-aece-01aa75ed71a1,corporate-body/COM,resource-type/REPORT,2020-02-19,"REPORT FROM THE COMMISSION TO THE EUROPEAN PARLIAMENT, THE COUNCIL AND THE EUROPEAN ECONOMIC AND SOCIAL COMMITTEE Report on the safety and liability implications of Artificial Intelligence, the Internet of Things and robotics",Commission,2020
http://publications.europa.eu/resource/cellar/4ce205b8-53d2-11ea-aece-01aa75ed71a1,corporate-body/JUSTI,resource-type/REPORT,2020-02-19,"REPORT FROM THE COMMISSION TO THE EUROPEAN PARLIAMENT, THE COUNCIL AND THE EUROPEAN ECONOMIC AND SOCIAL COMMITTEE Report on the safety and liability implications of Artificial Intelligence, the Internet of Things and robotics",,2020
http://publications.europa.eu/resource/cellar/7ee64722-945e-11ec-b4e4-01aa75ed71a1,corporate-body/EP_RESEARCH,resource-type/PUB_GEN,2022-02-21,Digital transformation : cost of non-Europe.,Parliament,2022
http://publications.europa.eu/resource/cellar/7ee64722-945e-11ec-b4e4-01aa75ed71a1,corporate-body/EP_RESEARCH,resource-type/STU,2022-02-21,Digital transformation : cost of non-Europe.,Parliament,2022
http://publications.europa.eu/resource/cellar/ac048c38-9392-11ec-b4e4-01aa75ed71a1,corporate-body/EP_RESEARCH,resource-type/PUB_GEN,2022-02-21,How to stress-test EU policies : building a more resilient Europe for tomorrow.,Parliament,2022
http://publications.europa.eu/resource/cellar/ac048c38-9392-11ec-b4e4-01aa75ed71a1,corporate-body/EP_RESEARCH,resource-type/STU,2022-02-21,How to stress-test EU policies : building a more resilient Europe for tomorrow.,Parliament,2022
http://publications.europa.eu/resource/cellar/5afe84e4-9b6e-11ec-83e1-01aa75ed71a1,corporate-body/EP_RESEARCH,resource-type/PUB_GEN,2020-04-30,Ten technologies to fight coronavirus : in-depth analysis.,Parliament,2020
http://publications.europa.eu/resource/cellar/5afe84e4-9b6e-11ec-83e1-01aa75ed71a1,corporate-body/EP_RESEARCH,resource-type/STU,2020-04-30,Ten technologies to fight coronavirus : in-depth analysis.,Parliament,2020
http://publications.europa.eu/resource/cellar/3e2cf0e2-a34b-11ec-83e1-01aa75ed71a1,corporate-body/RTD,resource-type/PUB_GEN,2022-03-02,Cancer screening in the European Union : executive summary.,Commission,2022
http://publications.europa.eu/resource/cellar/3e2cf0e2-a34b-11ec-83e1-01aa75ed71a1,corporate-body/SAM_ADV,resource-type/PUB_GEN,2022-03-02,Cancer screening in the European Union : executive summary.,,2022
http://publications.europa.eu/resource/cellar/3e2cf0e2-a34b-11ec-83e1-01aa75ed71a1,corporate-body/RTD,resource-type/STU_SUM_EXE,2022-03-02,Cancer screening in the European Union : executive summary.,Commission,2022
http://publications.europa.eu/resource/cellar/3e2cf0e2-a34b-11ec-83e1-01aa75ed71a1,corporate-body/SAM_ADV,resource-type/STU_SUM_EXE,2022-03-02,Cancer screening in the European Union : executive summary.,,2022
http://publications.europa.eu/resource/cellar/519a9bf4-9f5b-11ec-83e1-01aa75ed71a1,corporate-body/RTD,resource-type/PUB_GEN,2022-03-02,Cancer screening in the European Union.,Commission,2022
http://publications.europa.eu/resource/cellar/519a9bf4-9f5b-11ec-83e1-01aa75ed71a1,corporate-body/SAM_ADV,resource-type/PUB_GEN,2022-03-02,Cancer screening in the European Union.,,2022
http://publications.europa.eu/resource/cellar/519a9bf4-9f5b-11ec-83e1-01aa75ed71a1,corporate-body/RTD,resource-type/STU,2022-03-02,Cancer screening in the European Union.,Commission,2022
http://publications.europa.eu/resource/cellar/519a9bf4-9f5b-11ec-83e1-01aa75ed71a1,corporate-body/SAM_ADV,resource-type/STU,2022-03-02,Cancer screening in the European Union.,,2022
http://publications.europa.eu/resource/cellar/6a3b2ad6-a021-11ec-83e1-01aa75ed71a1,corporate-body/EP_INTERNAL_POL,resource-type/PUB_GEN,2022-03-07,Identification and assessment of existing and draft EU legislation in the digital field.,Parliament,2022
http://publications.europa.eu/resource/cellar/6a3b2ad6-a021-11ec-83e1-01aa75ed71a1,corporate-body/EP_INTERNAL_POL,resource-type/STU,2022-03-07,Identification and assessment of existing and draft EU legislation in the digital field.,Parliament,2022
http://publications.europa.eu/resource/cellar/6b3d4998-a0eb-11ec-83e1-01aa75ed71a1,corporate-body/EP_INTERNAL_POL,resource-type/PUB_GEN,2022-03-07,Recent studies on artificial intelligence.,Parliament,2022
http://publications.europa.eu/resource/cellar/5878c49f-e5d0-11eb-a1a5-01aa75ed71a1,corporate-body/EESC,resource-type/OWNINI_OPIN,2021-04-27,Opinion of the European Economic and Social Committee on ‘Liberal Professions 4.0’ (Own-initiative opinion),,2021
http://publications.europa.eu/resource/cellar/e0649735-a372-11eb-9585-01aa75ed71a1,corporate-body/COM,resource-type/PROP_REG,2021-04-21,Proposal for a REGULATION OF THE EUROPEAN PARLIAMENT AND OF THE COUNCIL LAYING DOWN HARMONISED RULES ON ARTIFICIAL INTELLIGENCE (ARTIFICIAL INTELLIGENCE ACT) AND AMENDING CERTAIN UNION LEGISLATIVE ACTS,Commission,2021
http://publications.europa.eu/resource/cellar/e0649735-a372-11eb-9585-01aa75ed71a1,corporate-body/CNECT,resource-type/PROP_REG,2021-04-21,Proposal for a REGULATION OF THE EUROPEAN PARLIAMENT AND OF THE COUNCIL LAYING DOWN HARMONISED RULES ON ARTIFICIAL INTELLIGENCE (ARTIFICIAL INTELLIGENCE ACT) AND AMENDING CERTAIN UNION LEGISLATIVE ACTS,Commission,2021
http://publications.europa.eu/resource/cellar/ea26b1db-508c-11eb-b59f-01aa75ed71a1,corporate-body/COM,resource-type/ANNOUNC,2021-01-07,Prior notification of a concentration (Case M.10053 — Zollner Elektronik/Syskron Holding/Samhammer/TIKI) Candidate case for simplified procedure (Text with EEA relevance) 2021/C 5/17,Commission,2021
http://publications.europa.eu/resource/cellar/ea26b1db-508c-11eb-b59f-01aa75ed71a1,corporate-body/COMP,resource-type/ANNOUNC,2021-01-07,Prior notification of a concentration (Case M.10053 — Zollner Elektronik/Syskron Holding/Samhammer/TIKI) Candidate case for simplified procedure (Text with EEA relevance) 2021/C 5/17,Commission,2021
http://publications.europa.eu/resource/cellar/f3591f94-61d3-11eb-aeb5-01aa75ed71a1,corporate-body/COM,resource-type/NOTICE,2021-01-22,Non-opposition to a notified concentration (Case M.10053 — Zollner Elektronik/Syskron Holding/Samhammer/TIKI) (Text with EEA relevance) 2021/C 32/03,Commission,2021
http://publications.europa.eu/resource/cellar/f3591f94-61d3-11eb-aeb5-01aa75ed71a1,corporate-body/COMP,resource-type/NOTICE,2021-01-22,Non-opposition to a notified concentration (Case M.10053 — Zollner Elektronik/Syskron Holding/Samhammer/TIKI) (Text with EEA relevance) 2021/C 32/03,Commission,2021
http://publications.europa.eu/resource/cellar/62cbc093-61e4-11eb-aeb5-01aa75ed71a1,corporate-body/OAMI,resource-type/PUB_GEN,2020-11-25,"Automated content recognition : discussion paper. Phase 1, Existing technologies and their impact on IP.",,2020
http://publications.europa.eu/resource/cellar/920cdbf5-6441-11eb-aeb5-01aa75ed71a1,corporate-body/FRA,resource-type/PUB_GEN,2021-01-29,Getting the future right : artificial intelligence and fundamental rights : summary.,,2021
http://publications.europa.eu/resource/cellar/4e693ff9-e5d4-11eb-a1a5-01aa75ed71a1,corporate-body/EESC,resource-type/OPIN,2021-04-27,"Opinion of the European Economic and Social Committee on ‘Communication from the Commission to the European Parliament, the Council, the European Economic and Social Committee and the Committee of the Regions — Digitalisation of justice in the European Union. A toolbox of opportunities (COM(2020) 710 final)",,2021
http://publications.europa.eu/resource/cellar/a025ed68-018d-11ed-acce-01aa75ed71a1,corporate-body/EUSC,resource-type/PUB_GEN,2022-07-11,EU SatCen : annual report 2019.,,2022
http://publications.europa.eu/resource/cellar/12738974-40d7-11eb-b27b-01aa75ed71a1,corporate-body/COR,resource-type/OWNINI_OPIN,2020-10-14,Opinion of the European Committee of the Regions – White Paper on Artificial Intelligence — A European approach to excellence and trust,,2020
http://publications.europa.eu/resource/cellar/12738974-40d7-11eb-b27b-01aa75ed71a1,corporate-body/COR_SEDEC,resource-type/OWNINI_OPIN,2020-10-14,Opinion of the European Committee of the Regions – White Paper on Artificial Intelligence — A European approach to excellence and trust,,2020
http://publications.europa.eu/resource/cellar/fef47d36-0253-11ed-acce-01aa75ed71a1,corporate-body/EIGE,resource-type/PUB_GEN,2022-07-12,Online panel survey of platform workers : technical report.,,2022
http://publications.europa.eu/resource/cellar/b62d779f-f959-11ea-991b-01aa75ed71a1,corporate-body/RTD,resource-type/PUB_GEN,2020-09-17,Ethics of connected and automated vehicles.,Commission,2020
http://publications.europa.eu/resource/cellar/b969545d-af9f-11ea-bb7a-01aa75ed71a1,corporate-body/CONSIL,resource-type/CONCL,2020-06-09,Council conclusions on shaping Europe’s digital future 2020/C 202 I/01,Council,2020
http://publications.europa.eu/resource/cellar/86598559-fd56-11ea-b44f-01aa75ed71a1,corporate-body/JRC,resource-type/PUB_GEN,2020-09-22,Exploring digital government transformation in the EU : understanding public sector innovation in a data-driven society.,Commission,2020
http://publications.europa.eu/resource/cellar/86598559-fd56-11ea-b44f-01aa75ed71a1,corporate-body/JRC,resource-type/STU,2020-09-22,Exploring digital government transformation in the EU : understanding public sector innovation in a data-driven society.,Commission,2020
http://publications.europa.eu/resource/cellar/c70724cb-62cb-11ec-a033-01aa75ed71a1,corporate-body/EESC,resource-type/OPIN,2021-09-22,Opinion of the European Economic and Social Committee on Proposal for a Regulation of the European Parliament and of the Council laying down harmonised rules on artificial intelligence (Artificial Intelligence Act) and amending certain union legislative acts (COM(2021) 206 final — 2021/106 (COD)),,2021
http://publications.europa.eu/resource/cellar/b94fc82c-3588-11eb-b27b-01aa75ed71a1,corporate-body/COM,resource-type/COMMUNIC,2020-12-02,"COMMUNICATION FROM THE COMMISSION TO THE EUROPEAN PARLIAMENT, THE COUNCIL, THE EUROPEAN ECONOMIC AND SOCIAL COMMITTEE AND THE COMMITTEE OF THE REGIONS Digitalisation of justice in the European Union A toolbox of opportunities",Commission,2020
http://publications.europa.eu/resource/cellar/b94fc82c-3588-11eb-b27b-01aa75ed71a1,corporate-body/JUST,resource-type/COMMUNIC,2020-12-02,"COMMUNICATION FROM THE COMMISSION TO THE EUROPEAN PARLIAMENT, THE COUNCIL, THE EUROPEAN ECONOMIC AND SOCIAL COMMITTEE AND THE COMMITTEE OF THE REGIONS Digitalisation of justice in the European Union A toolbox of opportunities",Commission,2020
http://publications.europa.eu/resource/cellar/836f8ddc-0de5-11eb-bc07-01aa75ed71a1,corporate-body/CONSIL,resource-type/CONCL,2020-10-13,Council Conclusions ‘Access to justice – seizing the opportunities of digitalisation’ 2020/C 342 I/01,Council,2020
http://publications.europa.eu/resource/cellar/ad93b529-5320-11ec-91ac-01aa75ed71a1,corporate-body/PUBL,resource-type/PUB_GEN,2021-12-01,CORDIS results pack on artificial intelligence and industry.,,2021
http://publications.europa.eu/resource/cellar/ca49a33d-3588-11eb-b27b-01aa75ed71a1,corporate-body/COM,resource-type/SWD,2020-12-02,"COMMISSION STAFF WORKING DOCUMENT Accompanying the Communication Communication from the Commission to the European Parliament, the Council, the European Economic and Social Committee and the Committee of the Regions Digitalisation of justice in the European Union A toolbox of opportunities",Commission,2020
http://publications.europa.eu/resource/cellar/ca49a33d-3588-11eb-b27b-01aa75ed71a1,corporate-body/JUST,resource-type/SWD,2020-12-02,"COMMISSION STAFF WORKING DOCUMENT Accompanying the Communication Communication from the Commission to the European Parliament, the Council, the European Economic and Social Committee and the Committee of the Regions Digitalisation of justice in the European Union A toolbox of opportunities",Commission,2020
http://publications.europa.eu/resource/cellar/8e53a973-a3ce-11eb-9585-01aa75ed71a1,corporate-body/COM,resource-type/ANNOUNC,2021-04-23,Prior notification of a concentration (Case M.10182 — SADCO/COGNITE/JV) Candidate case for simplified procedure (Text with EEA relevance) 2021/C 143/06,Commission,2021
http://publications.europa.eu/resource/cellar/8e53a973-a3ce-11eb-9585-01aa75ed71a1,corporate-body/COMP,resource-type/ANNOUNC,2021-04-23,Prior notification of a concentration (Case M.10182 — SADCO/COGNITE/JV) Candidate case for simplified procedure (Text with EEA relevance) 2021/C 143/06,Commission,2021
http://publications.europa.eu/resource/cellar/43c6ebae-a34a-11ec-83e1-01aa75ed71a1,corporate-body/RTD,resource-type/PUB_GEN,2022-03-02,Scientific opinion on cancer screening in the European Union.,Commission,2022
http://publications.europa.eu/resource/cellar/43c6ebae-a34a-11ec-83e1-01aa75ed71a1,corporate-body/SAM_ADV,resource-type/PUB_GEN,2022-03-02,Scientific opinion on cancer screening in the European Union.,,2022
http://publications.europa.eu/resource/cellar/8757d6fa-d4c1-11ec-a95f-01aa75ed71a1,corporate-body/JRC,resource-type/PUB_GEN,2022-05-13,"AI watch, Revisiting technology readiness levels for relevant artificial intelligence technologies.",Commission,2022
http://publications.europa.eu/resource/cellar/8757d6fa-d4c1-11ec-a95f-01aa75ed71a1,corporate-body/JRC,resource-type/STU,2022-05-13,"AI watch, Revisiting technology readiness levels for relevant artificial intelligence technologies.",Commission,2022
http://publications.europa.eu/resource/cellar/97c6108b-d4bd-11ec-a95f-01aa75ed71a1,corporate-body/JRC,resource-type/PUB_GEN,2022-05-12,Artificial intelligence in the public sector : a driver for positive change when applied in a human-centric and trustworthy way.,Commission,2022
http://publications.europa.eu/resource/cellar/040640f7-d588-11ec-a95f-01aa75ed71a1,corporate-body/FRA,resource-type/PUB_GEN,2022-05-16,Making AI fundamental rights-friendly.,,2022
http://publications.europa.eu/resource/cellar/403c4ead-d58a-11ec-a95f-01aa75ed71a1,corporate-body/FRA,resource-type/PUB_GEN,2022-05-16,Artificial intelligence & its potential impact.,,2022
http://publications.europa.eu/resource/cellar/cdfe7634-d7e9-11ec-a95f-01aa75ed71a1,corporate-body/RTD,resource-type/PUB_GEN,2022-05-19,Small modular reactors and medical applications of nuclear technologies : a focus on research and artificial intelligence high-level European nuclear roundtable.,Commission,2022
http://publications.europa.eu/resource/cellar/baebce15-1ef5-11ed-8fa0-01aa75ed71a1,corporate-body/COM,resource-type/RECO_DEC,2022-08-18,"Recommendation for a COUNCIL DECISION authorising the opening of negotiations on behalf of the European Union for a Council of Europe convention on artificial intelligence, human rights, democracy and the rule of law",Commission,2022
http://publications.europa.eu/resource/cellar/baebce15-1ef5-11ed-8fa0-01aa75ed71a1,corporate-body/CNECT,resource-type/RECO_DEC,2022-08-18,"Recommendation for a COUNCIL DECISION authorising the opening of negotiations on behalf of the European Union for a Council of Europe convention on artificial intelligence, human rights, democracy and the rule of law",Commission,2022
http://publications.europa.eu/resource/cellar/f6527c8e-c8c7-11eb-84ce-01aa75ed71a1,corporate-body/JRC,resource-type/PUB_GEN,2021-06-08,What future for European robotics? : a science for policy perspective : JRC virtual conference 27-29 January 2021.,Commission,2021
http://publications.europa.eu/resource/cellar/f6527c8e-c8c7-11eb-84ce-01aa75ed71a1,corporate-body/JRC,resource-type/STU,2021-06-08,What future for European robotics? : a science for policy perspective : JRC virtual conference 27-29 January 2021.,Commission,2021
http://publications.europa.eu/resource/cellar/a69bfef7-958d-11ea-aac4-01aa75ed71a1,corporate-body/PUBL,resource-type/PUB_GEN,2020-05-13,CORDIS results pack on artificial intelligence and industry : turbocharging European industry.,,2020
http://publications.europa.eu/resource/cellar/f7f25904-983b-11ec-b4e4-01aa75ed71a1,corporate-body/COR,resource-type/OPIN,2021-12-02,Opinion of the European Committee of the Regions — European approach to artificial intelligence — Artificial Intelligence Act (revised opinion),,2021
http://publications.europa.eu/resource/cellar/f7f25904-983b-11ec-b4e4-01aa75ed71a1,corporate-body/COR_SEDEC,resource-type/OPIN,2021-12-02,Opinion of the European Committee of the Regions — European approach to artificial intelligence — Artificial Intelligence Act (revised opinion),,2021
http://publications.europa.eu/resource/cellar/1923c62a-2640-11ec-bd8e-01aa75ed71a1,corporate-body/EP,resource-type/OWNINI_RES,2020-10-20,European Parliament resolution of 20 October 2020 with recommendations to the Commission on a civil liability regime for artificial intelligence (2020/2014(INL)),Parliament,2020
http://publications.europa.eu/resource/cellar/1923c62a-2640-11ec-bd8e-01aa75ed71a1,corporate-body/EP_IMCO,resource-type/OWNINI_RES,2020-10-20,European Parliament resolution of 20 October 2020 with recommendations to the Commission on a civil liability regime for artificial intelligence (2020/2014(INL)),Parliament,2020
http://publications.europa.eu/resource/cellar/1923c62a-2640-11ec-bd8e-01aa75ed71a1,corporate-body/EP_LIBE,resource-type/OWNINI_RES,2020-10-20,European Parliament resolution of 20 October 2020 with recommendations to the Commission on a civil liability regime for artificial intelligence (2020/2014(INL)),Parliament,2020
http://publications.europa.eu/resource/cellar/1923c62a-2640-11ec-bd8e-01aa75ed71a1,corporate-body/EP_TRAN,resource-type/OWNINI_RES,2020-10-20,European Parliament resolution of 20 October 2020 with recommendations to the Commission on a civil liability regime for artificial intelligence (2020/2014(INL)),Parliament,2020
http://publications.europa.eu/resource/cellar/1923c62a-2640-11ec-bd8e-01aa75ed71a1,corporate-body/EP_JURI,resource-type/OWNINI_RES,2020-10-20,European Parliament resolution of 20 October 2020 with recommendations to the Commission on a civil liability regime for artificial intelligence (2020/2014(INL)),Parliament,2020
http://publications.europa.eu/resource/cellar/3f4e211c-2640-11ec-bd8e-01aa75ed71a1,corporate-body/EP,resource-type/OWNINI_RES,2020-10-20,European Parliament resolution of 20 October 2020 on intellectual property rights for the development of artificial intelligence technologies (2020/2015(INI)),Parliament,2020
http://publications.europa.eu/resource/cellar/3f4e211c-2640-11ec-bd8e-01aa75ed71a1,corporate-body/EP_CULT,resource-type/OWNINI_RES,2020-10-20,European Parliament resolution of 20 October 2020 on intellectual property rights for the development of artificial intelligence technologies (2020/2015(INI)),Parliament,2020
http://publications.europa.eu/resource/cellar/3f4e211c-2640-11ec-bd8e-01aa75ed71a1,corporate-body/EP_IMCO,resource-type/OWNINI_RES,2020-10-20,European Parliament resolution of 20 October 2020 on intellectual property rights for the development of artificial intelligence technologies (2020/2015(INI)),Parliament,2020
http://publications.europa.eu/resource/cellar/3f4e211c-2640-11ec-bd8e-01aa75ed71a1,corporate-body/EP_TRAN,resource-type/OWNINI_RES,2020-10-20,European Parliament resolution of 20 October 2020 on intellectual property rights for the development of artificial intelligence technologies (2020/2015(INI)),Parliament,2020
http://publications.europa.eu/resource/cellar/3f4e211c-2640-11ec-bd8e-01aa75ed71a1,corporate-body/EP_AFCO,resource-type/OWNINI_RES,2020-10-20,European Parliament resolution of 20 October 2020 on intellectual property rights for the development of artificial intelligence technologies (2020/2015(INI)),Parliament,2020
http://publications.europa.eu/resource/cellar/3f4e211c-2640-11ec-bd8e-01aa75ed71a1,corporate-body/EP_JURI,resource-type/OWNINI_RES,2020-10-20,European Parliament resolution of 20 October 2020 on intellectual property rights for the development of artificial intelligence technologies (2020/2015(INI)),Parliament,2020
http://publications.europa.eu/resource/cellar/61d496bf-263f-11ec-bd8e-01aa75ed71a1,corporate-body/EP,resource-type/OWNINI_RES,2020-10-20,European Parliament resolution of 20 October 2020 with recommendations to the Commission on the Digital Services Act: Improving the functioning of the Single Market (2020/2018(INL)),Parliament,2020
http://publications.europa.eu/resource/cellar/61d496bf-263f-11ec-bd8e-01aa75ed71a1,corporate-body/EP_CULT,resource-type/OWNINI_RES,2020-10-20,European Parliament resolution of 20 October 2020 with recommendations to the Commission on the Digital Services Act: Improving the functioning of the Single Market (2020/2018(INL)),Parliament,2020
http://publications.europa.eu/resource/cellar/61d496bf-263f-11ec-bd8e-01aa75ed71a1,corporate-body/EP_IMCO,resource-type/OWNINI_RES,2020-10-20,European Parliament resolution of 20 October 2020 with recommendations to the Commission on the Digital Services Act: Improving the functioning of the Single Market (2020/2018(INL)),Parliament,2020
http://publications.europa.eu/resource/cellar/61d496bf-263f-11ec-bd8e-01aa75ed71a1,corporate-body/EP_ITRE,resource-type/OWNINI_RES,2020-10-20,European Parliament resolution of 20 October 2020 with recommendations to the Commission on the Digital Services Act: Improving the functioning of the Single Market (2020/2018(INL)),Parliament,2020
http://publications.europa.eu/resource/cellar/61d496bf-263f-11ec-bd8e-01aa75ed71a1,corporate-body/EP_LIBE,resource-type/OWNINI_RES,2020-10-20,European Parliament resolution of 20 October 2020 with recommendations to the Commission on the Digital Services Act: Improving the functioning of the Single Market (2020/2018(INL)),Parliament,2020
http://publications.europa.eu/resource/cellar/61d496bf-263f-11ec-bd8e-01aa75ed71a1,corporate-body/EP_TRAN,resource-type/OWNINI_RES,2020-10-20,European Parliament resolution of 20 October 2020 with recommendations to the Commission on the Digital Services Act: Improving the functioning of the Single Market (2020/2018(INL)),Parliament,2020
http://publications.europa.eu/resource/cellar/61d496bf-263f-11ec-bd8e-01aa75ed71a1,corporate-body/EP_JURI,resource-type/OWNINI_RES,2020-10-20,European Parliament resolution of 20 October 2020 with recommendations to the Commission on the Digital Services Act: Improving the functioning of the Single Market (2020/2018(INL)),Parliament,2020
http://publications.europa.eu/resource/cellar/866eb16e-734d-11ec-9136-01aa75ed71a1,corporate-body/EP,resource-type/OWNINI_RES,2021-05-20,European Parliament resolution of 20 May 2021 on shaping the digital future of Europe: removing barriers to the functioning of the digital single market and improving the use of AI for European consumers (2020/2216(INI)),Parliament,2021
http://publications.europa.eu/resource/cellar/866eb16e-734d-11ec-9136-01aa75ed71a1,corporate-body/EP_AGRI,resource-type/OWNINI_RES,2021-05-20,European Parliament resolution of 20 May 2021 on shaping the digital future of Europe: removing barriers to the functioning of the digital single market and improving the use of AI for European consumers (2020/2216(INI)),Parliament,2021
http://publications.europa.eu/resource/cellar/866eb16e-734d-11ec-9136-01aa75ed71a1,corporate-body/EP_CULT,resource-type/OWNINI_RES,2021-05-20,European Parliament resolution of 20 May 2021 on shaping the digital future of Europe: removing barriers to the functioning of the digital single market and improving the use of AI for European consumers (2020/2216(INI)),Parliament,2021
http://publications.europa.eu/resource/cellar/866eb16e-734d-11ec-9136-01aa75ed71a1,corporate-body/EP_EMPL,resource-type/OWNINI_RES,2021-05-20,European Parliament resolution of 20 May 2021 on shaping the digital future of Europe: removing barriers to the functioning of the digital single market and improving the use of AI for European consumers (2020/2216(INI)),Parliament,2021
http://publications.europa.eu/resource/cellar/866eb16e-734d-11ec-9136-01aa75ed71a1,corporate-body/EP_FEMM,resource-type/OWNINI_RES,2021-05-20,European Parliament resolution of 20 May 2021 on shaping the digital future of Europe: removing barriers to the functioning of the digital single market and improving the use of AI for European consumers (2020/2216(INI)),Parliament,2021
http://publications.europa.eu/resource/cellar/866eb16e-734d-11ec-9136-01aa75ed71a1,corporate-body/EP_IMCO,resource-type/OWNINI_RES,2021-05-20,European Parliament resolution of 20 May 2021 on shaping the digital future of Europe: removing barriers to the functioning of the digital single market and improving the use of AI for European consumers (2020/2216(INI)),Parliament,2021
http://publications.europa.eu/resource/cellar/866eb16e-734d-11ec-9136-01aa75ed71a1,corporate-body/EP_INTA,resource-type/OWNINI_RES,2021-05-20,European Parliament resolution of 20 May 2021 on shaping the digital future of Europe: removing barriers to the functioning of the digital single market and improving the use of AI for European consumers (2020/2216(INI)),Parliament,2021
http://publications.europa.eu/resource/cellar/866eb16e-734d-11ec-9136-01aa75ed71a1,corporate-body/EP_ITRE,resource-type/OWNINI_RES,2021-05-20,European Parliament resolution of 20 May 2021 on shaping the digital future of Europe: removing barriers to the functioning of the digital single market and improving the use of AI for European consumers (2020/2216(INI)),Parliament,2021
http://publications.europa.eu/resource/cellar/866eb16e-734d-11ec-9136-01aa75ed71a1,corporate-body/EP_LIBE,resource-type/OWNINI_RES,2021-05-20,European Parliament resolution of 20 May 2021 on shaping the digital future of Europe: removing barriers to the functioning of the digital single market and improving the use of AI for European consumers (2020/2216(INI)),Parliament,2021
http://publications.europa.eu/resource/cellar/866eb16e-734d-11ec-9136-01aa75ed71a1,corporate-body/EP_TRAN,resource-type/OWNINI_RES,2021-05-20,European Parliament resolution of 20 May 2021 on shaping the digital future of Europe: removing barriers to the functioning of the digital single market and improving the use of AI for European consumers (2020/2216(INI)),Parliament,2021
http://publications.europa.eu/resource/cellar/866eb16e-734d-11ec-9136-01aa75ed71a1,corporate-body/EP_JURI,resource-type/OWNINI_RES,2021-05-20,European Parliament resolution of 20 May 2021 on shaping the digital future of Europe: removing barriers to the functioning of the digital single market and improving the use of AI for European consumers (2020/2216(INI)),Parliament,2021
http://publications.europa.eu/resource/cellar/969edb7b-7f7f-11ec-8c40-01aa75ed71a1,corporate-body/COM,resource-type/DECLAR,2022-01-26,European Declaration on Digital Rights and Principles for the Digital Decade,Commission,2022
http://publications.europa.eu/resource/cellar/969edb7b-7f7f-11ec-8c40-01aa75ed71a1,corporate-body/CNECT,resource-type/DECLAR,2022-01-26,European Declaration on Digital Rights and Principles for the Digital Decade,Commission,2022
http://publications.europa.eu/resource/cellar/b0c79e29-7351-11ec-9136-01aa75ed71a1,corporate-body/EP,resource-type/OWNINI_RES,2021-05-19,"European Parliament resolution of 19 May 2021 on artificial intelligence in education, culture and the audiovisual sector (2020/2017(INI))",Parliament,2021
http://publications.europa.eu/resource/cellar/b0c79e29-7351-11ec-9136-01aa75ed71a1,corporate-body/EP_CULT,resource-type/OWNINI_RES,2021-05-19,"European Parliament resolution of 19 May 2021 on artificial intelligence in education, culture and the audiovisual sector (2020/2017(INI))",Parliament,2021
http://publications.europa.eu/resource/cellar/b0c79e29-7351-11ec-9136-01aa75ed71a1,corporate-body/EP_FEMM,resource-type/OWNINI_RES,2021-05-19,"European Parliament resolution of 19 May 2021 on artificial intelligence in education, culture and the audiovisual sector (2020/2017(INI))",Parliament,2021
http://publications.europa.eu/resource/cellar/b0c79e29-7351-11ec-9136-01aa75ed71a1,corporate-body/EP_IMCO,resource-type/OWNINI_RES,2021-05-19,"European Parliament resolution of 19 May 2021 on artificial intelligence in education, culture and the audiovisual sector (2020/2017(INI))",Parliament,2021
http://publications.europa.eu/resource/cellar/b0c79e29-7351-11ec-9136-01aa75ed71a1,corporate-body/EP_LIBE,resource-type/OWNINI_RES,2021-05-19,"European Parliament resolution of 19 May 2021 on artificial intelligence in education, culture and the audiovisual sector (2020/2017(INI))",Parliament,2021
http://publications.europa.eu/resource/cellar/b0c79e29-7351-11ec-9136-01aa75ed71a1,corporate-body/EP_JURI,resource-type/OWNINI_RES,2021-05-19,"European Parliament resolution of 19 May 2021 on artificial intelligence in education, culture and the audiovisual sector (2020/2017(INI))",Parliament,2021
http://publications.europa.eu/resource/cellar/de14ecbc-7f7f-11ec-8c40-01aa75ed71a1,corporate-body/COM,resource-type/COMMUNIC,2022-01-26,"COMMUNICATION FROM THE COMMISSION TO THE EUROPEAN PARLIAMENT, THE COUNCIL, THE EUROPEAN ECONOMIC AND SOCIAL COMMITTEE AND THE COMMITTEE OF THE REGIONS Establishing a European Declaration on Digital rights and principles for the Digital Decade",Commission,2022
http://publications.europa.eu/resource/cellar/de14ecbc-7f7f-11ec-8c40-01aa75ed71a1,corporate-body/CNECT,resource-type/COMMUNIC,2022-01-26,"COMMUNICATION FROM THE COMMISSION TO THE EUROPEAN PARLIAMENT, THE COUNCIL, THE EUROPEAN ECONOMIC AND SOCIAL COMMITTEE AND THE COMMITTEE OF THE REGIONS Establishing a European Declaration on Digital rights and principles for the Digital Decade",Commission,2022
http://publications.europa.eu/resource/cellar/eb6e6f8d-7f7f-11ec-8c40-01aa75ed71a1,corporate-body/COM,resource-type/SWD,2022-01-26,"COMMISSION STAFF WORKING DOCUMENT Report on the stakeholder consultation and engagement activities Accompanying the document COMMUNICATION FROM THE COMMISSION TO THE EUROPEAN PARLIAMENT, THE COUNCIL, THE EUROPEAN ECONOMIC AND SOCIAL COMMITTEE AND THE COMMITTEE OF THE REGIONS Establishing a European Declaration on Digital rights and principles for the Digital Decade",Commission,2022
http://publications.europa.eu/resource/cellar/eb6e6f8d-7f7f-11ec-8c40-01aa75ed71a1,corporate-body/CNECT,resource-type/SWD,2022-01-26,"COMMISSION STAFF WORKING DOCUMENT Report on the stakeholder consultation and engagement activities Accompanying the document COMMUNICATION FROM THE COMMISSION TO THE EUROPEAN PARLIAMENT, THE COUNCIL, THE EUROPEAN ECONOMIC AND SOCIAL COMMITTEE AND THE COMMITTEE OF THE REGIONS Establishing a European Declaration on Digital rights and principles for the Digital Decade",Commission,2022
http://publications.europa.eu/resource/cellar/ec39aa89-263f-11ec-bd8e-01aa75ed71a1,corporate-body/EP,resource-type/OWNINI_RES,2020-10-20,"European Parliament resolution of 20 October 2020 with recommendations to the Commission on a framework of ethical aspects of artificial intelligence, robotics and related technologies (2020/2012(INL))",Parliament,2020
http://publications.europa.eu/resource/cellar/ec39aa89-263f-11ec-bd8e-01aa75ed71a1,corporate-body/EP_CULT,resource-type/OWNINI_RES,2020-10-20,"European Parliament resolution of 20 October 2020 with recommendations to the Commission on a framework of ethical aspects of artificial intelligence, robotics and related technologies (2020/2012(INL))",Parliament,2020
http://publications.europa.eu/resource/cellar/ec39aa89-263f-11ec-bd8e-01aa75ed71a1,corporate-body/EP_EMPL,resource-type/OWNINI_RES,2020-10-20,"European Parliament resolution of 20 October 2020 with recommendations to the Commission on a framework of ethical aspects of artificial intelligence, robotics and related technologies (2020/2012(INL))",Parliament,2020
http://publications.europa.eu/resource/cellar/ec39aa89-263f-11ec-bd8e-01aa75ed71a1,corporate-body/EP_IMCO,resource-type/OWNINI_RES,2020-10-20,"European Parliament resolution of 20 October 2020 with recommendations to the Commission on a framework of ethical aspects of artificial intelligence, robotics and related technologies (2020/2012(INL))",Parliament,2020
http://publications.europa.eu/resource/cellar/ec39aa89-263f-11ec-bd8e-01aa75ed71a1,corporate-body/EP_LIBE,resource-type/OWNINI_RES,2020-10-20,"European Parliament resolution of 20 October 2020 with recommendations to the Commission on a framework of ethical aspects of artificial intelligence, robotics and related technologies (2020/2012(INL))",Parliament,2020
http://publications.europa.eu/resource/cellar/ec39aa89-263f-11ec-bd8e-01aa75ed71a1,corporate-body/EP_TRAN,resource-type/OWNINI_RES,2020-10-20,"European Parliament resolution of 20 October 2020 with recommendations to the Commission on a framework of ethical aspects of artificial intelligence, robotics and related technologies (2020/2012(INL))",Parliament,2020
http://publications.europa.eu/resource/cellar/ec39aa89-263f-11ec-bd8e-01aa75ed71a1,corporate-body/EP_ENVI,resource-type/OWNINI_RES,2020-10-20,"European Parliament resolution of 20 October 2020 with recommendations to the Commission on a framework of ethical aspects of artificial intelligence, robotics and related technologies (2020/2012(INL))",Parliament,2020
http://publications.europa.eu/resource/cellar/ec39aa89-263f-11ec-bd8e-01aa75ed71a1,corporate-body/EP_AFET,resource-type/OWNINI_RES,2020-10-20,"European Parliament resolution of 20 October 2020 with recommendations to the Commission on a framework of ethical aspects of artificial intelligence, robotics and related technologies (2020/2012(INL))",Parliament,2020
http://publications.europa.eu/resource/cellar/ec39aa89-263f-11ec-bd8e-01aa75ed71a1,corporate-body/EP_AFCO,resource-type/OWNINI_RES,2020-10-20,"European Parliament resolution of 20 October 2020 with recommendations to the Commission on a framework of ethical aspects of artificial intelligence, robotics and related technologies (2020/2012(INL))",Parliament,2020
http://publications.europa.eu/resource/cellar/ec39aa89-263f-11ec-bd8e-01aa75ed71a1,corporate-body/EP_JURI,resource-type/OWNINI_RES,2020-10-20,"European Parliament resolution of 20 October 2020 with recommendations to the Commission on a framework of ethical aspects of artificial intelligence, robotics and related technologies (2020/2012(INL))",Parliament,2020
http://publications.europa.eu/resource/cellar/8f756951-830e-11ec-8c40-01aa75ed71a1,corporate-body/EIGE,resource-type/PUB_GEN,2022-01-18,"Artificial intelligence, platform work and gender equality.",,2022
http://publications.europa.eu/resource/cellar/394345a1-2ecf-11eb-b27b-01aa75ed71a1,corporate-body/CNECT,resource-type/PUB_GEN,2020-11-25,Trends and developments in artificial intelligence : challenges to the intellectual property rights framework : final report.,Commission,2020
http://publications.europa.eu/resource/cellar/bf74c67d-98f6-11eb-b85c-01aa75ed71a1,corporate-body/CONSIL,resource-type/POSIT,2021-03-16,Position (EU) No 3/2021 of the council at first reading with a view to the adoption of a Regulation of the European Parliament and of the Council establishing the Digital Europe Programme and repealing Decision (EU) 2015/2240 Adopted by the Council on 16 March 2021 (Text with EEA relevance),Council,2021
http://publications.europa.eu/resource/cellar/da3f1d88-8153-11eb-9ac9-01aa75ed71a1,corporate-body/JRC,resource-type/PUB_GEN,2021-03-09,Digitranscope : key findings.,Commission,2021
http://publications.europa.eu/resource/cellar/01ff45fa-a375-11eb-9585-01aa75ed71a1,corporate-body/COM,resource-type/COMMUNIC,2021-04-21,"COMMUNICATION FROM THE COMMISSION TO THE EUROPEAN PARLIAMENT, THE COUNCIL, THE EUROPEAN ECONOMIC AND SOCIAL COMMITTEE AND THE COMMITTEE OF THE REGIONS Fostering a European approach to Artificial Intelligence",Commission,2021
http://publications.europa.eu/resource/cellar/01ff45fa-a375-11eb-9585-01aa75ed71a1,corporate-body/CNECT,resource-type/COMMUNIC,2021-04-21,"COMMUNICATION FROM THE COMMISSION TO THE EUROPEAN PARLIAMENT, THE COUNCIL, THE EUROPEAN ECONOMIC AND SOCIAL COMMITTEE AND THE COMMITTEE OF THE REGIONS Fostering a European approach to Artificial Intelligence",Commission,2021
http://publications.europa.eu/resource/cellar/a1599b9f-599b-11ec-91ac-01aa75ed71a1,corporate-body/COM,resource-type/REPORT,2021-12-10,"REPORT FROM THE COMMISSION TO THE EUROPEAN PARLIAMENT, THE COUNCIL, THE EUROPEAN ECONOMIC AND SOCIAL COMMITTEE AND THE COMMITTEE OF THE REGIONS Protecting Fundamental Rights in the Digital Age - 2021 Annual Report on the Application of the EU Charter of Fundamental Rights",Commission,2021
http://publications.europa.eu/resource/cellar/a1599b9f-599b-11ec-91ac-01aa75ed71a1,corporate-body/JUST,resource-type/REPORT,2021-12-10,"REPORT FROM THE COMMISSION TO THE EUROPEAN PARLIAMENT, THE COUNCIL, THE EUROPEAN ECONOMIC AND SOCIAL COMMITTEE AND THE COMMITTEE OF THE REGIONS Protecting Fundamental Rights in the Digital Age - 2021 Annual Report on the Application of the EU Charter of Fundamental Rights",Commission,2021
http://publications.europa.eu/resource/cellar/9caf73d9-62cb-11ec-a033-01aa75ed71a1,corporate-body/EESC,resource-type/OPIN,2021-09-22,"Opinion of the European Economic and Social Committee on Communication from the Commission to the European Parliament, the Council, the European Economic and Social Committee and the Committee of the Regions — Fostering a European approach to Artificial Intelligence (COM(2021) 205 final)",,2021
http://publications.europa.eu/resource/cellar/117bc4ef-2a69-11ed-975d-01aa75ed71a1,corporate-body/EP_RESEARCH,resource-type/PUB_GEN,2022-09-01,Auditing the quality of datasets used in algorithmic decision-making systems.,Parliament,2022
http://publications.europa.eu/resource/cellar/117bc4ef-2a69-11ed-975d-01aa75ed71a1,corporate-body/EP_RESEARCH,resource-type/STU,2022-09-01,Auditing the quality of datasets used in algorithmic decision-making systems.,Parliament,2022
http://publications.europa.eu/resource/cellar/e3774649-3ae5-11ed-9c68-01aa75ed71a1,corporate-body/EESC,resource-type/OPIN_EXPLOR,2022-06-15,"Opinion of the European Economic and Social Committee on (a) ‘Communication from the Commission to the European Parliament, the Council, the European Economic and Social Committee and the Committee of the Regions — Establishing a European Declaration on Digital rights and principles for the Digital Decade’ (COM(2022) 27 final) and on (b) ‘Digital rights and principles’ (exploratory opinion)",,2022
http://publications.europa.eu/resource/cellar/0694be88-a373-11eb-9585-01aa75ed71a1,corporate-body/COM,resource-type/IMPACT_ASSESS,2021-04-21,COMMISSION STAFF WORKING DOCUMENT IMPACT ASSESSMENT Accompanying the Proposal for a Regulation of the European Parliament and of the Council LAYING DOWN HARMONISED RULES ON ARTIFICIAL INTELLIGENCE (ARTIFICIAL INTELLIGENCE ACT) AND AMENDING CERTAIN UNION LEGISLATIVE ACTS,Commission,2021
http://publications.europa.eu/resource/cellar/0694be88-a373-11eb-9585-01aa75ed71a1,corporate-body/CNECT,resource-type/IMPACT_ASSESS,2021-04-21,COMMISSION STAFF WORKING DOCUMENT IMPACT ASSESSMENT Accompanying the Proposal for a Regulation of the European Parliament and of the Council LAYING DOWN HARMONISED RULES ON ARTIFICIAL INTELLIGENCE (ARTIFICIAL INTELLIGENCE ACT) AND AMENDING CERTAIN UNION LEGISLATIVE ACTS,Commission,2021
http://publications.europa.eu/resource/cellar/16b4afba-3ff9-11ed-92ed-01aa75ed71a1,corporate-body/COM,resource-type/PROP_DIR,2022-09-28,Proposal for a DIRECTIVE OF THE EUROPEAN PARLIAMENT AND OF THE COUNCIL on adapting non-contractual civil liability rules to artificial intelligence (AI Liability Directive),Commission,2022
http://publications.europa.eu/resource/cellar/16b4afba-3ff9-11ed-92ed-01aa75ed71a1,corporate-body/JUST,resource-type/PROP_DIR,2022-09-28,Proposal for a DIRECTIVE OF THE EUROPEAN PARLIAMENT AND OF THE COUNCIL on adapting non-contractual civil liability rules to artificial intelligence (AI Liability Directive),Commission,2022
http://publications.europa.eu/resource/cellar/3516175c-3ff9-11ed-92ed-01aa75ed71a1,corporate-body/COM,resource-type/IMPACT_ASSESS_SUM,2022-09-28,COMMISSION STAFF WORKING DOCUMENT EXECUTIVE SUMMARY OF THE IMPACT ASSESSMENT REPORT Accompanying the document Proposal for a Directive of the European Parliament and of the Council on adapting non-contractual civil liability rules to artificial intelligence (AI Liability Directive),Commission,2022
http://publications.europa.eu/resource/cellar/3516175c-3ff9-11ed-92ed-01aa75ed71a1,corporate-body/JUST,resource-type/IMPACT_ASSESS_SUM,2022-09-28,COMMISSION STAFF WORKING DOCUMENT EXECUTIVE SUMMARY OF THE IMPACT ASSESSMENT REPORT Accompanying the document Proposal for a Directive of the European Parliament and of the Council on adapting non-contractual civil liability rules to artificial intelligence (AI Liability Directive),Commission,2022
http://publications.europa.eu/resource/cellar/4b7998fd-3ff9-11ed-92ed-01aa75ed71a1,corporate-body/COM,resource-type/IMPACT_ASSESS,2022-09-28,COMMISSION STAFF WORKING DOCUMENT IMPACT ASSESSMENT REPORT Accompanying the document Proposal for a Directive of the European Parliament and of the Council on adapting non-contractual civil liability rules to artificial intelligence,Commission,2022
http://publications.europa.eu/resource/cellar/4b7998fd-3ff9-11ed-92ed-01aa75ed71a1,corporate-body/JUST,resource-type/IMPACT_ASSESS,2022-09-28,COMMISSION STAFF WORKING DOCUMENT IMPACT ASSESSMENT REPORT Accompanying the document Proposal for a Directive of the European Parliament and of the Council on adapting non-contractual civil liability rules to artificial intelligence,Commission,2022
http://publications.europa.eu/resource/cellar/5d1e5a0e-3ff9-11ed-92ed-01aa75ed71a1,corporate-body/COM,resource-type/SWD,2022-09-28,COMMISSION STAFF WORKING DOCUMENT AI Subsidiarity Grid Accompanying the document Proposal for a Directive of the European Parliament and of the Council on adapting non contractual civil liability rules to artificial intelligence (AI Liability Directive),Commission,2022
http://publications.europa.eu/resource/cellar/5d1e5a0e-3ff9-11ed-92ed-01aa75ed71a1,corporate-body/JUST,resource-type/SWD,2022-09-28,COMMISSION STAFF WORKING DOCUMENT AI Subsidiarity Grid Accompanying the document Proposal for a Directive of the European Parliament and of the Council on adapting non contractual civil liability rules to artificial intelligence (AI Liability Directive),Commission,2022
http://publications.europa.eu/resource/cellar/7f7ed4dd-dfe0-11ed-a05c-01aa75ed71a1,corporate-body/EESC,resource-type/OPIN,2023-01-24,Opinion of the European Economic and Social Committee on ‘Proposal for a Directive of the European Parliament and of the Council on adapting non-contractual civil liability rules to artificial intelligence (AI Liability Directive)’ (COM(2022) 496 final — 2022/0303 (COD)),,2023
http://publications.europa.eu/resource/cellar/b0f88630-80d2-11f0-9af8-01aa75ed71a1,corporate-body/EP,resource-type/OPIN_EP_CMT,2025-05-22,OPINION - of the Committee on the Internal Market and Consumer Protection - for the Committee on Legal Affairs - on the proposal for a directive of the European Parliament and of the Council on adapting non-contractual civil liability rules to artificial intelligence (AI Liability Directive) - (COM(2022)0496 - C9-0320/2022 - 2022/0303(COD)) - Rapporteur for opinion: Kosma Złotowski,Parliament,2025
http://publications.europa.eu/resource/cellar/72421f53-4458-11ed-92ed-01aa75ed71a1,corporate-body/EAC,resource-type/PUB_GEN,2022-10-10,Final report of the Commission expert group on tackling disinformation and promoting digital literacy through education and training : final report.,Commission,2022
http://publications.europa.eu/resource/cellar/59d27837-cc8a-11ea-adf7-01aa75ed71a1,corporate-body/EP_INTERNAL_POL,resource-type/PUB_GEN,2020-07-17,The legal framework for e-commerce in the internal market.,Parliament,2020
http://publications.europa.eu/resource/cellar/dff20041-f247-11ea-991b-01aa75ed71a1,corporate-body/CNECT,resource-type/PUB_GEN,2020-09-07,"State of the Union 2020 : EuroHPC Joint Undertaking, the European Joint Undertaking on High-Performance Computing.",Commission,2020
http://publications.europa.eu/resource/cellar/fad44166-f249-11ea-991b-01aa75ed71a1,corporate-body/JRC,resource-type/PUB_GEN,2020-09-08,"Academic offer of advanced digital skills in 2019-20 : international comparison : focus on artificial intelligence, high performance computing, cybersecurity and data science.",Commission,2020
http://publications.europa.eu/resource/cellar/fad44166-f249-11ea-991b-01aa75ed71a1,corporate-body/JRC,resource-type/STU,2020-09-08,"Academic offer of advanced digital skills in 2019-20 : international comparison : focus on artificial intelligence, high performance computing, cybersecurity and data science.",Commission,2020
http://publications.europa.eu/resource/cellar/0ec5514c-a9f7-11ea-bb7a-01aa75ed71a1,corporate-body/JRC,resource-type/PUB_GEN,2020-06-08,"AI watch, artificial intelligence for the public sector : report of the “1st Peer Learning Workshop on the use and impact of AI in public services”, Brussels 11-12 February 2020.",Commission,2020
http://publications.europa.eu/resource/cellar/8fc71c25-3b82-11eb-b27b-01aa75ed71a1,corporate-body/EESC,resource-type/OPIN_EXPLOR,2020-09-17,Opinion of the European Economic and Social Committee on ‘Digitalisation and Sustainability – status quo and need for action from a civil society perspective’ (exploratory opinion),,2020
http://publications.europa.eu/resource/cellar/81ff56b2-3dbd-11eb-b27b-01aa75ed71a1,corporate-body/FRA,resource-type/PUB_GEN,2020-12-14,Getting the future right : artificial intelligence and fundamental rights : report.,,2020
http://publications.europa.eu/resource/cellar/dabc318b-3dba-11eb-b27b-01aa75ed71a1,corporate-body/FRA,resource-type/PUB_GEN,2020-12-14,"Getting the future right : artificial intelligence and fundamental rights. Annex II, Examples of theoretical assessment of harm and significant impact of AI or automated decisions.",,2020
http://publications.europa.eu/resource/cellar/51e75c0d-eb50-11eb-93a8-01aa75ed71a1,corporate-body/EP,resource-type/RES,2020-02-12,European Parliament resolution of 12 February 2020 on automated decision-making processes: ensuring consumer protection and free movement of goods and services (2019/2915(RSP)),Parliament,2020
http://publications.europa.eu/resource/cellar/51e75c0d-eb50-11eb-93a8-01aa75ed71a1,corporate-body/EP_IMCO,resource-type/RES,2020-02-12,European Parliament resolution of 12 February 2020 on automated decision-making processes: ensuring consumer protection and free movement of goods and services (2019/2915(RSP)),Parliament,2020
http://publications.europa.eu/resource/cellar/2944b470-28a7-11eb-9d7e-01aa75ed71a1,corporate-body/EDPS,resource-type/SUM,2020-11-17,"Summary of the Opinion of the European Data Protection Supervisor on the European Commission’s White Paper on Artificial Intelligence – A European approach to excellence and trust (The full text of this Opinion can be found in English, French and German on the EDPS website www.edps.europa.eu) 2020/C 392/03",,2020
http://publications.europa.eu/resource/cellar/7537bf8e-00de-11ec-8f47-01aa75ed71a1,corporate-body/EESC,resource-type/PUB_GEN,2021-08-02,Newsletter. April 2021.,,2021
http://publications.europa.eu/resource/cellar/ef62dd1f-888e-11ec-8c40-01aa75ed71a1,corporate-body/EP,resource-type/OWNINI_RES,2021-06-10,"European Parliament resolution of 10 June 2021 on promoting gender equality in science, technology, engineering and mathematics (STEM) education and careers (2019/2164(INI))",Parliament,2021
http://publications.europa.eu/resource/cellar/ef62dd1f-888e-11ec-8c40-01aa75ed71a1,corporate-body/EP_CULT,resource-type/OWNINI_RES,2021-06-10,"European Parliament resolution of 10 June 2021 on promoting gender equality in science, technology, engineering and mathematics (STEM) education and careers (2019/2164(INI))",Parliament,2021
http://publications.europa.eu/resource/cellar/ef62dd1f-888e-11ec-8c40-01aa75ed71a1,corporate-body/EP_FEMM,resource-type/OWNINI_RES,2021-06-10,"European Parliament resolution of 10 June 2021 on promoting gender equality in science, technology, engineering and mathematics (STEM) education and careers (2019/2164(INI))",Parliament,2021
http://publications.europa.eu/resource/cellar/ef62dd1f-888e-11ec-8c40-01aa75ed71a1,corporate-body/EP_ITRE,resource-type/OWNINI_RES,2021-06-10,"European Parliament resolution of 10 June 2021 on promoting gender equality in science, technology, engineering and mathematics (STEM) education and careers (2019/2164(INI))",Parliament,2021
http://publications.europa.eu/resource/cellar/d8eb04c9-fda3-11ec-b94a-01aa75ed71a1,corporate-body/JRC,resource-type/PUB_GEN,2022-06-22,AI watch index 2021.,Commission,2022
http://publications.europa.eu/resource/cellar/d8eb04c9-fda3-11ec-b94a-01aa75ed71a1,corporate-body/JRC,resource-type/STU,2022-06-22,AI watch index 2021.,Commission,2022
http://publications.europa.eu/resource/cellar/a8121bda-df2b-11ed-a05c-01aa75ed71a1,corporate-body/CNECT,resource-type/PUB_GEN,2023-04-19,New Better Internet for Kids Strategy (BIK+) : compendium of EU formal texts concerning children in the digital world.,Commission,2023
http://publications.europa.eu/resource/cellar/9371a137-276d-11ee-839d-01aa75ed71a1,corporate-body/ENISA,resource-type/PUB_GEN,2023-07-18,Artificial intelligence and cybersecurity research : ENISA research and innovation Brief.,,2023
http://publications.europa.eu/resource/cellar/9371a137-276d-11ee-839d-01aa75ed71a1,corporate-body/ENISA,resource-type/STU,2023-07-18,Artificial intelligence and cybersecurity research : ENISA research and innovation Brief.,,2023
http://publications.europa.eu/resource/cellar/7892c228-359f-11ee-800c-01aa75ed71a1,corporate-body/CNECT,resource-type/PUB_GEN,2023-08-07,Mapping EU-based LDT providers and users.,Commission,2023
http://publications.europa.eu/resource/cellar/7892c228-359f-11ee-800c-01aa75ed71a1,corporate-body/CNECT,resource-type/STU,2023-08-07,Mapping EU-based LDT providers and users.,Commission,2023
http://publications.europa.eu/resource/cellar/7ed5aa59-dca1-11ec-a534-01aa75ed71a1,corporate-body/JRC,resource-type/PUB_GEN,2022-05-25,AI Watch : European landscape on the use of artificial intelligence by the public sector.,Commission,2022
http://publications.europa.eu/resource/cellar/7ed5aa59-dca1-11ec-a534-01aa75ed71a1,corporate-body/JRC,resource-type/STU,2022-05-25,AI Watch : European landscape on the use of artificial intelligence by the public sector.,Commission,2022
http://publications.europa.eu/resource/cellar/98582de7-359c-11ee-800c-01aa75ed71a1,corporate-body/JRC,resource-type/PUB_GEN,2023-08-04,"AI Watch : European landscape on the use of artificial intelligence by the public sector. Annex I, National AI strategies : country factsheets.",Commission,2023
http://publications.europa.eu/resource/cellar/98582de7-359c-11ee-800c-01aa75ed71a1,corporate-body/JRC,resource-type/STU_ANNEX,2023-08-04,"AI Watch : European landscape on the use of artificial intelligence by the public sector. Annex I, National AI strategies : country factsheets.",Commission,2023
http://publications.europa.eu/resource/cellar/98669e75-eb91-11ec-a534-01aa75ed71a1,corporate-body/JRC,resource-type/PUB_GEN,2022-06-13,"AI Watch : European landscape on the use of artificial intelligence by the public sector. Annex II, Case studies description.",Commission,2022
http://publications.europa.eu/resource/cellar/98669e75-eb91-11ec-a534-01aa75ed71a1,corporate-body/JRC,resource-type/STU_ANNEX,2022-06-13,"AI Watch : European landscape on the use of artificial intelligence by the public sector. Annex II, Case studies description.",Commission,2022
http://publications.europa.eu/resource/cellar/01c28e02-67d0-11ee-9220-01aa75ed71a1,corporate-body/COM,resource-type/RECO,2023-10-03,Commission Recommendation (EU) 2023/2113 of 3 October 2023 on critical technology areas for the EU’s economic security for further risk assessment with Member States,Commission,2023
http://publications.europa.eu/resource/cellar/01c28e02-67d0-11ee-9220-01aa75ed71a1,corporate-body/DEFIS,resource-type/RECO,2023-10-03,Commission Recommendation (EU) 2023/2113 of 3 October 2023 on critical technology areas for the EU’s economic security for further risk assessment with Member States,Commission,2023
http://publications.europa.eu/resource/cellar/971cbf14-1930-11eb-b57e-01aa75ed71a1,corporate-body/EESC,resource-type/OPIN,2020-07-16,Opinion of the European Economic and Social Committee on ‘White paper on Artificial Intelligence — A European approach to excellence and trust’ (COM(2020) 65 final),,2020
http://publications.europa.eu/resource/cellar/179e7382-b564-11ec-b6f4-01aa75ed71a1,corporate-body/SANTE,resource-type/PUB_GEN,2022-03-31,"Study on health data, digital health and artificial intelligence in healthcare.",Commission,2022
http://publications.europa.eu/resource/cellar/179e7382-b564-11ec-b6f4-01aa75ed71a1,corporate-body/SANTE,resource-type/STU,2022-03-31,"Study on health data, digital health and artificial intelligence in healthcare.",Commission,2022
http://publications.europa.eu/resource/cellar/7960a07b-b566-11ec-b6f4-01aa75ed71a1,corporate-body/SANTE,resource-type/PUB_GEN,2022-03-31,"Study on health data, digital health and artificial intelligence in healthcare : executive summaries English – Français.",Commission,2022
http://publications.europa.eu/resource/cellar/7960a07b-b566-11ec-b6f4-01aa75ed71a1,corporate-body/SANTE,resource-type/STU_SUM_EXE,2022-03-31,"Study on health data, digital health and artificial intelligence in healthcare : executive summaries English – Français.",Commission,2022
http://publications.europa.eu/resource/cellar/0d6ef8f5-0f62-11eb-bc07-01aa75ed71a1,corporate-body/OAMI,resource-type/PUB_GEN,2020-10-15,Intellectual property infringement and enforcement : Tech Watch discussion paper 2020.,,2020
http://publications.europa.eu/resource/cellar/a33d642b-534d-11ed-92ed-01aa75ed71a1,corporate-body/EP_INTERNAL_POL,resource-type/PUB_GEN,2022-10-21,"New technologies and new digital solutions for improved safety of products on the internal market : tackling planned obsolescence practices, barriers to trade for recycled products and enhancing consumer information : study in focus.",Parliament,2022
http://publications.europa.eu/resource/cellar/d6a22f86-29a1-11ed-975d-01aa75ed71a1,corporate-body/EP_INTERNAL_POL,resource-type/PUB_GEN,2022-08-31,"New technologies and new digital solutions for improved safety of products on the internal market : tackling planned obsolescence practices, barriers to trade for recycled products and enhancing consumer information.",Parliament,2022
http://publications.europa.eu/resource/cellar/d6a22f86-29a1-11ed-975d-01aa75ed71a1,corporate-body/EP_INTERNAL_POL,resource-type/STU,2022-08-31,"New technologies and new digital solutions for improved safety of products on the internal market : tackling planned obsolescence practices, barriers to trade for recycled products and enhancing consumer information.",Parliament,2022
http://publications.europa.eu/resource/cellar/912bc3f8-7d67-11eb-9ac9-01aa75ed71a1,corporate-body/JRC,resource-type/PUB_GEN,2021-03-04,Intellectual property and artificial intelligence : a literature review.,Commission,2021
http://publications.europa.eu/resource/cellar/912bc3f8-7d67-11eb-9ac9-01aa75ed71a1,corporate-body/JRC,resource-type/STU,2021-03-04,Intellectual property and artificial intelligence : a literature review.,Commission,2021
http://publications.europa.eu/resource/cellar/d2500f2a-1f41-11ec-bd8e-01aa75ed71a1,corporate-body/JRC,resource-type/PUB_GEN,2021-09-24,AI watch : 2020 EU AI investments.,Commission,2021
http://publications.europa.eu/resource/cellar/086a99ee-98f7-11eb-b85c-01aa75ed71a1,corporate-body/CONSIL,resource-type/STAT_REASON,2021-04-09,Statement of the Council’s reasons: Position (EU) No 3/2021 of the Council at first reading with a view to the adoption of a Regulation of the European Parliament and of the Council establishing the Digital Europe Programme and repealing Decision (EU) 2015/2240,Council,2021
http://publications.europa.eu/resource/cellar/b0b38bfe-1689-11ec-b4fe-01aa75ed71a1,corporate-body/EESC,resource-type/OPIN_EXPLOR,2021-07-07,"Opinion of the European Economic and Social Committee on ‘Upgrading inclusive, secure and trustworthy digitalisation for all’ (Exploratory opinion)",,2021
http://publications.europa.eu/resource/cellar/47ae57af-d304-11eb-ac72-01aa75ed71a1,corporate-body/EIOPA,resource-type/PUB_GEN,2021-06-21,"Artificial Intelligence governance principles, towards ethical and trustworthy Artificial Intelligence in the European insurance sector : a report from EIOPA´s Consultative Expert Group on Digital Ethics in insurance.",,2021
http://publications.europa.eu/resource/cellar/8a9c67ff-d18e-11ec-a95f-01aa75ed71a1,corporate-body/EESC,resource-type/OWNINI_OPIN,2022-01-19,"Opinion of the European Economic and Social Committee on ‘Developing artificial intelligence in European micro, small and medium-sized enterprises (MSMEs)’ (own-initiative opinion)",,2022
http://publications.europa.eu/resource/cellar/4bf56cce-7a6a-11ec-9136-01aa75ed71a1,corporate-body/EESC,resource-type/PUB_GEN,2021-12-30,Social dialogue as a tool to promote health and safety at work.,,2021
http://publications.europa.eu/resource/cellar/f477ef76-7a6c-11ec-9136-01aa75ed71a1,corporate-body/EESC,resource-type/PUB_GEN,2021-12-30,A guide to artificial intelligence at the workplace : your rights on algorithms : report.,,2021
http://publications.europa.eu/resource/cellar/af851426-57c9-11ec-91ac-01aa75ed71a1,corporate-body/EP,resource-type/OWNINI_RES,2021-03-25,European Parliament resolution of 25 March 2021 on a European strategy for data (2020/2217(INI)),Parliament,2021
http://publications.europa.eu/resource/cellar/af851426-57c9-11ec-91ac-01aa75ed71a1,corporate-body/EP_AGRI,resource-type/OWNINI_RES,2021-03-25,European Parliament resolution of 25 March 2021 on a European strategy for data (2020/2217(INI)),Parliament,2021
http://publications.europa.eu/resource/cellar/af851426-57c9-11ec-91ac-01aa75ed71a1,corporate-body/EP_CULT,resource-type/OWNINI_RES,2021-03-25,European Parliament resolution of 25 March 2021 on a European strategy for data (2020/2217(INI)),Parliament,2021
http://publications.europa.eu/resource/cellar/af851426-57c9-11ec-91ac-01aa75ed71a1,corporate-body/EP_EMPL,resource-type/OWNINI_RES,2021-03-25,European Parliament resolution of 25 March 2021 on a European strategy for data (2020/2217(INI)),Parliament,2021
http://publications.europa.eu/resource/cellar/af851426-57c9-11ec-91ac-01aa75ed71a1,corporate-body/EP_IMCO,resource-type/OWNINI_RES,2021-03-25,European Parliament resolution of 25 March 2021 on a European strategy for data (2020/2217(INI)),Parliament,2021
http://publications.europa.eu/resource/cellar/af851426-57c9-11ec-91ac-01aa75ed71a1,corporate-body/EP_INTA,resource-type/OWNINI_RES,2021-03-25,European Parliament resolution of 25 March 2021 on a European strategy for data (2020/2217(INI)),Parliament,2021
http://publications.europa.eu/resource/cellar/af851426-57c9-11ec-91ac-01aa75ed71a1,corporate-body/EP_ITRE,resource-type/OWNINI_RES,2021-03-25,European Parliament resolution of 25 March 2021 on a European strategy for data (2020/2217(INI)),Parliament,2021
http://publications.europa.eu/resource/cellar/af851426-57c9-11ec-91ac-01aa75ed71a1,corporate-body/EP_LIBE,resource-type/OWNINI_RES,2021-03-25,European Parliament resolution of 25 March 2021 on a European strategy for data (2020/2217(INI)),Parliament,2021
http://publications.europa.eu/resource/cellar/af851426-57c9-11ec-91ac-01aa75ed71a1,corporate-body/EP_TRAN,resource-type/OWNINI_RES,2021-03-25,European Parliament resolution of 25 March 2021 on a European strategy for data (2020/2217(INI)),Parliament,2021
http://publications.europa.eu/resource/cellar/af851426-57c9-11ec-91ac-01aa75ed71a1,corporate-body/EP_ENVI,resource-type/OWNINI_RES,2021-03-25,European Parliament resolution of 25 March 2021 on a European strategy for data (2020/2217(INI)),Parliament,2021
http://publications.europa.eu/resource/cellar/af851426-57c9-11ec-91ac-01aa75ed71a1,corporate-body/EP_JURI,resource-type/OWNINI_RES,2021-03-25,European Parliament resolution of 25 March 2021 on a European strategy for data (2020/2217(INI)),Parliament,2021
http://publications.europa.eu/resource/cellar/bd90819e-9b6c-11ec-83e1-01aa75ed71a1,corporate-body/EP_RESEARCH,resource-type/PUB_GEN,2022-02-03,Tackling deepfakes in European policy.,Parliament,2022
http://publications.europa.eu/resource/cellar/bd90819e-9b6c-11ec-83e1-01aa75ed71a1,corporate-body/EP_RESEARCH,resource-type/STU,2022-02-03,Tackling deepfakes in European policy.,Parliament,2022
http://publications.europa.eu/resource/cellar/463dca49-b3c0-11ec-9d96-01aa75ed71a1,corporate-body/JRC,resource-type/PUB_GEN,2022-04-01,AI watch index 2021.,Commission,2022
http://publications.europa.eu/resource/cellar/463dca49-b3c0-11ec-9d96-01aa75ed71a1,corporate-body/JRC,resource-type/STU,2022-04-01,AI watch index 2021.,Commission,2022
http://publications.europa.eu/resource/cellar/55341464-b3bd-11ec-9d96-01aa75ed71a1,corporate-body/JUST,resource-type/PUB_GEN,2022-03-29,Directive 2004/113/EC on gender equality in goods and services : in search of the potential of a forgotten directive.,Commission,2022
http://publications.europa.eu/resource/cellar/55341464-b3bd-11ec-9d96-01aa75ed71a1,corporate-body/JUST,resource-type/STU,2022-03-29,Directive 2004/113/EC on gender equality in goods and services : in search of the potential of a forgotten directive.,Commission,2022
http://publications.europa.eu/resource/cellar/0145f2f7-a373-11eb-9585-01aa75ed71a1,corporate-body/COM,resource-type/IMPACT_ASSESS_SUM,2021-04-21,COMMISSION STAFF WORKING DOCUMENT EXECUTIVE SUMMARY OF THE IMPACT ASSESSMENT REPORT Accompanying the Proposal for a Regulation of the European Parliament and of the Council LAYING DOWN HARMONISED RULES ON ARTIFICIAL INTELLIGENCE (ARTIFICIAL INTELLIGENCE ACT) AND AMENDING CERTAIN UNION LEGISLATIVE ACTS,Commission,2021
http://publications.europa.eu/resource/cellar/0145f2f7-a373-11eb-9585-01aa75ed71a1,corporate-body/CNECT,resource-type/IMPACT_ASSESS_SUM,2021-04-21,COMMISSION STAFF WORKING DOCUMENT EXECUTIVE SUMMARY OF THE IMPACT ASSESSMENT REPORT Accompanying the Proposal for a Regulation of the European Parliament and of the Council LAYING DOWN HARMONISED RULES ON ARTIFICIAL INTELLIGENCE (ARTIFICIAL INTELLIGENCE ACT) AND AMENDING CERTAIN UNION LEGISLATIVE ACTS,Commission,2021
http://publications.europa.eu/resource/cellar/2fcad39a-e777-11ee-9ea8-01aa75ed71a1,corporate-body/EP,resource-type/ADOPT_TEXT,2024-03-13,European Parliament legislative resolution of 13 March 2024 on the proposal for a regulation of the European Parliament and of the Council on laying down harmonised rules on Artificial Intelligence (Artificial Intelligence Act) and amending certain Union Legislative Acts (COM(2021)0206 – C9-0146/2021 – 2021/0106(COD)),Parliament,2024
http://publications.europa.eu/resource/cellar/906f2665-a0de-11ec-83e1-01aa75ed71a1,corporate-body/ECB,resource-type/OPIN,2021-12-29,Opinion of the European Central Bank of 29 December 2021 on a proposal for a regulation laying down harmonised rules on artificial intelligence (CON/2021/40) 2022/C 115/05,,2021
http://publications.europa.eu/resource/cellar/dc8116a1-3fe6-11ef-865a-01aa75ed71a1,corporate-body/CONSIL,resource-type/REG,2024-06-13,"Regulation (EU) 2024/1689 of the European Parliament and of the Council of 13 June 2024 laying down harmonised rules on artificial intelligence and amending Regulations (EC) No 300/2008, (EU) No 167/2013, (EU) No 168/2013, (EU) 2018/858, (EU) 2018/1139 and (EU) 2019/2144 and Directives 2014/90/EU, (EU) 2016/797 and (EU) 2020/1828 (Artificial Intelligence Act) (Text with EEA relevance)",Council,2024
http://publications.europa.eu/resource/cellar/dc8116a1-3fe6-11ef-865a-01aa75ed71a1,corporate-body/EP,resource-type/REG,2024-06-13,"Regulation (EU) 2024/1689 of the European Parliament and of the Council of 13 June 2024 laying down harmonised rules on artificial intelligence and amending Regulations (EC) No 300/2008, (EU) No 167/2013, (EU) No 168/2013, (EU) 2018/858, (EU) 2018/1139 and (EU) 2019/2144 and Directives 2014/90/EU, (EU) 2016/797 and (EU) 2020/1828 (Artificial Intelligence Act) (Text with EEA relevance)",Parliament,2024
http://publications.europa.eu/resource/cellar/fe9a4f6c-f4ad-11ef-b7db-01aa75ed71a1,corporate-body/EP,resource-type/RES_LEGIS,2024-03-13,P9_TA(2024)0138 – Artificial Intelligence Act – European Parliament legislative resolution of 13 March 2024 on the proposal for a regulation of the European Parliament and of the Council on laying down harmonised rules on Artificial Intelligence (Artificial Intelligence Act) and amending certain Union Legislative Acts (COM(2021)0206 – C9-0146/2021 – 2021/0106(COD)) (Ordinary legislative procedure: first reading),Parliament,2024
http://publications.europa.eu/resource/cellar/fe9a4f6c-f4ad-11ef-b7db-01aa75ed71a1,corporate-body/EP_CULT,resource-type/RES_LEGIS,2024-03-13,P9_TA(2024)0138 – Artificial Intelligence Act – European Parliament legislative resolution of 13 March 2024 on the proposal for a regulation of the European Parliament and of the Council on laying down harmonised rules on Artificial Intelligence (Artificial Intelligence Act) and amending certain Union Legislative Acts (COM(2021)0206 – C9-0146/2021 – 2021/0106(COD)) (Ordinary legislative procedure: first reading),Parliament,2024
http://publications.europa.eu/resource/cellar/fe9a4f6c-f4ad-11ef-b7db-01aa75ed71a1,corporate-body/EP_IMCO,resource-type/RES_LEGIS,2024-03-13,P9_TA(2024)0138 – Artificial Intelligence Act – European Parliament legislative resolution of 13 March 2024 on the proposal for a regulation of the European Parliament and of the Council on laying down harmonised rules on Artificial Intelligence (Artificial Intelligence Act) and amending certain Union Legislative Acts (COM(2021)0206 – C9-0146/2021 – 2021/0106(COD)) (Ordinary legislative procedure: first reading),Parliament,2024
http://publications.europa.eu/resource/cellar/fe9a4f6c-f4ad-11ef-b7db-01aa75ed71a1,corporate-body/EP_ITRE,resource-type/RES_LEGIS,2024-03-13,P9_TA(2024)0138 – Artificial Intelligence Act – European Parliament legislative resolution of 13 March 2024 on the proposal for a regulation of the European Parliament and of the Council on laying down harmonised rules on Artificial Intelligence (Artificial Intelligence Act) and amending certain Union Legislative Acts (COM(2021)0206 – C9-0146/2021 – 2021/0106(COD)) (Ordinary legislative procedure: first reading),Parliament,2024
http://publications.europa.eu/resource/cellar/fe9a4f6c-f4ad-11ef-b7db-01aa75ed71a1,corporate-body/EP_LIBE,resource-type/RES_LEGIS,2024-03-13,P9_TA(2024)0138 – Artificial Intelligence Act – European Parliament legislative resolution of 13 March 2024 on the proposal for a regulation of the European Parliament and of the Council on laying down harmonised rules on Artificial Intelligence (Artificial Intelligence Act) and amending certain Union Legislative Acts (COM(2021)0206 – C9-0146/2021 – 2021/0106(COD)) (Ordinary legislative procedure: first reading),Parliament,2024
http://publications.europa.eu/resource/cellar/fe9a4f6c-f4ad-11ef-b7db-01aa75ed71a1,corporate-body/EP_TRAN,resource-type/RES_LEGIS,2024-03-13,P9_TA(2024)0138 – Artificial Intelligence Act – European Parliament legislative resolution of 13 March 2024 on the proposal for a regulation of the European Parliament and of the Council on laying down harmonised rules on Artificial Intelligence (Artificial Intelligence Act) and amending certain Union Legislative Acts (COM(2021)0206 – C9-0146/2021 – 2021/0106(COD)) (Ordinary legislative procedure: first reading),Parliament,2024
http://publications.europa.eu/resource/cellar/fe9a4f6c-f4ad-11ef-b7db-01aa75ed71a1,corporate-body/EP_ENVI,resource-type/RES_LEGIS,2024-03-13,P9_TA(2024)0138 – Artificial Intelligence Act – European Parliament legislative resolution of 13 March 2024 on the proposal for a regulation of the European Parliament and of the Council on laying down harmonised rules on Artificial Intelligence (Artificial Intelligence Act) and amending certain Union Legislative Acts (COM(2021)0206 – C9-0146/2021 – 2021/0106(COD)) (Ordinary legislative procedure: first reading),Parliament,2024
http://publications.europa.eu/resource/cellar/fe9a4f6c-f4ad-11ef-b7db-01aa75ed71a1,corporate-body/EP_JURI,resource-type/RES_LEGIS,2024-03-13,P9_TA(2024)0138 – Artificial Intelligence Act – European Parliament legislative resolution of 13 March 2024 on the proposal for a regulation of the European Parliament and of the Council on laying down harmonised rules on Artificial Intelligence (Artificial Intelligence Act) and amending certain Union Legislative Acts (COM(2021)0206 – C9-0146/2021 – 2021/0106(COD)) (Ordinary legislative procedure: first reading),Parliament,2024
http://publications.europa.eu/resource/cellar/8a32ccc3-0f83-11ec-9151-01aa75ed71a1,corporate-body/JUST,resource-type/PUB_GEN,2021-07-05,Comparative law study on civil liability for artificial intelligence.,Commission,2021
http://publications.europa.eu/resource/cellar/8a32ccc3-0f83-11ec-9151-01aa75ed71a1,corporate-body/JUST,resource-type/STU,2021-07-05,Comparative law study on civil liability for artificial intelligence.,Commission,2021
http://publications.europa.eu/resource/cellar/c7a399de-0f84-11ec-9151-01aa75ed71a1,corporate-body/EASME,resource-type/PUB_GEN,2021-09-06,Advanced technologies for industry technology watch brochure : technology focus on artificial intelligence.,Commission,2021
http://publications.europa.eu/resource/cellar/483742ae-104d-11ec-9151-01aa75ed71a1,corporate-body/EP,resource-type/DEC,2020-06-18,"European Parliament decision of 18 June 2020 on setting up a special committee on artificial intelligence in a digital age, and defining its responsibilities, numerical strength and term of office (2020/2684(RSO))",Parliament,2020
http://publications.europa.eu/resource/cellar/4696772d-f5be-11ec-b976-01aa75ed71a1,corporate-body/JRC,resource-type/PUB_GEN,2022-06-24,"AI watch, AI uptake in manufacturing.",Commission,2022
http://publications.europa.eu/resource/cellar/96f69d62-f81c-11ec-b94a-01aa75ed71a1,corporate-body/JRC,resource-type/PUB_GEN,2022-06-22,My Digital Twin exploratory research report : outcomes of the Personal Digital Twins (PDT) workshop.,Commission,2022
http://publications.europa.eu/resource/cellar/96f69d62-f81c-11ec-b94a-01aa75ed71a1,corporate-body/JRC,resource-type/STU,2022-06-22,My Digital Twin exploratory research report : outcomes of the Personal Digital Twins (PDT) workshop.,Commission,2022
http://publications.europa.eu/resource/cellar/1fee5249-3864-11ec-8daf-01aa75ed71a1,corporate-body/EIGE,resource-type/PUB_GEN,2021-10-27,"Artificial intelligence, platform work and gender equality.",,2021
http://publications.europa.eu/resource/cellar/3a194d99-1689-11ec-b4fe-01aa75ed71a1,corporate-body/EESC,resource-type/OPIN_EXPLOR,2021-07-07,"Opinion of the European Economic and Social Committee on Exploiting the economic and social opportunities of digitalisation and improving the digital transformation of the economy, especially SMEs, focusing on human-centred artificial intelligence and data (Exploratory opinion)",,2021
http://publications.europa.eu/resource/cellar/8f9d6826-2a97-11ee-839d-01aa75ed71a1,corporate-body/EP_RESEARCH,resource-type/PUB_GEN,2023-06-29,Analysis exploring risks and opportunities linked to the use of collaborative industrial robots in Europe.,Parliament,2023
http://publications.europa.eu/resource/cellar/8f9d6826-2a97-11ee-839d-01aa75ed71a1,corporate-body/EP_RESEARCH,resource-type/STU,2023-06-29,Analysis exploring risks and opportunities linked to the use of collaborative industrial robots in Europe.,Parliament,2023
http://publications.europa.eu/resource/cellar/747eeacf-92c5-11ec-b4e4-01aa75ed71a1,corporate-body/CNECT,resource-type/PUB_GEN,2022-02-21,DeepTech for digital transformation launchpad : an investment support programme for the emerging fields of artificial intelligence (AI) and blockchain technologies (BT) : executive summary.,Commission,2022
http://publications.europa.eu/resource/cellar/747eeacf-92c5-11ec-b4e4-01aa75ed71a1,corporate-body/CNECT,resource-type/STU_SUM_EXE,2022-02-21,DeepTech for digital transformation launchpad : an investment support programme for the emerging fields of artificial intelligence (AI) and blockchain technologies (BT) : executive summary.,Commission,2022
http://publications.europa.eu/resource/cellar/cb859f9b-92c4-11ec-b4e4-01aa75ed71a1,corporate-body/CNECT,resource-type/PUB_GEN,2022-02-21,DeepTech for digital transformation launchpad : an investment support programme for the emerging fields of artificial intelligence (AI) and blockchain technologies (BT) : final report.,Commission,2022
http://publications.europa.eu/resource/cellar/cb859f9b-92c4-11ec-b4e4-01aa75ed71a1,corporate-body/CNECT,resource-type/STU,2022-02-21,DeepTech for digital transformation launchpad : an investment support programme for the emerging fields of artificial intelligence (AI) and blockchain technologies (BT) : final report.,Commission,2022
http://publications.europa.eu/resource/cellar/83838dbc-3d1f-11ec-89db-01aa75ed71a1,corporate-body/JRC,resource-type/PUB_GEN,2021-10-29,"AI watch, defining artificial intelligence 2.0 : towards an operational definition and taxonomy for the AI landscape.",Commission,2021
http://publications.europa.eu/resource/cellar/83838dbc-3d1f-11ec-89db-01aa75ed71a1,corporate-body/JRC,resource-type/STU,2021-10-29,"AI watch, defining artificial intelligence 2.0 : towards an operational definition and taxonomy for the AI landscape.",Commission,2021
http://publications.europa.eu/resource/cellar/1c819996-41c9-11ec-89db-01aa75ed71a1,corporate-body/EP,resource-type/OWNINI_RES,2021-01-20,European Parliament resolution of 20 January 2021 on artificial intelligence: questions of interpretation and application of international law in so far as the EU is affected in the areas of civil and military uses and of state authority outside the scope of criminal justice (2020/2013(INI)),Parliament,2021
http://publications.europa.eu/resource/cellar/1c819996-41c9-11ec-89db-01aa75ed71a1,corporate-body/EP_IMCO,resource-type/OWNINI_RES,2021-01-20,European Parliament resolution of 20 January 2021 on artificial intelligence: questions of interpretation and application of international law in so far as the EU is affected in the areas of civil and military uses and of state authority outside the scope of criminal justice (2020/2013(INI)),Parliament,2021
http://publications.europa.eu/resource/cellar/1c819996-41c9-11ec-89db-01aa75ed71a1,corporate-body/EP_LIBE,resource-type/OWNINI_RES,2021-01-20,European Parliament resolution of 20 January 2021 on artificial intelligence: questions of interpretation and application of international law in so far as the EU is affected in the areas of civil and military uses and of state authority outside the scope of criminal justice (2020/2013(INI)),Parliament,2021
http://publications.europa.eu/resource/cellar/1c819996-41c9-11ec-89db-01aa75ed71a1,corporate-body/EP_TRAN,resource-type/OWNINI_RES,2021-01-20,European Parliament resolution of 20 January 2021 on artificial intelligence: questions of interpretation and application of international law in so far as the EU is affected in the areas of civil and military uses and of state authority outside the scope of criminal justice (2020/2013(INI)),Parliament,2021
http://publications.europa.eu/resource/cellar/1c819996-41c9-11ec-89db-01aa75ed71a1,corporate-body/EP_AFET,resource-type/OWNINI_RES,2021-01-20,European Parliament resolution of 20 January 2021 on artificial intelligence: questions of interpretation and application of international law in so far as the EU is affected in the areas of civil and military uses and of state authority outside the scope of criminal justice (2020/2013(INI)),Parliament,2021
http://publications.europa.eu/resource/cellar/1c819996-41c9-11ec-89db-01aa75ed71a1,corporate-body/EP_AFCO,resource-type/OWNINI_RES,2021-01-20,European Parliament resolution of 20 January 2021 on artificial intelligence: questions of interpretation and application of international law in so far as the EU is affected in the areas of civil and military uses and of state authority outside the scope of criminal justice (2020/2013(INI)),Parliament,2021
http://publications.europa.eu/resource/cellar/1c819996-41c9-11ec-89db-01aa75ed71a1,corporate-body/EP_JURI,resource-type/OWNINI_RES,2021-01-20,European Parliament resolution of 20 January 2021 on artificial intelligence: questions of interpretation and application of international law in so far as the EU is affected in the areas of civil and military uses and of state authority outside the scope of criminal justice (2020/2013(INI)),Parliament,2021
http://publications.europa.eu/resource/cellar/160f6449-acec-11ed-8912-01aa75ed71a1,corporate-body/JRC,resource-type/PUB_GEN,2023-02-14,Trustworthy artificial intelligence for a fair and democratic Europe.,Commission,2023
http://publications.europa.eu/resource/cellar/4524af28-acea-11ed-8912-01aa75ed71a1,corporate-body/JRC,resource-type/PUB_GEN,2023-02-15,Innovation in life and health sciences.,Commission,2023
http://publications.europa.eu/resource/cellar/aaccbe34-aceb-11ed-8912-01aa75ed71a1,corporate-body/JRC,resource-type/PUB_GEN,2023-02-14,Exploiting data as a strategic resource for science and policy.,Commission,2023
http://publications.europa.eu/resource/cellar/b844aa2b-dbd4-11ec-a534-01aa75ed71a1,corporate-body/EUROPOL,resource-type/PUB_GEN,2022-05-20,Facing reality? : law enforcement and the challenge of deepfakes : an observatory report from the Europol innovation lab.,,2022
http://publications.europa.eu/resource/cellar/dc1c4098-b551-11ec-b6f4-01aa75ed71a1,corporate-body/CNECT,resource-type/PUB_GEN,2022-04-01,"Study on quality in 3D digitisation of tangible cultural heritage : mapping parameters, formats, standards, benchmarks, methodologies, and guidelines : final study report.",Commission,2022
http://publications.europa.eu/resource/cellar/dc1c4098-b551-11ec-b6f4-01aa75ed71a1,corporate-body/CNECT,resource-type/STU,2022-04-01,"Study on quality in 3D digitisation of tangible cultural heritage : mapping parameters, formats, standards, benchmarks, methodologies, and guidelines : final study report.",Commission,2022
http://publications.europa.eu/resource/cellar/5aef16ec-208d-11ee-94cb-01aa75ed71a1,corporate-body/COM,resource-type/COMMUNIC,2023-07-11,"COMMUNICATION FROM THE COMMISSION TO THE EUROPEAN PARLIAMENT, THE COUNCIL, THE EUROPEAN ECONOMIC AND SOCIAL COMMITTEE AND THE COMMITTEE OF THE REGIONS An EU initiative on Web 4.0 and virtual worlds: a head start in the next technological transition",Commission,2023
http://publications.europa.eu/resource/cellar/5aef16ec-208d-11ee-94cb-01aa75ed71a1,corporate-body/CNECT,resource-type/COMMUNIC,2023-07-11,"COMMUNICATION FROM THE COMMISSION TO THE EUROPEAN PARLIAMENT, THE COUNCIL, THE EUROPEAN ECONOMIC AND SOCIAL COMMITTEE AND THE COMMITTEE OF THE REGIONS An EU initiative on Web 4.0 and virtual worlds: a head start in the next technological transition",Commission,2023
http://publications.europa.eu/resource/cellar/620b015d-208d-11ee-94cb-01aa75ed71a1,corporate-body/COM,resource-type/SWD,2023-07-11,"COMMISSION STAFF WORKING DOCUMENT Accompanying the document COMMUNICATION FROM THE COMMISSION TO THE EUROPEAN PARLIAMENT, THE COUNCIL, THE EUROPEAN ECONOMIC AND SOCIAL COMMITTEE AND THE COMMITTEE OF THE REGIONS An EU initiative on Web 4.0 and virtual worlds : a head start in the next technological transition",Commission,2023
http://publications.europa.eu/resource/cellar/620b015d-208d-11ee-94cb-01aa75ed71a1,corporate-body/CNECT,resource-type/SWD,2023-07-11,"COMMISSION STAFF WORKING DOCUMENT Accompanying the document COMMUNICATION FROM THE COMMISSION TO THE EUROPEAN PARLIAMENT, THE COUNCIL, THE EUROPEAN ECONOMIC AND SOCIAL COMMITTEE AND THE COMMITTEE OF THE REGIONS An EU initiative on Web 4.0 and virtual worlds : a head start in the next technological transition",Commission,2023
http://publications.europa.eu/resource/cellar/722e400e-da95-11ee-b9d9-01aa75ed71a1,corporate-body/EESC,resource-type/OPIN,2023-12-13,"Opinion of the European Economic and Social Committee on the ‘Communication from the Commission to the European Parliament, the Council, the European Economic and Social Committee and the Committee of the Regions — An EU initiative on Web 4.0 and virtual worlds: a head start in the next technological transition’ (COM(2023) 442 final) (SWD(2023) 250)",,2023
http://publications.europa.eu/resource/cellar/5a83419b-19bc-11ec-b4fe-01aa75ed71a1,corporate-body/EASME,resource-type/PUB_GEN,2021-09-17,Advanced technologies for industry : international reports : report on Canada : technological capacities and key policy measures.,Commission,2021
http://publications.europa.eu/resource/cellar/5a83419b-19bc-11ec-b4fe-01aa75ed71a1,corporate-body/EASME,resource-type/STU,2021-09-17,Advanced technologies for industry : international reports : report on Canada : technological capacities and key policy measures.,Commission,2021
http://publications.europa.eu/resource/cellar/c5bdd489-7cf4-11ed-9887-01aa75ed71a1,corporate-body/FRA,resource-type/PUB_GEN,2022-12-15,Bias in algorithms : artificial intelligence and discrimination.,,2022
http://publications.europa.eu/resource/cellar/774fc75c-30f2-11ee-946a-01aa75ed71a1,corporate-body/EUI,resource-type/PUB_GEN,2023-08-01,Artificial intelligence and the transformation of criminal trials : preserving fairness in Europe.,,2023
http://publications.europa.eu/resource/cellar/c326ad8b-12d1-11ed-8fa0-01aa75ed71a1,corporate-body/OSHA,resource-type/PUB_GEN,2022-07-22,Artificial intelligence for worker management : an overview : report.,,2022
http://publications.europa.eu/resource/cellar/c326ad8b-12d1-11ed-8fa0-01aa75ed71a1,corporate-body/OSHA,resource-type/STU,2022-07-22,Artificial intelligence for worker management : an overview : report.,,2022
http://publications.europa.eu/resource/cellar/f6deb702-1209-11ed-8fa0-01aa75ed71a1,corporate-body/EUROFOUND,resource-type/PUB_GEN,2022-07-21,Ethics in the digital workplace.,,2022
http://publications.europa.eu/resource/cellar/c8d671d0-83e1-11ec-8c40-01aa75ed71a1,corporate-body/ENISA,resource-type/PUB_GEN,2022-01-31,"ENISA programming document 2020-2022 : including multiannual planning, work programme 2020 and multiannual staff planning.",,2022
http://publications.europa.eu/resource/cellar/eb0bf77b-8894-11ec-8c40-01aa75ed71a1,corporate-body/RSCAS,resource-type/PUB_GEN,2021-05-30,Unlocking the potential of AI : opportunities and challenges for European policy.,,2021
http://publications.europa.eu/resource/cellar/4a59ddb9-895d-11ec-8c40-01aa75ed71a1,corporate-body/EP_RESEARCH,resource-type/PUB_GEN,2022-02-03,"A framework for foresight intelligence. Part 1, Horizon scanning tailored to STOA needs.",Parliament,2022
http://publications.europa.eu/resource/cellar/4a59ddb9-895d-11ec-8c40-01aa75ed71a1,corporate-body/EP_RESEARCH,resource-type/STU,2022-02-03,"A framework for foresight intelligence. Part 1, Horizon scanning tailored to STOA needs.",Parliament,2022
http://publications.europa.eu/resource/cellar/bb72329e-895d-11ec-8c40-01aa75ed71a1,corporate-body/EP_RESEARCH,resource-type/PUB_GEN,2022-02-02,"A framework for foresight intelligence. Part 2, Online stakeholder engagement.",Parliament,2022
http://publications.europa.eu/resource/cellar/bb72329e-895d-11ec-8c40-01aa75ed71a1,corporate-body/EP_RESEARCH,resource-type/STU,2022-02-02,"A framework for foresight intelligence. Part 2, Online stakeholder engagement.",Parliament,2022
http://publications.europa.eu/resource/cellar/c7ddf2c6-8960-11ec-8c40-01aa75ed71a1,corporate-body/EP_RESEARCH,resource-type/PUB_GEN,2022-02-02,"Person identification, human rights and ethical principles : rethinking biometrics in the era of artificial intelligence.",Parliament,2022
http://publications.europa.eu/resource/cellar/c7ddf2c6-8960-11ec-8c40-01aa75ed71a1,corporate-body/EP_RESEARCH,resource-type/STU,2022-02-02,"Person identification, human rights and ethical principles : rethinking biometrics in the era of artificial intelligence.",Parliament,2022
http://publications.europa.eu/resource/cellar/50d93687-8a28-11ec-8c40-01aa75ed71a1,corporate-body/ENISA,resource-type/PUB_GEN,2020-12-30,"ENISA programming document 2020-2022 : including multiannual planning, work programme 2020 and multiannual staff planning.",,2020
http://publications.europa.eu/resource/cellar/ba8c1142-8fa5-11ec-8c40-01aa75ed71a1,corporate-body/JRC,resource-type/PUB_GEN,2022-02-16,Emerging approaches for data-driven innovation in Europe : sandbox experiments on the governance of data and technology.,Commission,2022
http://publications.europa.eu/resource/cellar/ba8c1142-8fa5-11ec-8c40-01aa75ed71a1,corporate-body/JRC,resource-type/STU,2022-02-16,Emerging approaches for data-driven innovation in Europe : sandbox experiments on the governance of data and technology.,Commission,2022
http://publications.europa.eu/resource/cellar/467c96bc-0d53-11ed-b11c-01aa75ed71a1,corporate-body/EP_RESEARCH,resource-type/PUB_GEN,2022-07-26,Governing data and artificial intelligence for all : models for sustainable and just data governance.,Parliament,2022
http://publications.europa.eu/resource/cellar/467c96bc-0d53-11ed-b11c-01aa75ed71a1,corporate-body/EP_RESEARCH,resource-type/STU,2022-07-26,Governing data and artificial intelligence for all : models for sustainable and just data governance.,Parliament,2022
http://publications.europa.eu/resource/cellar/83416949-0c8c-11ed-b11c-01aa75ed71a1,corporate-body/EP_RESEARCH,resource-type/PUB_GEN,2022-07-25,Regulatory divergences in the draft AI act : differences in public and private sector obligations.,Parliament,2022
http://publications.europa.eu/resource/cellar/83416949-0c8c-11ed-b11c-01aa75ed71a1,corporate-body/EP_RESEARCH,resource-type/STU,2022-07-25,Regulatory divergences in the draft AI act : differences in public and private sector obligations.,Parliament,2022
http://publications.europa.eu/resource/cellar/3bddb039-909e-11ed-b508-01aa75ed71a1,corporate-body/JRC,resource-type/PUB_GEN,2023-01-09,AI Watch : artificial intelligence standardisation landscape update.,Commission,2023
http://publications.europa.eu/resource/cellar/3bddb039-909e-11ed-b508-01aa75ed71a1,corporate-body/JRC,resource-type/STU,2023-01-09,AI Watch : artificial intelligence standardisation landscape update.,Commission,2023
http://publications.europa.eu/resource/cellar/60591d11-92fc-11ed-b508-01aa75ed71a1,corporate-body/CNECT,resource-type/PUB_GEN,2023-01-10,European cancer imaging initiative : an EU state of the art platform to demonstrate the power of Artificial Intelligence and digital technologies to beat cancer.,Commission,2023
http://publications.europa.eu/resource/cellar/83f1cb1b-96e2-11ed-b508-01aa75ed71a1,corporate-body/EUI,resource-type/PUB_GEN,2022-11-30,Neither fish nor fowl : the challenges of a democratic AI.,,2022
http://publications.europa.eu/resource/cellar/c77a7a2c-987d-11ed-b508-01aa75ed71a1,corporate-body/HOME,resource-type/PUB_GEN,2023-01-18,EU-funded projects on preventing radicalisation synergies and insights : CERIS FCT workshop.,Commission,2023
http://publications.europa.eu/resource/cellar/f8fbc5d7-b6a9-11eb-8aca-01aa75ed71a1,corporate-body/COM,resource-type/NOTICE,2021-05-07,Non-opposition to a notified concentration (Case M.10182 — SADC/Cognite/JV) (Text with EEA relevance) 2021/C 187/03,Commission,2021
http://publications.europa.eu/resource/cellar/f8fbc5d7-b6a9-11eb-8aca-01aa75ed71a1,corporate-body/COMP,resource-type/NOTICE,2021-05-07,Non-opposition to a notified concentration (Case M.10182 — SADC/Cognite/JV) (Text with EEA relevance) 2021/C 187/03,Commission,2021
http://publications.europa.eu/resource/cellar/ac7c57e5-b787-11eb-8aca-01aa75ed71a1,corporate-body/JRC,resource-type/PUB_GEN,2021-05-17,Proceedings of the 2021 conference on Big Data from Space : 18-20 May 2021.,Commission,2021
http://publications.europa.eu/resource/cellar/bddefe15-b61c-11ec-b6f4-01aa75ed71a1,corporate-body/JRC,resource-type/PUB_GEN,2022-04-06,"Academic offer of advanced digital skills in 2020-21 : international comparison : focus on artificial intelligence, high performance computing, cybersecurity and data science.",Commission,2022
http://publications.europa.eu/resource/cellar/bddefe15-b61c-11ec-b6f4-01aa75ed71a1,corporate-body/JRC,resource-type/STU,2022-04-06,"Academic offer of advanced digital skills in 2020-21 : international comparison : focus on artificial intelligence, high performance computing, cybersecurity and data science.",Commission,2022
http://publications.europa.eu/resource/cellar/f41ac0b2-c434-11ec-b6f4-01aa75ed71a1,corporate-body/CJ,resource-type/INFO_JUDICIAL,2022-02-25,"Case C-135/22 P: Appeal brought on 25 February 2022 by Patrick Breyer against the judgment of the General Court (Tenth Chamber) delivered on 15 December 2021 in Case T-158/19, Breyer v European Research Executive Agency",,2022
http://publications.europa.eu/resource/cellar/c0beb2b0-e21b-11ec-a534-01aa75ed71a1,corporate-body/CNECT,resource-type/PUB_GEN,2022-06-01,"Study on quality in 3D digitisation of tangible cultural heritage : mapping parameters, formats, standards, benchmarks, methodologies, and guidelines : executive summary.",Commission,2022
http://publications.europa.eu/resource/cellar/c0beb2b0-e21b-11ec-a534-01aa75ed71a1,corporate-body/CNECT,resource-type/STU_SUM_EXE,2022-06-01,"Study on quality in 3D digitisation of tangible cultural heritage : mapping parameters, formats, standards, benchmarks, methodologies, and guidelines : executive summary.",Commission,2022
http://publications.europa.eu/resource/cellar/b89d612a-5eeb-11ec-9c6c-01aa75ed71a1,corporate-body/JRC,resource-type/PUB_GEN,2021-12-14,Trustworthy autonomous vehicles : assessment criteria for trustworthy AI in the autonomous driving domain.,Commission,2021
http://publications.europa.eu/resource/cellar/b89d612a-5eeb-11ec-9c6c-01aa75ed71a1,corporate-body/JRC,resource-type/STU,2021-12-14,Trustworthy autonomous vehicles : assessment criteria for trustworthy AI in the autonomous driving domain.,Commission,2021
http://publications.europa.eu/resource/cellar/0fdfe75f-58a6-11ec-91ac-01aa75ed71a1,corporate-body/EASME,resource-type/PUB_GEN,2021-12-08,"A guide for fostering women’s entrepreneurship : five key actions towards a digital, green and resilient Europe.",Commission,2021
http://publications.europa.eu/resource/cellar/0fdfe75f-58a6-11ec-91ac-01aa75ed71a1,corporate-body/EASME,resource-type/STU,2021-12-08,"A guide for fostering women’s entrepreneurship : five key actions towards a digital, green and resilient Europe.",Commission,2021
http://publications.europa.eu/resource/cellar/734447fa-58a7-11ec-91ac-01aa75ed71a1,corporate-body/EASME,resource-type/PUB_GEN,2021-12-08,"A guide for fostering entrepreneurship education : five key actions towards a digital, green and resilient Europe.",Commission,2021
http://publications.europa.eu/resource/cellar/734447fa-58a7-11ec-91ac-01aa75ed71a1,corporate-body/EASME,resource-type/STU,2021-12-08,"A guide for fostering entrepreneurship education : five key actions towards a digital, green and resilient Europe.",Commission,2021
http://publications.europa.eu/resource/cellar/d6a23ff4-58a8-11ec-91ac-01aa75ed71a1,corporate-body/EASME,resource-type/PUB_GEN,2021-12-08,Peer-learning in entrepreneurship education and in women’s entrepreneurship : executive summary.,Commission,2021
http://publications.europa.eu/resource/cellar/d6a23ff4-58a8-11ec-91ac-01aa75ed71a1,corporate-body/EASME,resource-type/STU_SUM_EXE,2021-12-08,Peer-learning in entrepreneurship education and in women’s entrepreneurship : executive summary.,Commission,2021
http://publications.europa.eu/resource/cellar/3b268615-dff7-11ed-a05c-01aa75ed71a1,corporate-body/EUROPOL,resource-type/PUB_GEN,2023-04-20,ChatGPT : the impact of large language models on law enforcement.,,2023
http://publications.europa.eu/resource/cellar/8ccd8232-9ac0-11ed-b508-01aa75ed71a1,corporate-body/COM,resource-type/DECLAR,2023-01-23,European Declaration on Digital Rights and Principles for the Digital Decade 2023/C 23/01,Commission,2023
http://publications.europa.eu/resource/cellar/8ccd8232-9ac0-11ed-b508-01aa75ed71a1,corporate-body/CONSIL,resource-type/DECLAR,2023-01-23,European Declaration on Digital Rights and Principles for the Digital Decade 2023/C 23/01,Council,2023
http://publications.europa.eu/resource/cellar/8ccd8232-9ac0-11ed-b508-01aa75ed71a1,corporate-body/EP,resource-type/DECLAR,2023-01-23,European Declaration on Digital Rights and Principles for the Digital Decade 2023/C 23/01,Parliament,2023
http://publications.europa.eu/resource/cellar/8ccd8232-9ac0-11ed-b508-01aa75ed71a1,corporate-body/CNECT,resource-type/DECLAR,2023-01-23,European Declaration on Digital Rights and Principles for the Digital Decade 2023/C 23/01,Commission,2023
http://publications.europa.eu/resource/cellar/f634b3b7-2a85-11ee-839d-01aa75ed71a1,corporate-body/COM,resource-type/DEC_IMPL,2023-07-24,Commission Implementing Decision (EU) 2023/1534 of 24 July 2023 selecting the entities forming the initial network of European Digital Innovation Hubs in accordance with Regulation (EU) 2021/694 of the European Parliament and of the Council (Text with EEA relevance),Commission,2023
http://publications.europa.eu/resource/cellar/f634b3b7-2a85-11ee-839d-01aa75ed71a1,corporate-body/CNECT,resource-type/DEC_IMPL,2023-07-24,Commission Implementing Decision (EU) 2023/1534 of 24 July 2023 selecting the entities forming the initial network of European Digital Innovation Hubs in accordance with Regulation (EU) 2021/694 of the European Parliament and of the Council (Text with EEA relevance),Commission,2023
http://publications.europa.eu/resource/cellar/becacb3d-d357-11ed-a05c-01aa75ed71a1,corporate-body/ENISA,resource-type/PUB_GEN,2023-03-29,Identifying emerging cybersecurity threats and challenges for 2030.,,2023
http://publications.europa.eu/resource/cellar/becacb3d-d357-11ed-a05c-01aa75ed71a1,corporate-body/ENISA,resource-type/STU,2023-03-29,Identifying emerging cybersecurity threats and challenges for 2030.,,2023
http://publications.europa.eu/resource/cellar/a4c1940f-ef4a-11eb-a71c-01aa75ed71a1,corporate-body/EP_RESEARCH,resource-type/PUB_GEN,2021-07-26,Artificial intelligence at EU borders : overview of applications and key issues.,Parliament,2021
http://publications.europa.eu/resource/cellar/a4c1940f-ef4a-11eb-a71c-01aa75ed71a1,corporate-body/EP_RESEARCH,resource-type/STU,2021-07-26,Artificial intelligence at EU borders : overview of applications and key issues.,Parliament,2021
http://publications.europa.eu/resource/cellar/279b064f-7358-11ec-9136-01aa75ed71a1,corporate-body/PUBL,resource-type/PUB_GEN,2022-01-05,CORDIS results pack on artificial intelligence and industry.,,2022
http://publications.europa.eu/resource/cellar/8cf54aba-b3a7-11ee-b164-01aa75ed71a1,corporate-body/JRC,resource-type/PUB_GEN,2023-12-18,Resonances III : datami.,Commission,2023
http://publications.europa.eu/resource/cellar/147cb8b8-c962-11ee-95d9-01aa75ed71a1,corporate-body/JRC,resource-type/PUB_GEN,2024-02-09,European Centre for Algorithmic Transparency (ECAT). February 2024.,Commission,2024
http://publications.europa.eu/resource/cellar/ba2e39dc-c71b-11ee-95d9-01aa75ed71a1,corporate-body/OIB,resource-type/PUB_GEN,2024-02-07,"Translation, the language of Europe.",Commission,2024
http://publications.europa.eu/resource/cellar/d52b6806-c3e6-11ee-95d9-01aa75ed71a1,corporate-body/EIB,resource-type/PUB_GEN,2024-02-02,A blueprint for sustainable living : 2023 activity report.,,2024
http://publications.europa.eu/resource/cellar/e930959b-207d-11ee-94cb-01aa75ed71a1,corporate-body/ENISA,resource-type/PUB_GEN,2023-07-06,Standardisation in support of the cybersecurity of AI.,,2023
http://publications.europa.eu/resource/cellar/e930959b-207d-11ee-94cb-01aa75ed71a1,corporate-body/ENISA,resource-type/STU,2023-07-06,Standardisation in support of the cybersecurity of AI.,,2023
http://publications.europa.eu/resource/cellar/38fbde62-1951-11ee-806b-01aa75ed71a1,corporate-body/ENISA,resource-type/PUB_GEN,2023-06-29,A multilayer framework for good cybersecurity practices for AI : : security and resilience for smart health services and infrastructures.,,2023
http://publications.europa.eu/resource/cellar/cbe4794a-1950-11ee-806b-01aa75ed71a1,corporate-body/EP_RESEARCH,resource-type/PUB_GEN,2023-06-29,European streaming platform for national news accessible in all EU languages.,Parliament,2023
http://publications.europa.eu/resource/cellar/cbe4794a-1950-11ee-806b-01aa75ed71a1,corporate-body/EP_RESEARCH,resource-type/STU,2023-06-29,European streaming platform for national news accessible in all EU languages.,Parliament,2023
http://publications.europa.eu/resource/cellar/b078c73d-1a13-11ee-806b-01aa75ed71a1,corporate-body/JRC,resource-type/PUB_GEN,2023-07-03,Mapping the scientific base for SDGs and digital technologies.,Commission,2023
http://publications.europa.eu/resource/cellar/b078c73d-1a13-11ee-806b-01aa75ed71a1,corporate-body/JRC,resource-type/STU,2023-07-03,Mapping the scientific base for SDGs and digital technologies.,Commission,2023
http://publications.europa.eu/resource/cellar/8a3b1677-2c95-11ec-bd8e-01aa75ed71a1,corporate-body/EASME,resource-type/PUB_GEN,2021-10-13,Advanced technologies for industry : advanced technology landscape and related policies in China.,Commission,2021
http://publications.europa.eu/resource/cellar/801bb644-315a-11ec-bd8e-01aa75ed71a1,corporate-body/EASME,resource-type/PUB_GEN,2021-10-19,Advanced technologies for industry technology watch reports : exploring upcoming technologies that are characterised by a high speed of evolution and a disruptive potential.,Commission,2021
http://publications.europa.eu/resource/cellar/fe087847-315d-11ec-bd8e-01aa75ed71a1,corporate-body/EIB,resource-type/PUB_GEN,2021-10-18,"Artificial intelligence, blockchain and the future of Europe : how disruptive technologies create opportunities for a green and digital economy : main report.",,2021
http://publications.europa.eu/resource/cellar/fe087847-315d-11ec-bd8e-01aa75ed71a1,corporate-body/EIB,resource-type/STU,2021-10-18,"Artificial intelligence, blockchain and the future of Europe : how disruptive technologies create opportunities for a green and digital economy : main report.",,2021
http://publications.europa.eu/resource/cellar/2db28929-856c-11ec-8c40-01aa75ed71a1,corporate-body/DIGIT,resource-type/PUB_GEN,2022-01-31,State-of-play report on digital public administration and interoperability 2021.,Commission,2022
http://publications.europa.eu/resource/cellar/2db28929-856c-11ec-8c40-01aa75ed71a1,corporate-body/DIGIT,resource-type/STU,2022-01-31,State-of-play report on digital public administration and interoperability 2021.,Commission,2022
http://publications.europa.eu/resource/cellar/0219472d-6a12-11ed-b14f-01aa75ed71a1,corporate-body/EESC,resource-type/OWNINI_OPIN,2022-07-14,"Opinion of the European Economic and Social Committee on digital identity, data sovereignty and the path to a just digital transition for citizens living in the information society (own-initiative opinion)",,2022
http://publications.europa.eu/resource/cellar/d81a0d54-5348-11ed-92ed-01aa75ed71a1,corporate-body/EAC,resource-type/PUB_GEN,2022-10-25,Ethical guidelines on the use of artificial intelligence (AI) and data in teaching and learning for educators.,Commission,2022
http://publications.europa.eu/resource/cellar/226afe19-6f99-11ed-9887-01aa75ed71a1,corporate-body/FISMA,resource-type/PUB_GEN,2022-11-25,Synthetic data pilot with Banco de España : findings and recommendations.,Commission,2022
http://publications.europa.eu/resource/cellar/226afe19-6f99-11ed-9887-01aa75ed71a1,corporate-body/FISMA,resource-type/STU,2022-11-25,Synthetic data pilot with Banco de España : findings and recommendations.,Commission,2022
http://publications.europa.eu/resource/cellar/90cc3003-6f9e-11ed-9887-01aa75ed71a1,corporate-body/JRC,resource-type/PUB_GEN,2022-11-28,A policy oriented analytical approach to map the digital ecosystem (DGTES).,Commission,2022
http://publications.europa.eu/resource/cellar/90cc3003-6f9e-11ed-9887-01aa75ed71a1,corporate-body/JRC,resource-type/STU,2022-11-28,A policy oriented analytical approach to map the digital ecosystem (DGTES).,Commission,2022
http://publications.europa.eu/resource/cellar/59e38fb7-8436-11ee-99ba-01aa75ed71a1,corporate-body/EDPS,resource-type/PUB_GEN,2023-11-14,TechDispatch : explainable artificial intelligence. #2/2023.,,2023
http://publications.europa.eu/resource/cellar/673351d4-21f3-11ee-94cb-01aa75ed71a1,corporate-body/CONSIL_SG,resource-type/PUB_GEN,2023-07-11,"Reflection paper, In a world where societies are increasingly impacted by artificial intelligence : what role for EU leaders?",,2023
http://publications.europa.eu/resource/cellar/a064c772-1ef3-11ef-a251-01aa75ed71a1,corporate-body/ECA,resource-type/PUB_GEN,2024-05-30,"EU Artificial intelligence ambition : stronger governance and increased, more focused investment essential going forward. Special report,08, 2024.",,2024
http://publications.europa.eu/resource/cellar/d1ccaaef-1ee5-11ef-a251-01aa75ed71a1,corporate-body/ECA,resource-type/NOTICE,2024-05-31,"Special report 08/2024: EU Artificial intelligence ambition – Stronger governance and increased, more focused investment essential going forward",,2024
http://publications.europa.eu/resource/cellar/12616c1d-ab15-11ec-83e1-01aa75ed71a1,corporate-body/EP,resource-type/OWNINI_RES,2021-10-06,European Parliament resolution of 6 October 2021 on artificial intelligence in criminal law and its use by the police and judicial authorities in criminal matters (2020/2016(INI)),Parliament,2021
http://publications.europa.eu/resource/cellar/12616c1d-ab15-11ec-83e1-01aa75ed71a1,corporate-body/EP_EMPL,resource-type/OWNINI_RES,2021-10-06,European Parliament resolution of 6 October 2021 on artificial intelligence in criminal law and its use by the police and judicial authorities in criminal matters (2020/2016(INI)),Parliament,2021
http://publications.europa.eu/resource/cellar/12616c1d-ab15-11ec-83e1-01aa75ed71a1,corporate-body/EP_IMCO,resource-type/OWNINI_RES,2021-10-06,European Parliament resolution of 6 October 2021 on artificial intelligence in criminal law and its use by the police and judicial authorities in criminal matters (2020/2016(INI)),Parliament,2021
http://publications.europa.eu/resource/cellar/12616c1d-ab15-11ec-83e1-01aa75ed71a1,corporate-body/EP_LIBE,resource-type/OWNINI_RES,2021-10-06,European Parliament resolution of 6 October 2021 on artificial intelligence in criminal law and its use by the police and judicial authorities in criminal matters (2020/2016(INI)),Parliament,2021
http://publications.europa.eu/resource/cellar/12616c1d-ab15-11ec-83e1-01aa75ed71a1,corporate-body/EP_JURI,resource-type/OWNINI_RES,2021-10-06,European Parliament resolution of 6 October 2021 on artificial intelligence in criminal law and its use by the police and judicial authorities in criminal matters (2020/2016(INI)),Parliament,2021
http://publications.europa.eu/resource/cellar/77a04a0f-5912-11ed-92ed-01aa75ed71a1,corporate-body/JUST,resource-type/PUB_GEN,2022-10-28,Study to support the Commission’s impact assessment on liability for artificial intelligence : final report.,Commission,2022
http://publications.europa.eu/resource/cellar/77a04a0f-5912-11ed-92ed-01aa75ed71a1,corporate-body/JUST,resource-type/STU,2022-10-28,Study to support the Commission’s impact assessment on liability for artificial intelligence : final report.,Commission,2022
http://publications.europa.eu/resource/cellar/8f622861-7533-11ed-9887-01aa75ed71a1,corporate-body/EP,resource-type/OWNINI_RES,2022-05-03,European Parliament resolution of 3 May 2022 on artificial intelligence in a digital age (2020/2266(INI)),Parliament,2022
http://publications.europa.eu/resource/cellar/8f622861-7533-11ed-9887-01aa75ed71a1,corporate-body/EP_AIDA,resource-type/OWNINI_RES,2022-05-03,European Parliament resolution of 3 May 2022 on artificial intelligence in a digital age (2020/2266(INI)),Parliament,2022
http://publications.europa.eu/resource/cellar/9efd1357-5c09-11ed-92ed-01aa75ed71a1,corporate-body/JUST,resource-type/PUB_GEN,2022-11-03,Study to support the Commission’s impact assessment on liability for artificial intelligence : executive summary.,Commission,2022
http://publications.europa.eu/resource/cellar/9efd1357-5c09-11ed-92ed-01aa75ed71a1,corporate-body/JUST,resource-type/STU_SUM_EXE,2022-11-03,Study to support the Commission’s impact assessment on liability for artificial intelligence : executive summary.,Commission,2022
http://publications.europa.eu/resource/cellar/a224c235-4843-11ed-92ed-01aa75ed71a1,corporate-body/EAC,resource-type/PUB_GEN,2022-10-11,Guidelines for teachers and educators on tackling disinformation and promoting digital literacy through education and training.,Commission,2022
http://publications.europa.eu/resource/cellar/1a0ef5e6-0e4e-11ee-b12e-01aa75ed71a1,corporate-body/OSHA,resource-type/PUB_GEN,2023-06-16,Safe and healthy work in the digital age : healthy workplaces campaign 2023-2025.,,2023
http://publications.europa.eu/resource/cellar/7ca10d23-2b63-11ee-95a2-01aa75ed71a1,corporate-body/EDPS,resource-type/PUB_GEN,2023-07-24,Annual report 2022 : executive summary.,,2023
http://publications.europa.eu/resource/cellar/ba3df395-1ba5-11ee-806b-01aa75ed71a1,corporate-body/OSHA,resource-type/PUB_GEN,2023-07-05,Advanced robotic automation : comparative case study report.,,2023
http://publications.europa.eu/resource/cellar/ba3df395-1ba5-11ee-806b-01aa75ed71a1,corporate-body/OSHA,resource-type/STU,2023-07-05,Advanced robotic automation : comparative case study report.,,2023
http://publications.europa.eu/resource/cellar/c108494b-0985-11ee-b12e-01aa75ed71a1,corporate-body/COM,resource-type/ANNOUNC,2023-06-13,Prior notification of a concentration (Case M.11141 – WENDEL / TOPSCALE) Candidate case for simplified procedure (Text with EEA relevance) 2023/C 206/11,Commission,2023
http://publications.europa.eu/resource/cellar/c108494b-0985-11ee-b12e-01aa75ed71a1,corporate-body/COMP,resource-type/ANNOUNC,2023-06-13,Prior notification of a concentration (Case M.11141 – WENDEL / TOPSCALE) Candidate case for simplified procedure (Text with EEA relevance) 2023/C 206/11,Commission,2023
http://publications.europa.eu/resource/cellar/dcc267c7-4606-11ee-92e3-01aa75ed71a1,corporate-body/COM,resource-type/NOTICE,2023-06-29,Non-opposition to a notified concentration (Case M.11141 – WENDEL / TOPSCALE) (Text with EEA relevance) 2023/C 305/03,Commission,2023
http://publications.europa.eu/resource/cellar/dcc267c7-4606-11ee-92e3-01aa75ed71a1,corporate-body/COMP,resource-type/NOTICE,2023-06-29,Non-opposition to a notified concentration (Case M.11141 – WENDEL / TOPSCALE) (Text with EEA relevance) 2023/C 305/03,Commission,2023
http://publications.europa.eu/resource/cellar/9dda0989-b992-11ee-b164-01aa75ed71a1,corporate-body/EP,resource-type/RES_LEGIS,2023-06-14,Amendments adopted by the European Parliament on 14 June 2023 on the proposal for a regulation of the European Parliament and of the Council on laying down harmonised rules on artificial intelligence (Artificial Intelligence Act) and amending certain Union legislative acts (COM(2021)0206 — C9-0146/2021 — 2021/0106(COD)),Parliament,2023
http://publications.europa.eu/resource/cellar/9dda0989-b992-11ee-b164-01aa75ed71a1,corporate-body/EP_CULT,resource-type/RES_LEGIS,2023-06-14,Amendments adopted by the European Parliament on 14 June 2023 on the proposal for a regulation of the European Parliament and of the Council on laying down harmonised rules on artificial intelligence (Artificial Intelligence Act) and amending certain Union legislative acts (COM(2021)0206 — C9-0146/2021 — 2021/0106(COD)),Parliament,2023
http://publications.europa.eu/resource/cellar/9dda0989-b992-11ee-b164-01aa75ed71a1,corporate-body/EP_IMCO,resource-type/RES_LEGIS,2023-06-14,Amendments adopted by the European Parliament on 14 June 2023 on the proposal for a regulation of the European Parliament and of the Council on laying down harmonised rules on artificial intelligence (Artificial Intelligence Act) and amending certain Union legislative acts (COM(2021)0206 — C9-0146/2021 — 2021/0106(COD)),Parliament,2023
http://publications.europa.eu/resource/cellar/9dda0989-b992-11ee-b164-01aa75ed71a1,corporate-body/EP_ITRE,resource-type/RES_LEGIS,2023-06-14,Amendments adopted by the European Parliament on 14 June 2023 on the proposal for a regulation of the European Parliament and of the Council on laying down harmonised rules on artificial intelligence (Artificial Intelligence Act) and amending certain Union legislative acts (COM(2021)0206 — C9-0146/2021 — 2021/0106(COD)),Parliament,2023
http://publications.europa.eu/resource/cellar/9dda0989-b992-11ee-b164-01aa75ed71a1,corporate-body/EP_LIBE,resource-type/RES_LEGIS,2023-06-14,Amendments adopted by the European Parliament on 14 June 2023 on the proposal for a regulation of the European Parliament and of the Council on laying down harmonised rules on artificial intelligence (Artificial Intelligence Act) and amending certain Union legislative acts (COM(2021)0206 — C9-0146/2021 — 2021/0106(COD)),Parliament,2023
http://publications.europa.eu/resource/cellar/9dda0989-b992-11ee-b164-01aa75ed71a1,corporate-body/EP_TRAN,resource-type/RES_LEGIS,2023-06-14,Amendments adopted by the European Parliament on 14 June 2023 on the proposal for a regulation of the European Parliament and of the Council on laying down harmonised rules on artificial intelligence (Artificial Intelligence Act) and amending certain Union legislative acts (COM(2021)0206 — C9-0146/2021 — 2021/0106(COD)),Parliament,2023
http://publications.europa.eu/resource/cellar/9dda0989-b992-11ee-b164-01aa75ed71a1,corporate-body/EP_ENVI,resource-type/RES_LEGIS,2023-06-14,Amendments adopted by the European Parliament on 14 June 2023 on the proposal for a regulation of the European Parliament and of the Council on laying down harmonised rules on artificial intelligence (Artificial Intelligence Act) and amending certain Union legislative acts (COM(2021)0206 — C9-0146/2021 — 2021/0106(COD)),Parliament,2023
http://publications.europa.eu/resource/cellar/9dda0989-b992-11ee-b164-01aa75ed71a1,corporate-body/EP_JURI,resource-type/RES_LEGIS,2023-06-14,Amendments adopted by the European Parliament on 14 June 2023 on the proposal for a regulation of the European Parliament and of the Council on laying down harmonised rules on artificial intelligence (Artificial Intelligence Act) and amending certain Union legislative acts (COM(2021)0206 — C9-0146/2021 — 2021/0106(COD)),Parliament,2023
http://publications.europa.eu/resource/cellar/6800ecfe-c1e7-11ec-b6f4-01aa75ed71a1,corporate-body/EESC,resource-type/PUB_GEN,2022-04-21,Studies carried out in 2020 : compendium.,,2022
http://publications.europa.eu/resource/cellar/40de438a-c43d-11ec-b6f4-01aa75ed71a1,corporate-body/LISA,resource-type/PUB_GEN,2022-03-22,Towards the digital Schengen area : eu-LISA annual conference 2021.,,2022
http://publications.europa.eu/resource/cellar/0f4615e0-bb90-11ee-b164-01aa75ed71a1,corporate-body/COM,resource-type/COMMUNIC,2024-01-24,"COMMUNICATION FROM THE COMMISSION TO THE EUROPEAN PARLIAMENT, THE COUNCIL, THE EUROPEAN ECONOMIC AND SOCIAL COMMITTEE AND THE COMMITTEE OF THE REGIONS on boosting startups and innovation in trustworthy artificial intelligence",Commission,2024
http://publications.europa.eu/resource/cellar/0f4615e0-bb90-11ee-b164-01aa75ed71a1,corporate-body/CNECT,resource-type/COMMUNIC,2024-01-24,"COMMUNICATION FROM THE COMMISSION TO THE EUROPEAN PARLIAMENT, THE COUNCIL, THE EUROPEAN ECONOMIC AND SOCIAL COMMITTEE AND THE COMMITTEE OF THE REGIONS on boosting startups and innovation in trustworthy artificial intelligence",Commission,2024
http://publications.europa.eu/resource/cellar/44df3cc7-1f54-11f0-b1a3-01aa75ed71a1,corporate-body/COM,resource-type/PROP_REG,2025-04-22,"Proposal for a REGULATION OF THE EUROPEAN PARLIAMENT AND OF THE COUNCIL amending Regulations (EU) 2021/694, (EU) 2021/695, (EU) 2021/697, (EU) 2021/1153, (EU) 2023/1525 and 2024/795, as regards incentivising defence-related investments in the EU budget to implement the ReArm Europe Plan",Commission,2025
http://publications.europa.eu/resource/cellar/44df3cc7-1f54-11f0-b1a3-01aa75ed71a1,corporate-body/DEFIS,resource-type/PROP_REG,2025-04-22,"Proposal for a REGULATION OF THE EUROPEAN PARLIAMENT AND OF THE COUNCIL amending Regulations (EU) 2021/694, (EU) 2021/695, (EU) 2021/697, (EU) 2021/1153, (EU) 2023/1525 and 2024/795, as regards incentivising defence-related investments in the EU budget to implement the ReArm Europe Plan",Commission,2025
http://publications.europa.eu/resource/cellar/359880c1-a4dc-11ec-83e1-01aa75ed71a1,corporate-body/CNECT,resource-type/PUB_GEN,2022-03-16,Opportunities and challenges of artificial intelligence technologies for the cultural and creative sectors.,Commission,2022
http://publications.europa.eu/resource/cellar/cc293085-a4da-11ec-83e1-01aa75ed71a1,corporate-body/CNECT,resource-type/PUB_GEN,2022-03-16,Study on copyright and new technologies : copyright data management and artificial intelligence.,Commission,2022
http://publications.europa.eu/resource/cellar/cc293085-a4da-11ec-83e1-01aa75ed71a1,corporate-body/CNECT,resource-type/STU,2022-03-16,Study on copyright and new technologies : copyright data management and artificial intelligence.,Commission,2022
http://publications.europa.eu/resource/cellar/65bc7eea-2586-11ec-bd8e-01aa75ed71a1,corporate-body/PUBL,resource-type/PUB_GEN,2021-10-01,"Research*eu. #106, October 2021.",,2021
http://publications.europa.eu/resource/cellar/b3ec79e7-2585-11ec-bd8e-01aa75ed71a1,corporate-body/JRC,resource-type/PUB_GEN,2021-10-04,"AI watch, artificial intelligence for the public sector : report of the “3rd peer learning workshop on the use and impact of AI in public services”, 24 June 2021.",Commission,2021
http://publications.europa.eu/resource/cellar/52c866ce-265a-11ec-bd8e-01aa75ed71a1,corporate-body/EESC,resource-type/PUB_GEN,2021-10-05,"Boosting the use of artificial intelligence in Europe's micro, small and medium-sized enterprises.",,2021
http://publications.europa.eu/resource/cellar/52c866ce-265a-11ec-bd8e-01aa75ed71a1,corporate-body/EESC,resource-type/STU,2021-10-05,"Boosting the use of artificial intelligence in Europe's micro, small and medium-sized enterprises.",,2021
http://publications.europa.eu/resource/cellar/642b8d23-2a3d-11ec-bd8e-01aa75ed71a1,corporate-body/EASME,resource-type/PUB_GEN,2021-10-08,"Policies for collaborative robotics and artificial intelligence (AI) systems : policy brief on collaborative robots, human-AI systems and the role for policy.",Commission,2021
http://publications.europa.eu/resource/cellar/d52727ad-2a3c-11ec-bd8e-01aa75ed71a1,corporate-body/EASME,resource-type/PUB_GEN,2021-10-08,Transforming the creative and cultural industries with advanced technologies : sectoral watch : technological trends in the creative industries.,Commission,2021
http://publications.europa.eu/resource/cellar/a2d31974-2c97-11ec-bd8e-01aa75ed71a1,corporate-body/EASME,resource-type/PUB_GEN,2021-10-13,Advanced technologies for industry : international reports : advanced technology landscape and related policies in the United States of America.,Commission,2021
http://publications.europa.eu/resource/cellar/2300f0fd-321c-11ec-bd8e-01aa75ed71a1,corporate-body/EP_INTERNAL_POL,resource-type/PUB_GEN,2021-10-20,Artificial intelligence in smart cities and urban mobility : how can artificial intelligence applications be used in urban mobility and smart cities and how can their deployment be facilitated.,Parliament,2021
http://publications.europa.eu/resource/cellar/a402db37-5d50-11ec-9c6c-01aa75ed71a1,corporate-body/EP,resource-type/RES_LEGIS,2021-04-29,European Parliament legislative resolution of 29 April 2021 on the Council position at first reading with a view to the adoption of a regulation of the European Parliament and of the Council establishing the Digital Europe Programme and repealing Decision (EU) 2015/2240 (06789/1/2020 — C9-0109/2021 — 2018/0227(COD)),Parliament,2021
http://publications.europa.eu/resource/cellar/a402db37-5d50-11ec-9c6c-01aa75ed71a1,corporate-body/EP_CULT,resource-type/RES_LEGIS,2021-04-29,European Parliament legislative resolution of 29 April 2021 on the Council position at first reading with a view to the adoption of a regulation of the European Parliament and of the Council establishing the Digital Europe Programme and repealing Decision (EU) 2015/2240 (06789/1/2020 — C9-0109/2021 — 2018/0227(COD)),Parliament,2021
http://publications.europa.eu/resource/cellar/a402db37-5d50-11ec-9c6c-01aa75ed71a1,corporate-body/EP_IMCO,resource-type/RES_LEGIS,2021-04-29,European Parliament legislative resolution of 29 April 2021 on the Council position at first reading with a view to the adoption of a regulation of the European Parliament and of the Council establishing the Digital Europe Programme and repealing Decision (EU) 2015/2240 (06789/1/2020 — C9-0109/2021 — 2018/0227(COD)),Parliament,2021
http://publications.europa.eu/resource/cellar/a402db37-5d50-11ec-9c6c-01aa75ed71a1,corporate-body/EP_ITRE,resource-type/RES_LEGIS,2021-04-29,European Parliament legislative resolution of 29 April 2021 on the Council position at first reading with a view to the adoption of a regulation of the European Parliament and of the Council establishing the Digital Europe Programme and repealing Decision (EU) 2015/2240 (06789/1/2020 — C9-0109/2021 — 2018/0227(COD)),Parliament,2021
http://publications.europa.eu/resource/cellar/a402db37-5d50-11ec-9c6c-01aa75ed71a1,corporate-body/EP_LIBE,resource-type/RES_LEGIS,2021-04-29,European Parliament legislative resolution of 29 April 2021 on the Council position at first reading with a view to the adoption of a regulation of the European Parliament and of the Council establishing the Digital Europe Programme and repealing Decision (EU) 2015/2240 (06789/1/2020 — C9-0109/2021 — 2018/0227(COD)),Parliament,2021
http://publications.europa.eu/resource/cellar/a402db37-5d50-11ec-9c6c-01aa75ed71a1,corporate-body/EP_TRAN,resource-type/RES_LEGIS,2021-04-29,European Parliament legislative resolution of 29 April 2021 on the Council position at first reading with a view to the adoption of a regulation of the European Parliament and of the Council establishing the Digital Europe Programme and repealing Decision (EU) 2015/2240 (06789/1/2020 — C9-0109/2021 — 2018/0227(COD)),Parliament,2021
http://publications.europa.eu/resource/cellar/a402db37-5d50-11ec-9c6c-01aa75ed71a1,corporate-body/EP_BUDG,resource-type/RES_LEGIS,2021-04-29,European Parliament legislative resolution of 29 April 2021 on the Council position at first reading with a view to the adoption of a regulation of the European Parliament and of the Council establishing the Digital Europe Programme and repealing Decision (EU) 2015/2240 (06789/1/2020 — C9-0109/2021 — 2018/0227(COD)),Parliament,2021
http://publications.europa.eu/resource/cellar/a402db37-5d50-11ec-9c6c-01aa75ed71a1,corporate-body/EP_ENVI,resource-type/RES_LEGIS,2021-04-29,European Parliament legislative resolution of 29 April 2021 on the Council position at first reading with a view to the adoption of a regulation of the European Parliament and of the Council establishing the Digital Europe Programme and repealing Decision (EU) 2015/2240 (06789/1/2020 — C9-0109/2021 — 2018/0227(COD)),Parliament,2021
http://publications.europa.eu/resource/cellar/a402db37-5d50-11ec-9c6c-01aa75ed71a1,corporate-body/EP_JURI,resource-type/RES_LEGIS,2021-04-29,European Parliament legislative resolution of 29 April 2021 on the Council position at first reading with a view to the adoption of a regulation of the European Parliament and of the Council establishing the Digital Europe Programme and repealing Decision (EU) 2015/2240 (06789/1/2020 — C9-0109/2021 — 2018/0227(COD)),Parliament,2021
http://publications.europa.eu/resource/cellar/a2151d70-9d84-11ed-b508-01aa75ed71a1,corporate-body/EP_INTERNAL_POL,resource-type/PUB_GEN,2023-01-20,Addressing the challenges of the digital transition in national recovery and resilience plans.,Parliament,2023
http://publications.europa.eu/resource/cellar/a2151d70-9d84-11ed-b508-01aa75ed71a1,corporate-body/EP_INTERNAL_POL,resource-type/STU,2023-01-20,Addressing the challenges of the digital transition in national recovery and resilience plans.,Parliament,2023
http://publications.europa.eu/resource/cellar/3a15d900-9df2-11ed-b508-01aa75ed71a1,corporate-body/DIGIT,resource-type/PUB_GEN,2023-01-18,Case study analysis of the use of emerging technologies for regulatory reporting : report on the use of new technologies in regulatory reporting.,Commission,2023
http://publications.europa.eu/resource/cellar/7e9e1782-1dd6-11ed-8fa0-01aa75ed71a1,corporate-body/EP_INTERNAL_POL,resource-type/PUB_GEN,2022-08-16,"The way forward for better regulation in the EU : better focus, synergies, data and technology : in depth analysis.",Parliament,2022
http://publications.europa.eu/resource/cellar/7e9e1782-1dd6-11ed-8fa0-01aa75ed71a1,corporate-body/EP_INTERNAL_POL,resource-type/STU,2022-08-16,"The way forward for better regulation in the EU : better focus, synergies, data and technology : in depth analysis.",Parliament,2022
http://publications.europa.eu/resource/cellar/018099e8-241d-11ed-8fa0-01aa75ed71a1,corporate-body/EESC,resource-type/PUB_GEN,2022-08-24,"2021, a year in review.",,2022
http://publications.europa.eu/resource/cellar/a30e13fa-66f6-11ed-b14f-01aa75ed71a1,corporate-body/JRC,resource-type/PUB_GEN,2022-11-16,Computers and coordination of debate II : a study on the design of computer tools for ordering open public debates.,Commission,2022
http://publications.europa.eu/resource/cellar/1e0fd213-6940-11ed-b14f-01aa75ed71a1,corporate-body/CONSIL,resource-type/DEC,2022-11-18,Council Decision (CFSP) 2022/2269 of 18 November 2022 on Union support for the implementation of a project ‘Promoting Responsible Innovation in Artificial Intelligence for Peace and Security’,Council,2022
http://publications.europa.eu/resource/cellar/93f3e9c4-a5a7-11ec-83e1-01aa75ed71a1,corporate-body/EP_RESEARCH,resource-type/PUB_GEN,2022-03-16,Regulating facial recognition in the EU : in-depth analysis.,Parliament,2022
http://publications.europa.eu/resource/cellar/93f3e9c4-a5a7-11ec-83e1-01aa75ed71a1,corporate-body/EP_RESEARCH,resource-type/STU,2022-03-16,Regulating facial recognition in the EU : in-depth analysis.,Parliament,2022
http://publications.europa.eu/resource/cellar/b3444a25-afd3-11ec-83e1-01aa75ed71a1,corporate-body/DIGIT,resource-type/PUB_GEN,2022-03-22,Digital path to recovery and resilience in the European Union.,Commission,2022
http://publications.europa.eu/resource/cellar/b3444a25-afd3-11ec-83e1-01aa75ed71a1,corporate-body/DIGIT,resource-type/STU,2022-03-22,Digital path to recovery and resilience in the European Union.,Commission,2022
http://publications.europa.eu/resource/cellar/12ff7510-b0a0-11ec-83e1-01aa75ed71a1,corporate-body/LISA,resource-type/PUB_GEN,2022-03-30,Artificial intelligence and large-scale IT systems : opportunities and challenges : 4-11-18 and 25 November 2021 online event.,,2022
http://publications.europa.eu/resource/cellar/83fb0f9e-b09f-11ec-83e1-01aa75ed71a1,corporate-body/OAMI,resource-type/PUB_GEN,2022-03-30,Study on the impact of artificial intelligence on the infringement and enforcement of copyright and designs.,,2022
http://publications.europa.eu/resource/cellar/83fb0f9e-b09f-11ec-83e1-01aa75ed71a1,corporate-body/OAMI,resource-type/STU,2022-03-30,Study on the impact of artificial intelligence on the infringement and enforcement of copyright and designs.,,2022
http://publications.europa.eu/resource/cellar/7f64223f-540d-11ed-92ed-01aa75ed71a1,corporate-body/EAC,resource-type/PUB_GEN,2022-10-24,Final report of the Commission expert group on artificial intelligence and data in education and training : a executive summary.,Commission,2022
http://publications.europa.eu/resource/cellar/7f64223f-540d-11ed-92ed-01aa75ed71a1,corporate-body/EAC,resource-type/STU_SUM_EXE,2022-10-24,Final report of the Commission expert group on artificial intelligence and data in education and training : a executive summary.,Commission,2022
http://publications.europa.eu/resource/cellar/895a64db-566d-11ed-92ed-01aa75ed71a1,corporate-body/CNECT,resource-type/PUB_GEN,2022-10-26,Safety and liability related aspects of software.,Commission,2022
http://publications.europa.eu/resource/cellar/895a64db-566d-11ed-92ed-01aa75ed71a1,corporate-body/CNECT,resource-type/STU,2022-10-26,Safety and liability related aspects of software.,Commission,2022
http://publications.europa.eu/resource/cellar/0f738be1-5911-11ed-92ed-01aa75ed71a1,corporate-body/JUST,resource-type/PUB_GEN,2022-10-28,Behavioural study on the link between challenges of artificial intelligence for Member States’ civil liability rules and consumer attitudes towards AI-enabled products and services : final report.,Commission,2022
http://publications.europa.eu/resource/cellar/0f738be1-5911-11ed-92ed-01aa75ed71a1,corporate-body/JUST,resource-type/STU,2022-10-28,Behavioural study on the link between challenges of artificial intelligence for Member States’ civil liability rules and consumer attitudes towards AI-enabled products and services : final report.,Commission,2022
http://publications.europa.eu/resource/cellar/76fcaabc-5c07-11ed-92ed-01aa75ed71a1,corporate-body/JUST,resource-type/PUB_GEN,2022-11-03,Behavioural study on the link between challenges of artificial intelligence for Member States’ civil liability rules and consumer attitudes towards AI-enabled products and services : executive summary.,Commission,2022
http://publications.europa.eu/resource/cellar/76fcaabc-5c07-11ed-92ed-01aa75ed71a1,corporate-body/JUST,resource-type/STU_SUM_EXE,2022-11-03,Behavioural study on the link between challenges of artificial intelligence for Member States’ civil liability rules and consumer attitudes towards AI-enabled products and services : executive summary.,Commission,2022
http://publications.europa.eu/resource/cellar/66576959-5fe4-11ed-92ed-01aa75ed71a1,corporate-body/PUBL,resource-type/PUB_GEN,2022-11-08,CORDIS results pack on AI in air traffic management : bringing intelligent and trustworthy automation to Europe’s aviation sector.,,2022
http://publications.europa.eu/resource/cellar/34251428-dc12-11ec-a534-01aa75ed71a1,corporate-body/JRC,resource-type/PUB_GEN,2022-05-25,"AI Watch, road to the adoption of artificial intelligence by the public sector : a handbook for policymakers, public administrations and relevant stakeholders.",Commission,2022
http://publications.europa.eu/resource/cellar/9e6ad9d2-47a6-11ee-bbdc-01aa75ed71a1,corporate-body/JRC,resource-type/PUB_GEN,2023-08-29,CoP cities bimonthly newsletter. March 2023.,Commission,2023
http://publications.europa.eu/resource/cellar/7d0a4007-51dd-11ee-9220-01aa75ed71a1,corporate-body/JRC,resource-type/PUB_GEN,2023-09-11,Cybersecurity of artificial intelligence in the AI Act : guiding principles to address the cybersecurity requirement for high-riskAI systems.,Commission,2023
http://publications.europa.eu/resource/cellar/7d0a4007-51dd-11ee-9220-01aa75ed71a1,corporate-body/JRC,resource-type/STU,2023-09-11,Cybersecurity of artificial intelligence in the AI Act : guiding principles to address the cybersecurity requirement for high-riskAI systems.,Commission,2023
http://publications.europa.eu/resource/cellar/ef3d5e99-dd97-11ed-a05c-01aa75ed71a1,corporate-body/JRC,resource-type/PUB_GEN,2023-04-17,AI Watch : evolution of the EU market share of robotics : database and results.,Commission,2023
http://publications.europa.eu/resource/cellar/ef3d5e99-dd97-11ed-a05c-01aa75ed71a1,corporate-body/JRC,resource-type/STU,2023-04-17,AI Watch : evolution of the EU market share of robotics : database and results.,Commission,2023
http://publications.europa.eu/resource/cellar/9f479334-de63-11ed-a05c-01aa75ed71a1,corporate-body/JRC,resource-type/PUB_GEN,2023-04-18,"Toward explainable, robust and fair AI in automated and autonomous vehicles : challenges and opportunities for safety and security.",Commission,2023
http://publications.europa.eu/resource/cellar/4d1e454a-a2ab-11ed-b508-01aa75ed71a1,corporate-body/EUI,resource-type/PUB_GEN,2023-01-27,"European Journal of Legal Studies. Volume 12, issue 1, spring 2020.",,2023
http://publications.europa.eu/resource/cellar/4d905a62-8760-11ee-99ba-01aa75ed71a1,corporate-body/SG,resource-type/PUB_GEN,2023-11-16,Demographic change in Europe.,Commission,2023
http://publications.europa.eu/resource/cellar/4d905a62-8760-11ee-99ba-01aa75ed71a1,corporate-body/SG,resource-type/STU,2023-11-16,Demographic change in Europe.,Commission,2023
http://publications.europa.eu/resource/cellar/70d01867-8ce1-11ee-8aa6-01aa75ed71a1,corporate-body/PUBL,resource-type/PUB_GEN,2023-11-23,European data spaces and the role of data.europa.eu.,,2023
http://publications.europa.eu/resource/cellar/0767aad8-170e-11ef-a251-01aa75ed71a1,corporate-body/COM,resource-type/NOTICE,2024-05-08,Non-opposition to a notified concentration (Case M.11508 – ARAMCO DIGITAL / LTIMINDTREE / JV),Commission,2024
http://publications.europa.eu/resource/cellar/0767aad8-170e-11ef-a251-01aa75ed71a1,corporate-body/COMP,resource-type/NOTICE,2024-05-08,Non-opposition to a notified concentration (Case M.11508 – ARAMCO DIGITAL / LTIMINDTREE / JV),Commission,2024
http://publications.europa.eu/resource/cellar/e7bdb85c-1769-11ef-a251-01aa75ed71a1,corporate-body/JRC,resource-type/PUB_GEN,2024-05-17,Artificial intelligence at the JRC : survey results 2023.,Commission,2024
http://publications.europa.eu/resource/cellar/f943e0a3-fde4-11ee-a251-01aa75ed71a1,corporate-body/COM,resource-type/ANNOUNC,2024-04-19,Prior notification of a concentration (Case M.11508 – ARAMCO DIGITAL / LTIMINDTREE / JV) – Candidate case for simplified procedure,Commission,2024
http://publications.europa.eu/resource/cellar/f943e0a3-fde4-11ee-a251-01aa75ed71a1,corporate-body/COMP,resource-type/ANNOUNC,2024-04-19,Prior notification of a concentration (Case M.11508 – ARAMCO DIGITAL / LTIMINDTREE / JV) – Candidate case for simplified procedure,Commission,2024
http://publications.europa.eu/resource/cellar/07c3ae31-12d2-11ed-8fa0-01aa75ed71a1,corporate-body/OSHA,resource-type/PUB_GEN,2022-07-22,"Advanced robotics, artificial intelligence and the automation of tasks : definitions, uses, policies and strategies and occupational safety and health : report.",,2022
http://publications.europa.eu/resource/cellar/07c3ae31-12d2-11ed-8fa0-01aa75ed71a1,corporate-body/OSHA,resource-type/STU,2022-07-22,"Advanced robotics, artificial intelligence and the automation of tasks : definitions, uses, policies and strategies and occupational safety and health : report.",,2022
http://publications.europa.eu/resource/cellar/54e385d8-eac0-11ec-a534-01aa75ed71a1,corporate-body/JRC,resource-type/PUB_GEN,2022-05-31,"AI watch, national strategies on artificial intelligence : a European perspective.",Commission,2022
http://publications.europa.eu/resource/cellar/54e385d8-eac0-11ec-a534-01aa75ed71a1,corporate-body/JRC,resource-type/STU,2022-05-31,"AI watch, national strategies on artificial intelligence : a European perspective.",Commission,2022
http://publications.europa.eu/resource/cellar/14b416df-eb8f-11ec-a534-01aa75ed71a1,corporate-body/JRC,resource-type/PUB_GEN,2022-06-09,AI Watch : estimating AI investments in the European Union.,Commission,2022
http://publications.europa.eu/resource/cellar/14b416df-eb8f-11ec-a534-01aa75ed71a1,corporate-body/JRC,resource-type/STU,2022-06-09,AI Watch : estimating AI investments in the European Union.,Commission,2022
http://publications.europa.eu/resource/cellar/b7d0196a-eb8c-11ec-a534-01aa75ed71a1,corporate-body/JRC,resource-type/PUB_GEN,2022-06-07,Artificial intelligence and the rights of the child : towards an integrated agenda for research and policy.,Commission,2022
http://publications.europa.eu/resource/cellar/b7d0196a-eb8c-11ec-a534-01aa75ed71a1,corporate-body/JRC,resource-type/STU,2022-06-07,Artificial intelligence and the rights of the child : towards an integrated agenda for research and policy.,Commission,2022
http://publications.europa.eu/resource/cellar/fa6af00f-eb86-11ec-a534-01aa75ed71a1,corporate-body/EMPL,resource-type/PUB_GEN,2022-06-03,"Future skills, career guidance and lifelong learning in PES : thematic paper.",Commission,2022
http://publications.europa.eu/resource/cellar/2803c1c4-ec56-11ec-a534-01aa75ed71a1,corporate-body/JRC,resource-type/PUB_GEN,2022-06-14,Multipurpose synthetic population for policy applications.,Commission,2022
http://publications.europa.eu/resource/cellar/0991ec6a-ed1f-11ec-a534-01aa75ed71a1,corporate-body/JRC,resource-type/PUB_GEN,2022-06-15,Artificial intelligence and the rights of the child : young people’s views and perspectives : outcomes of dedicated workshops.,Commission,2022
http://publications.europa.eu/resource/cellar/0991ec6a-ed1f-11ec-a534-01aa75ed71a1,corporate-body/JRC,resource-type/STU,2022-06-15,Artificial intelligence and the rights of the child : young people’s views and perspectives : outcomes of dedicated workshops.,Commission,2022
http://publications.europa.eu/resource/cellar/3f1ca47c-ede8-11ec-a534-01aa75ed71a1,corporate-body/EP_INTERNAL_POL,resource-type/PUB_GEN,2022-06-16,Artificial intelligence and the fisheries sector.,Parliament,2022
http://publications.europa.eu/resource/cellar/3f1ca47c-ede8-11ec-a534-01aa75ed71a1,corporate-body/EP_INTERNAL_POL,resource-type/STU,2022-06-16,Artificial intelligence and the fisheries sector.,Parliament,2022
http://publications.europa.eu/resource/cellar/b6e77043-ede4-11ec-a534-01aa75ed71a1,corporate-body/JRC,resource-type/PUB_GEN,2022-06-16,X-ray baggage screening and artificial intelligence (AI) : a technical review of machine learning techniques for X-ray baggage screening.,Commission,2022
http://publications.europa.eu/resource/cellar/b6e77043-ede4-11ec-a534-01aa75ed71a1,corporate-body/JRC,resource-type/STU,2022-06-16,X-ray baggage screening and artificial intelligence (AI) : a technical review of machine learning techniques for X-ray baggage screening.,Commission,2022
http://publications.europa.eu/resource/cellar/0bcbf86d-f041-11ec-a534-01aa75ed71a1,corporate-body/JRC,resource-type/PUB_GEN,2022-06-17,Benchmarking the role of the public sector and location intelligence in smart spaces.,Commission,2022
http://publications.europa.eu/resource/cellar/0bcbf86d-f041-11ec-a534-01aa75ed71a1,corporate-body/JRC,resource-type/STU,2022-06-17,Benchmarking the role of the public sector and location intelligence in smart spaces.,Commission,2022
http://publications.europa.eu/resource/cellar/d65da0de-f1d9-11ec-a534-01aa75ed71a1,corporate-body/JRC,resource-type/PUB_GEN,2022-06-21,"Enlargement and integration workshop “Digital transformation, data and AI in the Western Balkans”.",Commission,2022
http://publications.europa.eu/resource/cellar/7afd1417-7158-11ed-9887-01aa75ed71a1,corporate-body/EDPS,resource-type/SUM,2022-12-01,"Summary of the Opinion of the European Data Protection Supervisor on the Recommendation for a Council Decision authorising the opening of negotiations on behalf of the European Union for a Council of Europe convention on artificial intelligence, human rights, democracy and the rule of law 2022/C 458/04 (The full text of this Opinion can be found in English, French and German on the EDPS website https://edps.europa.eu)",,2022
http://publications.europa.eu/resource/cellar/b11a0504-75eb-11ed-9887-01aa75ed71a1,corporate-body/JRC,resource-type/PUB_GEN,2022-12-05,"Data quality requirements for inclusive, non-biased and trustworthy AI : putting science into standards.",Commission,2022
http://publications.europa.eu/resource/cellar/2c47f2d2-b978-11ed-8912-01aa75ed71a1,corporate-body/JRC,resource-type/PUB_GEN,2023-03-02,Innovation in life and health sciences.,Commission,2023
http://publications.europa.eu/resource/cellar/4358a089-b8b0-11ed-8912-01aa75ed71a1,corporate-body/JRC,resource-type/PUB_GEN,2023-03-01,Trustworthy artificial intelligence for a fair and democratic Europe.,Commission,2023
http://publications.europa.eu/resource/cellar/bfdfc692-b8ad-11ed-8912-01aa75ed71a1,corporate-body/JRC,resource-type/PUB_GEN,2023-03-01,Exploiting data as a strategic resource for science and policy.,Commission,2023
http://publications.europa.eu/resource/cellar/e940ae35-b745-11ed-8912-01aa75ed71a1,corporate-body/OAMI,resource-type/PUB_GEN,2023-02-24,Intellectual property infringement and enforcement : Tech Watch Discussion Paper 2023.,,2023
http://publications.europa.eu/resource/cellar/8bbcf099-0c91-11ed-b11c-01aa75ed71a1,corporate-body/EP_RESEARCH,resource-type/PUB_GEN,2022-07-25,AI and digital tools in workplace management and evaluation : an assessment of the EU’s legal framework.,Parliament,2022
http://publications.europa.eu/resource/cellar/8bbcf099-0c91-11ed-b11c-01aa75ed71a1,corporate-body/EP_RESEARCH,resource-type/STU,2022-07-25,AI and digital tools in workplace management and evaluation : an assessment of the EU’s legal framework.,Parliament,2022
http://publications.europa.eu/resource/cellar/958117aa-0c91-11ed-b11c-01aa75ed71a1,corporate-body/EP_RESEARCH,resource-type/PUB_GEN,2022-07-25,"Artificial intelligence in healthcare : applications, risks, and ethical and societal impacts.",Parliament,2022
http://publications.europa.eu/resource/cellar/958117aa-0c91-11ed-b11c-01aa75ed71a1,corporate-body/EP_RESEARCH,resource-type/STU,2022-07-25,"Artificial intelligence in healthcare : applications, risks, and ethical and societal impacts.",Parliament,2022
http://publications.europa.eu/resource/cellar/5305a847-2dba-11ed-975d-01aa75ed71a1,corporate-body/EP,resource-type/OWNINI_RES,2022-02-17,European Parliament resolution of 17 February 2022 on tackling non-tariff and non-tax barriers in the single market (2021/2043(INI)),Parliament,2022
http://publications.europa.eu/resource/cellar/5305a847-2dba-11ed-975d-01aa75ed71a1,corporate-body/EP_AGRI,resource-type/OWNINI_RES,2022-02-17,European Parliament resolution of 17 February 2022 on tackling non-tariff and non-tax barriers in the single market (2021/2043(INI)),Parliament,2022
http://publications.europa.eu/resource/cellar/5305a847-2dba-11ed-975d-01aa75ed71a1,corporate-body/EP_IMCO,resource-type/OWNINI_RES,2022-02-17,European Parliament resolution of 17 February 2022 on tackling non-tariff and non-tax barriers in the single market (2021/2043(INI)),Parliament,2022
http://publications.europa.eu/resource/cellar/fe78261d-89d9-11ef-a67d-01aa75ed71a1,corporate-body/JRC,resource-type/PUB_GEN,2024-10-02,An information-based risk analysis IT tool protecting the European food system(s).,Commission,2024
http://publications.europa.eu/resource/cellar/b14d9c86-faa3-11ed-a05c-01aa75ed71a1,corporate-body/JRC,resource-type/PUB_GEN,2023-05-24,Analysis of the preliminary AI standardisation work plan in support of the AI Act.,Commission,2023
http://publications.europa.eu/resource/cellar/2458267c-08df-11ee-b12e-01aa75ed71a1,corporate-body/RTD,resource-type/PUB_GEN,2023-06-09,Trends in the use of AI in science : a bibliometric analysis.,Commission,2023
http://publications.europa.eu/resource/cellar/2458267c-08df-11ee-b12e-01aa75ed71a1,corporate-body/RTD,resource-type/STU,2023-06-09,Trends in the use of AI in science : a bibliometric analysis.,Commission,2023
http://publications.europa.eu/resource/cellar/019a8080-0e4c-11ee-b12e-01aa75ed71a1,corporate-body/OSHA,resource-type/PUB_GEN,2023-06-16,Safe and healthy work in the digital age : healthy workplaces campaign 2023-2025.,,2023
http://publications.europa.eu/resource/cellar/3279f568-0e50-11ee-b12e-01aa75ed71a1,corporate-body/OSHA,resource-type/PUB_GEN,2023-06-16,Safe and healthy work in the digital age : healthy workplaces campaign 2023-2025 : good practice awards : call for nominations.,,2023
http://publications.europa.eu/resource/cellar/aeda3285-0e4d-11ee-b12e-01aa75ed71a1,corporate-body/OSHA,resource-type/PUB_GEN,2023-06-16,Safe and healthy work in the digital age : healthy workplaces campaign 2023-2025 : campaign guide.,,2023
http://publications.europa.eu/resource/cellar/c6397c0a-0f20-11ee-b12e-01aa75ed71a1,corporate-body/JRC,resource-type/PUB_GEN,2023-06-19,Measuring the impact of digital technologies on sustainable development from scientific literature : a natural language processing analysis.,Commission,2023
http://publications.europa.eu/resource/cellar/c6397c0a-0f20-11ee-b12e-01aa75ed71a1,corporate-body/JRC,resource-type/STU,2023-06-19,Measuring the impact of digital technologies on sustainable development from scientific literature : a natural language processing analysis.,Commission,2023
http://publications.europa.eu/resource/cellar/c5d375cd-438e-11ed-92ed-01aa75ed71a1,corporate-body/OAMI,resource-type/PUB_GEN,2022-10-03,"Automated content recognition : discussion paper. Phase 2, IP enforcement and management use cases.",,2022
http://publications.europa.eu/resource/cellar/b9b1c729-5353-11ed-92ed-01aa75ed71a1,corporate-body/EP_INTERNAL_POL,resource-type/PUB_GEN,2022-10-20,"Tracking the EU Commissioners' commitments : September 2022 : Margrethe Vestager, Executive Vice-President A Europe Fit for the Digital Age and Competition.",Parliament,2022
http://publications.europa.eu/resource/cellar/f3d39f72-ea66-11ee-bf53-01aa75ed71a1,corporate-body/SG,resource-type/PUB_GEN,2024-03-22,Netherlands' recovery and resilience plan.,Commission,2024
http://publications.europa.eu/resource/cellar/0e876776-1eea-11ef-a251-01aa75ed71a1,corporate-body/EESC,resource-type/OPIN,2024-03-20,Opinion of the European Economic and Social Committee – Proposal for a Council Regulation amending Regulation (EU) 2021/1173 as regards an EuroHPC initiative for start-ups to boost European leadership in trustworthy Artificial Intelligence,,2024
http://publications.europa.eu/resource/cellar/8471c58f-bb8f-11ee-b164-01aa75ed71a1,corporate-body/COM,resource-type/PROP_REG,2024-01-24,Proposal for a COUNCIL REGULATION amending Regulation (EU) 2021/1173 as regards an EuroHPC initiative for start-ups to boost European leadership in trustworthy Artificial Intelligence,Commission,2024
http://publications.europa.eu/resource/cellar/8471c58f-bb8f-11ee-b164-01aa75ed71a1,corporate-body/CNECT,resource-type/PROP_REG,2024-01-24,Proposal for a COUNCIL REGULATION amending Regulation (EU) 2021/1173 as regards an EuroHPC initiative for start-ups to boost European leadership in trustworthy Artificial Intelligence,Commission,2024
http://publications.europa.eu/resource/cellar/00aff802-5843-11ef-acbc-01aa75ed71a1,corporate-body/GCEU,resource-type/INFO_JUDICIAL,2024-06-24,Case T-314/24: Action brought on 24 June 2024 – Seon Technologies v EUIPO (FRAUD FIGHTERS),,2024
http://publications.europa.eu/resource/cellar/ef768b4b-f255-11ef-981b-01aa75ed71a1,corporate-body/CJ,resource-type/INFO_JUDICIAL,2024-11-25,"Case C-806/24, YETTEL BULGARIA: Request for a preliminary ruling from the Sofiyski rayonen sad (Bulgaria) lodged on 25 November 2024 – YETTEL BULGARIA EAD v FB",,2024
http://publications.europa.eu/resource/cellar/3c9b7a9a-713d-11ee-9220-01aa75ed71a1,corporate-body/CJ,resource-type/INFO_JUDICIAL,2023-09-07,Case C-135/22 P: Judgment of the Court (Tenth Chamber) of 7 September 2023 — Patrick Breyer v European Research Executive Agency (Appeal — Access to documents of the institutions of the European Union — Regulation (EC) No 1049/2001 — First indent of Article 4(2) — Exception to the right of access — Protection of commercial interests — Framework Programme for Research and Innovation ‘Horizon 2020’ (2014-2020) — Documents relating to the ‘iBorderCtrl: Intelligent Portable Border Control System’ research project — Decision of the European Research Executive Agency (REA) refusing access to certain information — Overriding public interest),,2023
http://publications.europa.eu/resource/cellar/00a224b5-7ec4-11ee-99ba-01aa75ed71a1,corporate-body/JRC,resource-type/PUB_GEN,2023-11-08,Artificial intelligence for healthcare and well-being during exceptional times : a recent landscape from a European perspective.,Commission,2023
http://publications.europa.eu/resource/cellar/00a224b5-7ec4-11ee-99ba-01aa75ed71a1,corporate-body/JRC,resource-type/STU,2023-11-08,Artificial intelligence for healthcare and well-being during exceptional times : a recent landscape from a European perspective.,Commission,2023
http://publications.europa.eu/resource/cellar/16dd9004-82b3-11ee-99ba-01aa75ed71a1,corporate-body/HOME,resource-type/PUB_GEN,2023-11-13,"Study to support the technical, legal and financial conceptualisation of a European security data space for innovation.",Commission,2023
http://publications.europa.eu/resource/cellar/16dd9004-82b3-11ee-99ba-01aa75ed71a1,corporate-body/HOME,resource-type/STU,2023-11-13,"Study to support the technical, legal and financial conceptualisation of a European security data space for innovation.",Commission,2023
http://publications.europa.eu/resource/cellar/a3ec76a7-82ad-11ee-99ba-01aa75ed71a1,corporate-body/HOME,resource-type/PUB_GEN,2023-11-13,"Study to support the technical, legal and financial conceptualisation of a European security data space for innovation : executive summary.",Commission,2023
http://publications.europa.eu/resource/cellar/a3ec76a7-82ad-11ee-99ba-01aa75ed71a1,corporate-body/HOME,resource-type/STU_SUM_EXE,2023-11-13,"Study to support the technical, legal and financial conceptualisation of a European security data space for innovation : executive summary.",Commission,2023
http://publications.europa.eu/resource/cellar/4c43465c-837a-11ee-99ba-01aa75ed71a1,corporate-body/CINEA,resource-type/PUB_GEN,2023-11-13,EU aquaculture sector : socioeconomic development (2008-2020).,Commission,2023
http://publications.europa.eu/resource/cellar/64003b85-534c-11ed-92ed-01aa75ed71a1,corporate-body/CURIA,resource-type/PUB_GEN,2022-10-21,Trends in IT emerging technologies : focused on the judicial field.,,2022
http://publications.europa.eu/resource/cellar/fb8d8ec2-55a0-11ed-92ed-01aa75ed71a1,corporate-body/CNECT,resource-type/PUB_GEN,2022-10-26,"Study on eHealth, interoperability of health data and artificial intelligence for health and care in the European Union : final study report. Lot 2, Artificial Intelligence for health and care in the EU.",Commission,2022
http://publications.europa.eu/resource/cellar/fb8d8ec2-55a0-11ed-92ed-01aa75ed71a1,corporate-body/CNECT,resource-type/STU,2022-10-26,"Study on eHealth, interoperability of health data and artificial intelligence for health and care in the European Union : final study report. Lot 2, Artificial Intelligence for health and care in the EU.",Commission,2022
http://publications.europa.eu/resource/cellar/c12af89b-5914-11ed-92ed-01aa75ed71a1,corporate-body/ENISA,resource-type/PUB_GEN,2022-10-27,Research topics : ENISA threat landscape : from January 2019 to April 2020.,,2022
http://publications.europa.eu/resource/cellar/c12af89b-5914-11ed-92ed-01aa75ed71a1,corporate-body/ENISA,resource-type/STU,2022-10-27,Research topics : ENISA threat landscape : from January 2019 to April 2020.,,2022
http://publications.europa.eu/resource/cellar/7416d6ae-63ce-11ed-92ed-01aa75ed71a1,corporate-body/EUROPOL,resource-type/PUB_GEN,2022-11-11,Policing in the metaverse : what law enforcement needs to know : an observatory report from the Europol innovation lab.,,2022
http://publications.europa.eu/resource/cellar/b3771363-c869-11ed-a05c-01aa75ed71a1,corporate-body/EP_RESEARCH,resource-type/PUB_GEN,2023-03-21,"Artificial intelligence in the agri-food sector : applications, risks and impacts.",Parliament,2023
http://publications.europa.eu/resource/cellar/b3771363-c869-11ed-a05c-01aa75ed71a1,corporate-body/EP_RESEARCH,resource-type/STU,2023-03-21,"Artificial intelligence in the agri-food sector : applications, risks and impacts.",Parliament,2023
http://publications.europa.eu/resource/cellar/11923574-fdd1-11ed-a05c-01aa75ed71a1,corporate-body/JRC,resource-type/PUB_GEN,2023-05-24,Artificial intelligence for the public sector.,Commission,2023
http://publications.europa.eu/resource/cellar/11923574-fdd1-11ed-a05c-01aa75ed71a1,corporate-body/JRC,resource-type/STU,2023-05-24,Artificial intelligence for the public sector.,Commission,2023
http://publications.europa.eu/resource/cellar/9e809354-fdce-11ed-a05c-01aa75ed71a1,corporate-body/JRC,resource-type/PUB_GEN,2023-05-26,Analytical insights into the global digital ecosystem (DGTES) : overview and analysis.,Commission,2023
http://publications.europa.eu/resource/cellar/9e809354-fdce-11ed-a05c-01aa75ed71a1,corporate-body/JRC,resource-type/STU,2023-05-26,Analytical insights into the global digital ecosystem (DGTES) : overview and analysis.,Commission,2023
http://publications.europa.eu/resource/cellar/4b0a4eef-81e3-11ee-99ba-01aa75ed71a1,corporate-body/JRC,resource-type/PUB_GEN,2023-11-09,Report on the outcome of the JRC Summer School 2023 on non-animal approaches in science : towards sustainable innovation.,Commission,2023
http://publications.europa.eu/resource/cellar/03af1d4e-582b-11ee-9220-01aa75ed71a1,corporate-body/EAC,resource-type/PUB_GEN,2023-09-20,Issue paper on citizenship education.,Commission,2023
http://publications.europa.eu/resource/cellar/103c182c-6a56-11ef-a8ba-01aa75ed71a1,corporate-body/CONSIL,resource-type/DEC,2024-08-28,"Council Decision (EU) 2024/2218 of 28 August 2024 on the signing, on behalf of the European Union, of the Council of Europe Framework Convention on Artificial Intelligence and Human Rights, Democracy and the Rule of Law",Council,2024
http://publications.europa.eu/resource/cellar/2ef2a7b3-3366-11ef-b441-01aa75ed71a1,corporate-body/EAC,resource-type/PUB_GEN,2024-06-25,Policy brief on citizenship education.,Commission,2024
http://publications.europa.eu/resource/cellar/68586087-7217-11ed-9887-01aa75ed71a1,corporate-body/CONSIL,resource-type/DEC,2022-11-21,"Council Decision (EU) 2022/2349 of 21 November 2022 authorising the opening of negotiations on behalf of the European Union for a Council of Europe convention on artificial intelligence, human rights, democracy and the rule of law",Council,2022
http://publications.europa.eu/resource/cellar/e3a37a67-33ba-11ef-b441-01aa75ed71a1,corporate-body/COM,resource-type/PROP_DEC,2024-06-26,"Proposal for a COUNCIL DECISION on the signing, on behalf of the European Union, of the Council of Europe Framework Convention on Artificial Intelligence, Human Rights, Democracy and the Rule of Law",Commission,2024
http://publications.europa.eu/resource/cellar/e3a37a67-33ba-11ef-b441-01aa75ed71a1,corporate-body/CNECT,resource-type/PROP_DEC,2024-06-26,"Proposal for a COUNCIL DECISION on the signing, on behalf of the European Union, of the Council of Europe Framework Convention on Artificial Intelligence, Human Rights, Democracy and the Rule of Law",Commission,2024
http://publications.europa.eu/resource/cellar/45bf1f16-343c-11ef-b441-01aa75ed71a1,corporate-body/CNECT,resource-type/PUB_GEN,2024-06-26,Digital European platform of quality content providers : final reports phase 1 & 2.,Commission,2024
http://publications.europa.eu/resource/cellar/45bf1f16-343c-11ef-b441-01aa75ed71a1,corporate-body/CNECT,resource-type/STU,2024-06-26,Digital European platform of quality content providers : final reports phase 1 & 2.,Commission,2024
http://publications.europa.eu/resource/cellar/5d24156e-2a66-11ed-975d-01aa75ed71a1,corporate-body/EUROJUST,resource-type/PUB_GEN,2022-08-31,Artificial intelligence supporting cross-border cooperation in criminal justice : joint report prepared by eu-LISA and EUROJUST.,,2022
http://publications.europa.eu/resource/cellar/5d24156e-2a66-11ed-975d-01aa75ed71a1,corporate-body/LISA,resource-type/PUB_GEN,2022-08-31,Artificial intelligence supporting cross-border cooperation in criminal justice : joint report prepared by eu-LISA and EUROJUST.,,2022
http://publications.europa.eu/resource/cellar/e94c2417-2a68-11ed-975d-01aa75ed71a1,corporate-body/EP_RESEARCH,resource-type/PUB_GEN,2022-09-01,"Ethical and societal challenges of the upcoming technological storm : blending augmented/virtual reality, AI, IoT, robotics, blockchain, bio-nano technology and 5/6G networks.",Parliament,2022
http://publications.europa.eu/resource/cellar/e94c2417-2a68-11ed-975d-01aa75ed71a1,corporate-body/EP_RESEARCH,resource-type/STU,2022-09-01,"Ethical and societal challenges of the upcoming technological storm : blending augmented/virtual reality, AI, IoT, robotics, blockchain, bio-nano technology and 5/6G networks.",Parliament,2022
http://publications.europa.eu/resource/cellar/f172cf0b-2a65-11ed-975d-01aa75ed71a1,corporate-body/EUROJUST,resource-type/PUB_GEN,2022-08-31,Artificial intelligence supporting cross-border cooperation in criminal justice : joint report prepared by eu-LISA and EUROJUST.,,2022
http://publications.europa.eu/resource/cellar/f172cf0b-2a65-11ed-975d-01aa75ed71a1,corporate-body/LISA,resource-type/PUB_GEN,2022-08-31,Artificial intelligence supporting cross-border cooperation in criminal justice : joint report prepared by eu-LISA and EUROJUST.,,2022
http://publications.europa.eu/resource/cellar/28702dc2-2f21-11ed-975d-01aa75ed71a1,corporate-body/JRC,resource-type/PUB_GEN,2022-09-07,Glossary of human-centric artificial intelligence.,Commission,2022
http://publications.europa.eu/resource/cellar/28702dc2-2f21-11ed-975d-01aa75ed71a1,corporate-body/JRC,resource-type/STU,2022-09-07,Glossary of human-centric artificial intelligence.,Commission,2022
http://publications.europa.eu/resource/cellar/864b03b9-2f22-11ed-975d-01aa75ed71a1,corporate-body/JRC,resource-type/PUB_GEN,2022-09-07,AI watch : AI for enhancing robotics : the intersection of robotics with the AI landscape.,Commission,2022
http://publications.europa.eu/resource/cellar/864b03b9-2f22-11ed-975d-01aa75ed71a1,corporate-body/JRC,resource-type/STU,2022-09-07,AI watch : AI for enhancing robotics : the intersection of robotics with the AI landscape.,Commission,2022
http://publications.europa.eu/resource/cellar/8dfe10cc-324a-11ed-975d-01aa75ed71a1,corporate-body/JRC,resource-type/PUB_GEN,2022-09-09,Energy smart appliances’ interoperability : analysis on data exchange from state-of-the-art use cases.,Commission,2022
http://publications.europa.eu/resource/cellar/8dfe10cc-324a-11ed-975d-01aa75ed71a1,corporate-body/JRC,resource-type/STU,2022-09-09,Energy smart appliances’ interoperability : analysis on data exchange from state-of-the-art use cases.,Commission,2022
http://publications.europa.eu/resource/cellar/46ee9215-3571-11ed-9c68-01aa75ed71a1,corporate-body/EP_TRANSL,resource-type/PUB_GEN,2022-09-15,"The many faces of translation : machine translation : driven by humans, powered by technology.",Parliament,2022
http://publications.europa.eu/resource/cellar/4a4d2b64-3958-11ed-9c68-01aa75ed71a1,corporate-body/OSHA,resource-type/PUB_GEN,2022-09-20,Cognitive automation : implications for occupational safety and health : report.,,2022
http://publications.europa.eu/resource/cellar/674231c5-3958-11ed-9c68-01aa75ed71a1,corporate-body/OSHA,resource-type/PUB_GEN,2022-09-20,Advanced robotics and automation : implications for occupational safety and health : report.,,2022
http://publications.europa.eu/resource/cellar/7bffe1ba-3d48-11ed-9c68-01aa75ed71a1,corporate-body/CNECT,resource-type/PUB_GEN,2022-09-22,Policy and investment recommendations for trustworthy AI.,Commission,2022
http://publications.europa.eu/resource/cellar/e4aa34f8-207b-11ee-94cb-01aa75ed71a1,corporate-body/HOME,resource-type/PUB_GEN,2023-07-06,1.5 million reports of child sexual abuse in the EU in 2022 : helping to rescue children and prosecute offenders.,Commission,2023
http://publications.europa.eu/resource/cellar/948cbd47-2147-11ee-94cb-01aa75ed71a1,corporate-body/RTD,resource-type/PUB_GEN,2023-07-12,Industry 5.0 and the future of work : making Europe the centre of gravity for future good-quality jobs.,Commission,2023
http://publications.europa.eu/resource/cellar/7c3efc86-9a39-11ee-b164-01aa75ed71a1,corporate-body/RTD,resource-type/PUB_GEN,2023-12-14,Foresight on demand : “Foresight towards the 2nd Strategic Plan for Horizon Europe” : foresight.,Commission,2023
http://publications.europa.eu/resource/cellar/7c3efc86-9a39-11ee-b164-01aa75ed71a1,corporate-body/RTD,resource-type/STU,2023-12-14,Foresight on demand : “Foresight towards the 2nd Strategic Plan for Horizon Europe” : foresight.,Commission,2023
http://publications.europa.eu/resource/cellar/a6852e44-f22d-11ee-8e14-01aa75ed71a1,corporate-body/EISMEA,resource-type/PUB_GEN,2024-04-02,Key impacts in support of deep tech innovation : 2023.,Commission,2024
http://publications.europa.eu/resource/cellar/cdebfa60-55f4-11ef-acbc-01aa75ed71a1,corporate-body/EDPS,resource-type/PUB_GEN,2024-08-07,Annual report : executive summary 2023.,,2024
http://publications.europa.eu/resource/cellar/68a5ded8-e3da-11ed-a05c-01aa75ed71a1,corporate-body/EACEA,resource-type/PUB_GEN,2023-04-25,European digital education hub : newsletter. 22/02/2023.,Commission,2023
http://publications.europa.eu/resource/cellar/91a1cdf1-10b1-11ee-b12e-01aa75ed71a1,corporate-body/EUI,resource-type/PUB_GEN,2023-06-21,Nonviolence goes digital : a research and policy agenda,,2023
http://publications.europa.eu/resource/cellar/3d152efc-04ee-11ee-87ec-01aa75ed71a1,corporate-body/JRC,resource-type/PUB_GEN,2023-06-06,Survey on interoperability of energy smart appliances : supporting the development of policy proposals for energy smart appliances.,Commission,2023
http://publications.europa.eu/resource/cellar/3d152efc-04ee-11ee-87ec-01aa75ed71a1,corporate-body/JRC,resource-type/STU,2023-06-06,Survey on interoperability of energy smart appliances : supporting the development of policy proposals for energy smart appliances.,Commission,2023
http://publications.europa.eu/resource/cellar/6828c7c5-04ec-11ee-87ec-01aa75ed71a1,corporate-body/RTD,resource-type/PUB_GEN,2023-06-06,"Horizon Europe, Research & innovation reshaping democracies.",Commission,2023
http://publications.europa.eu/resource/cellar/515a58ff-409e-11ee-952f-01aa75ed71a1,corporate-body/JRC,resource-type/PUB_GEN,2023-08-21,AI Watch : adoption of autonomous machines.,Commission,2023
http://publications.europa.eu/resource/cellar/515a58ff-409e-11ee-952f-01aa75ed71a1,corporate-body/JRC,resource-type/STU,2023-08-21,AI Watch : adoption of autonomous machines.,Commission,2023
http://publications.europa.eu/resource/cellar/1b2b9f32-d126-11ee-b9d9-01aa75ed71a1,corporate-body/CMT_MIX_EEAREA,resource-type/DEC_ADOPT_INTERNATION,2021-09-24,"Decision of the EEA joint Committee No 264/2021 of 24 September 2021 amending Protocol 31 to the EEA Agreement, on cooperation in specific fields outside the four freedoms [2024/484]",,2021
http://publications.europa.eu/resource/cellar/6b5b5f9d-149f-11ee-806b-01aa75ed71a1,corporate-body/EP_INTERNAL_POL,resource-type/PUB_GEN,2023-06-26,Metaverse.,Parliament,2023
http://publications.europa.eu/resource/cellar/6b5b5f9d-149f-11ee-806b-01aa75ed71a1,corporate-body/EP_INTERNAL_POL,resource-type/STU,2023-06-26,Metaverse.,Parliament,2023
http://publications.europa.eu/resource/cellar/75c9a244-1566-11ee-806b-01aa75ed71a1,corporate-body/EMPL,resource-type/PUB_GEN,2023-06-27,New forms of PES service delivery : thematic paper.,Commission,2023
http://publications.europa.eu/resource/cellar/75c9a244-1566-11ee-806b-01aa75ed71a1,corporate-body/EMPL,resource-type/STU,2023-06-27,New forms of PES service delivery : thematic paper.,Commission,2023
http://publications.europa.eu/resource/cellar/415c5fef-16f7-11ee-806b-01aa75ed71a1,corporate-body/ENISA,resource-type/PUB_GEN,2023-06-29,Cybersecurity and privacy in AI : medical imaging diagnosis.,,2023
http://publications.europa.eu/resource/cellar/c3232bae-16f3-11ee-806b-01aa75ed71a1,corporate-body/ENISA,resource-type/PUB_GEN,2023-06-29,Cybersecurity and privacy in AI : forecasting demand on electricity grids.,,2023
http://publications.europa.eu/resource/cellar/6d3b46c0-25df-11ee-a2d3-01aa75ed71a1,corporate-body/ECB,resource-type/PUB_GEN,2023-07-14,New technologies and jobs in Europe.,,2023
http://publications.europa.eu/resource/cellar/b8eece8b-94ba-11ee-b164-01aa75ed71a1,corporate-body/ERC,resource-type/PUB_GEN,2023-12-04,Use and impact of artificial intelligence in the scientific process : foresight.,,2023
http://publications.europa.eu/resource/cellar/094c045c-9e21-11ee-b164-01aa75ed71a1,corporate-body/RTD,resource-type/PUB_GEN,2023-12-14,AI in science : harnessing the power of AI to accelerate discovery and foster innovation : policy brief.,Commission,2023
http://publications.europa.eu/resource/cellar/76ed5f15-9d56-11ee-b164-01aa75ed71a1,corporate-body/EISMEA,resource-type/PUB_GEN,2023-12-15,"EIC pathfinder portfolio : awareness inside : strategic plan : Brussels, November 2023.",Commission,2023
http://publications.europa.eu/resource/cellar/0857c8f9-9ef9-11ee-b164-01aa75ed71a1,corporate-body/JRC,resource-type/PUB_GEN,2023-12-19,Use of Large Language Models for location detection on the example of the terrorism and extremism event database.,Commission,2023
http://publications.europa.eu/resource/cellar/0857c8f9-9ef9-11ee-b164-01aa75ed71a1,corporate-body/JRC,resource-type/STU,2023-12-19,Use of Large Language Models for location detection on the example of the terrorism and extremism event database.,Commission,2023
http://publications.europa.eu/resource/cellar/d2ed661e-9efa-11ee-b164-01aa75ed71a1,corporate-body/EUI,resource-type/PUB_GEN,2023-12-19,"France, Japan and a greater Aukus",,2023
http://publications.europa.eu/resource/cellar/57fee5bc-9fba-11ee-b164-01aa75ed71a1,corporate-body/CONSIL_SG,resource-type/PUB_GEN,2023-12-20,ChatGPT in the public sector : overhyped or overlooked?,,2023
http://publications.europa.eu/resource/cellar/524071d9-ab81-11ee-b164-01aa75ed71a1,corporate-body/JRC,resource-type/PUB_GEN,2024-01-04,Assessing open strategic autonomy.,Commission,2024
http://publications.europa.eu/resource/cellar/524071d9-ab81-11ee-b164-01aa75ed71a1,corporate-body/JRC,resource-type/STU,2024-01-04,Assessing open strategic autonomy.,Commission,2024
http://publications.europa.eu/resource/cellar/9bb60fb1-b42a-11ee-b164-01aa75ed71a1,corporate-body/EACEA,resource-type/PUB_GEN,2024-01-15,AI report : by the European Digital Education Hub’s Squad on artificial intelligence in education.,Commission,2024
http://publications.europa.eu/resource/cellar/3581dac0-b9ac-11ee-b164-01aa75ed71a1,corporate-body/JRC,resource-type/PUB_GEN,2024-01-22,YOU&AI.,Commission,2024
http://publications.europa.eu/resource/cellar/baf46d56-34e5-11ee-bdc3-01aa75ed71a1,corporate-body/CNECT,resource-type/PUB_GEN,2023-08-02,EU-India Trade and Technology Council : first linisterial meeting : key outcomes.,Commission,2023
http://publications.europa.eu/resource/cellar/efca9b7b-3b27-11ee-bd8d-01aa75ed71a1,corporate-body/CNECT,resource-type/PUB_GEN,2023-08-14,Public report on the roadmap for the scale-up of EU AI-powered DT : D05.04.,Commission,2023
http://publications.europa.eu/resource/cellar/efca9b7b-3b27-11ee-bd8d-01aa75ed71a1,corporate-body/CNECT,resource-type/STU,2023-08-14,Public report on the roadmap for the scale-up of EU AI-powered DT : D05.04.,Commission,2023
http://publications.europa.eu/resource/cellar/677830d1-cfbe-11ee-b9d9-01aa75ed71a1,corporate-body/RTD,resource-type/PUB_GEN,2024-02-19,"Horizon Europe, Research & innovation reshaping democracies.",Commission,2024
http://publications.europa.eu/resource/cellar/b4afd6c0-d152-11ee-b9d9-01aa75ed71a1,corporate-body/EUI,resource-type/PUB_GEN,2024-02-19,"Digital finance in the EU : drivers, risks, opportunities.",,2024
http://publications.europa.eu/resource/cellar/b4afd6c0-d152-11ee-b9d9-01aa75ed71a1,corporate-body/EUI,resource-type/STU,2024-02-19,"Digital finance in the EU : drivers, risks, opportunities.",,2024
http://publications.europa.eu/resource/cellar/63acdd21-d643-11ee-b9d9-01aa75ed71a1,corporate-body/CNECT,resource-type/PUB_GEN,2024-02-27,The future of digital infrastructures : connectivity package on digital networks and infrastructures.,Commission,2024
http://publications.europa.eu/resource/cellar/0033d7d7-d7a4-11ee-b9d9-01aa75ed71a1,corporate-body/ENISA,resource-type/PUB_GEN,2024-02-28,Cyber insurance : models and methods and the use of AI.,,2024
http://publications.europa.eu/resource/cellar/1392a7ca-d78e-11ee-b9d9-01aa75ed71a1,corporate-body/EP_INTERNAL_POL,resource-type/PUB_GEN,2024-02-29,The future of digitalisation in budgetary control.,Parliament,2024
http://publications.europa.eu/resource/cellar/1392a7ca-d78e-11ee-b9d9-01aa75ed71a1,corporate-body/EP_INTERNAL_POL,resource-type/STU,2024-02-29,The future of digitalisation in budgetary control.,Parliament,2024
http://publications.europa.eu/resource/cellar/06099c52-dc33-11ee-b9d9-01aa75ed71a1,corporate-body/EUROPOL,resource-type/PUB_GEN,2024-03-04,Facing reality? : law enforcement and the challenge of deepfakes : an observatory report from the Europol innovation lab.,,2024
http://publications.europa.eu/resource/cellar/72c1c643-df55-11ee-b9d9-01aa75ed71a1,corporate-body/EUI,resource-type/PUB_GEN,2024-03-04,Is artificial intelligence threatening democracy?.,,2024
http://publications.europa.eu/resource/cellar/10ba86b1-7c63-11ee-99ba-01aa75ed71a1,corporate-body/JRC,resource-type/PUB_GEN,2023-11-03,"Proceedings of the 2023 conference on Big Data from Space (BiDS’23) : from foresight to impact : 6-9 November 2023, Austrian Center, Vienna.",Commission,2023
http://publications.europa.eu/resource/cellar/f0a5abdd-7d32-11ee-99ba-01aa75ed71a1,corporate-body/EUI,resource-type/PUB_GEN,2023-11-06,"Algorithms, rule of law, and the future of justice : implications in the Estonian justice system.",,2023
http://publications.europa.eu/resource/cellar/5b2ee0cc-b348-11ee-b164-01aa75ed71a1,corporate-body/COM,resource-type/ANNOUNC,2024-01-15,Prior notification of a concentration (Case M.11152 – TERNA / MAURO MIGLIAZZI / DXT / WESII) – Candidate case for simplified procedure,Commission,2024
http://publications.europa.eu/resource/cellar/5b2ee0cc-b348-11ee-b164-01aa75ed71a1,corporate-body/COMP,resource-type/ANNOUNC,2024-01-15,Prior notification of a concentration (Case M.11152 – TERNA / MAURO MIGLIAZZI / DXT / WESII) – Candidate case for simplified procedure,Commission,2024
http://publications.europa.eu/resource/cellar/fd071aed-c3cc-11ee-95d9-01aa75ed71a1,corporate-body/COM,resource-type/NOTICE,2024-01-30,Non-opposition to a notified concentration (Case M.11152 – TERNA / DXT / WESII),Commission,2024
http://publications.europa.eu/resource/cellar/fd071aed-c3cc-11ee-95d9-01aa75ed71a1,corporate-body/COMP,resource-type/NOTICE,2024-01-30,Non-opposition to a notified concentration (Case M.11152 – TERNA / DXT / WESII),Commission,2024
http://publications.europa.eu/resource/cellar/99bf58a7-c57a-11ee-95d9-01aa75ed71a1,corporate-body/COM,resource-type/DEC_IMPL,2024-02-01,Commission Implementing Decision (EU) 2024/459 of 1 February 2024 on setting up the European Digital Infrastructure Consortium for Networked Local Digital Twins towards the CitiVERSE (LDT CitiVERSE EDIC),Commission,2024
http://publications.europa.eu/resource/cellar/99bf58a7-c57a-11ee-95d9-01aa75ed71a1,corporate-body/CNECT,resource-type/DEC_IMPL,2024-02-01,Commission Implementing Decision (EU) 2024/459 of 1 February 2024 on setting up the European Digital Infrastructure Consortium for Networked Local Digital Twins towards the CitiVERSE (LDT CitiVERSE EDIC),Commission,2024
http://publications.europa.eu/resource/cellar/06d23b63-cae0-11ee-95d9-01aa75ed71a1,corporate-body/COM,resource-type/DEC,2024-01-24,Commission Decision of 24 January 2024 establishing the European Artificial Intelligence Office,Commission,2024
http://publications.europa.eu/resource/cellar/06d23b63-cae0-11ee-95d9-01aa75ed71a1,corporate-body/CNECT,resource-type/DEC,2024-01-24,Commission Decision of 24 January 2024 establishing the European Artificial Intelligence Office,Commission,2024
http://publications.europa.eu/resource/cellar/5963bb49-23dc-11ef-a195-01aa75ed71a1,corporate-body/EESC,resource-type/PUB_GEN,2024-06-04,Civil society organisations’ bulletin. May 2024.,,2024
http://publications.europa.eu/resource/cellar/679c8b13-2484-11ef-a195-01aa75ed71a1,corporate-body/ENISA,resource-type/PUB_GEN,2024-06-05,Foresight cybersecurity threats for 2030 : update : extended report.,,2024
http://publications.europa.eu/resource/cellar/679c8b13-2484-11ef-a195-01aa75ed71a1,corporate-body/ENISA,resource-type/STU,2024-06-05,Foresight cybersecurity threats for 2030 : update : extended report.,,2024
http://publications.europa.eu/resource/cellar/e059a71e-2475-11ef-a195-01aa75ed71a1,corporate-body/EDPS,resource-type/PUB_GEN,2024-06-06,Annual report 2023.,,2024
http://publications.europa.eu/resource/cellar/99dd9a48-287b-11ef-a195-01aa75ed71a1,corporate-body/EP_EXTERN_POL,resource-type/PUB_GEN,2024-06-11,Artificial intelligence (AI) and human rights : using AI as a weapon of repression and its impact on human rights : in-depth analysis.,Parliament,2024
http://publications.europa.eu/resource/cellar/99dd9a48-287b-11ef-a195-01aa75ed71a1,corporate-body/EP_EXTERN_POL,resource-type/STU,2024-06-11,Artificial intelligence (AI) and human rights : using AI as a weapon of repression and its impact on human rights : in-depth analysis.,Parliament,2024
http://publications.europa.eu/resource/cellar/9f02beb9-6c98-11ee-9220-01aa75ed71a1,corporate-body/JRC,resource-type/PUB_GEN,2023-10-13,FABLES : Framework for Autonomous Behaviour-rich Language-driven Emotion-enabled Synthetic populations : modelling autonomous emotional AI-driven agents in their spatiotemporal context.,Commission,2023
http://publications.europa.eu/resource/cellar/9f02beb9-6c98-11ee-9220-01aa75ed71a1,corporate-body/JRC,resource-type/STU,2023-10-13,FABLES : Framework for Autonomous Behaviour-rich Language-driven Emotion-enabled Synthetic populations : modelling autonomous emotional AI-driven agents in their spatiotemporal context.,Commission,2023
http://publications.europa.eu/resource/cellar/d7228756-f6e2-11ee-a251-01aa75ed71a1,corporate-body/EP_RESEARCH,resource-type/PUB_GEN,2022-02-02,Key enabling technologies for Europe's technological sovereignty.,Parliament,2022
http://publications.europa.eu/resource/cellar/d7228756-f6e2-11ee-a251-01aa75ed71a1,corporate-body/EP_RESEARCH,resource-type/STU,2022-02-02,Key enabling technologies for Europe's technological sovereignty.,Parliament,2022
http://publications.europa.eu/resource/cellar/3874fc76-f87f-11ee-a251-01aa75ed71a1,corporate-body/EISMEA,resource-type/PUB_GEN,2024-04-11,The European Innovation Council : impact report 2023 : accelerating Deep Tech in Europe.,Commission,2024
http://publications.europa.eu/resource/cellar/365f3cd2-a2dc-11ee-b164-01aa75ed71a1,corporate-body/RTD,resource-type/PUB_GEN,2023-12-22,Transformational education in poly-crisis.,Commission,2023
http://publications.europa.eu/resource/cellar/4d3584f8-5115-11ee-9220-01aa75ed71a1,corporate-body/CNECT,resource-type/PUB_GEN,2023-09-11,European digital innovation hubs : leading the digital transformation of small and midsize businesses (SMEs).,Commission,2023
http://publications.europa.eu/resource/cellar/234ab8a6-5819-11ee-9220-01aa75ed71a1,corporate-body/COM,resource-type/ANNOUNC,2023-09-21,Prior notification of a concentration (Case M.11270 – KKR / THE FUCHS FAMILY FOUNDATION / OHB) Candidate case for simplified procedure (Text with EEA relevance) 2023/C 332/06,Commission,2023
http://publications.europa.eu/resource/cellar/234ab8a6-5819-11ee-9220-01aa75ed71a1,corporate-body/COMP,resource-type/ANNOUNC,2023-09-21,Prior notification of a concentration (Case M.11270 – KKR / THE FUCHS FAMILY FOUNDATION / OHB) Candidate case for simplified procedure (Text with EEA relevance) 2023/C 332/06,Commission,2023
http://publications.europa.eu/resource/cellar/e4b09917-582f-11ee-9220-01aa75ed71a1,corporate-body/JRC,resource-type/PUB_GEN,2023-09-20,On the futures of technology in education : emerging trends and policy implications.,Commission,2023
http://publications.europa.eu/resource/cellar/f2941086-5828-11ee-9220-01aa75ed71a1,corporate-body/CNECT,resource-type/PUB_GEN,2023-09-20,Details of consultation activities and summary of components.,Commission,2023
http://publications.europa.eu/resource/cellar/f2941086-5828-11ee-9220-01aa75ed71a1,corporate-body/CNECT,resource-type/STU,2023-09-20,Details of consultation activities and summary of components.,Commission,2023
http://publications.europa.eu/resource/cellar/3f94b728-640c-11ee-9220-01aa75ed71a1,corporate-body/JRC,resource-type/PUB_GEN,2023-10-05,Artificial Intelligence for interoperability in the European public sector : an exploratory study.,Commission,2023
http://publications.europa.eu/resource/cellar/3f94b728-640c-11ee-9220-01aa75ed71a1,corporate-body/JRC,resource-type/STU,2023-10-05,Artificial Intelligence for interoperability in the European public sector : an exploratory study.,Commission,2023
http://publications.europa.eu/resource/cellar/f93ebb46-6726-11ee-9220-01aa75ed71a1,corporate-body/EUROFOUND,resource-type/PUB_GEN,2023-10-09,Ethical digitalisation at work : from theory to practice.,,2023
http://publications.europa.eu/resource/cellar/f93ebb46-6726-11ee-9220-01aa75ed71a1,corporate-body/EUROFOUND,resource-type/STU,2023-10-09,Ethical digitalisation at work : from theory to practice.,,2023
http://publications.europa.eu/resource/cellar/1c510c89-eb3d-11ee-bf53-01aa75ed71a1,corporate-body/EMPL,resource-type/PUB_GEN,2024-03-25,"Study on poverty and income inequality in the context of the digital transformation : final report. Part B, Use of digital technologies (including AI) by the public sector for improving the delivery and design of social policies and active labour market policies, as well as for complementing the monitoring of poverty and income inequality.",Commission,2024
http://publications.europa.eu/resource/cellar/320f5f62-eb3b-11ee-bf53-01aa75ed71a1,corporate-body/EMPL,resource-type/PUB_GEN,2024-03-25,"Study on poverty and income inequality in the context of the digital transformation : final report. Part A, Ensuring a socially fair digital transformation.",Commission,2024
http://publications.europa.eu/resource/cellar/4b82d1b8-eb11-11ee-bf53-01aa75ed71a1,corporate-body/COM,resource-type/RECO,2024-03-19,Commission Recommendation (EU) 2024/915 of 19 March 2024 on measures to combat counterfeiting and enhance the enforcement of intellectual property rights,Commission,2024
http://publications.europa.eu/resource/cellar/4b82d1b8-eb11-11ee-bf53-01aa75ed71a1,corporate-body/GROW,resource-type/RECO,2024-03-19,Commission Recommendation (EU) 2024/915 of 19 March 2024 on measures to combat counterfeiting and enhance the enforcement of intellectual property rights,Commission,2024
http://publications.europa.eu/resource/cellar/c7865738-eb38-11ee-bf53-01aa75ed71a1,corporate-body/ERC,resource-type/PUB_GEN,2024-03-22,Mapping ERC frontier research artificial intelligence.,,2024
http://publications.europa.eu/resource/cellar/c7865738-eb38-11ee-bf53-01aa75ed71a1,corporate-body/ERC,resource-type/STU,2024-03-22,Mapping ERC frontier research artificial intelligence.,,2024
http://publications.europa.eu/resource/cellar/61e2e1f4-60da-11ee-9220-01aa75ed71a1,corporate-body/JRC,resource-type/PUB_GEN,2023-09-29,"CAS, Centre for Advanced Studies 2023.",Commission,2023
http://publications.europa.eu/resource/cellar/875e1db1-e2b3-11ef-be2a-01aa75ed71a1,corporate-body/RTD,resource-type/PUB_GEN,2025-02-03,European citizens’ knowledge and attitudes towards science and technology : Eurobarometer summary.,Commission,2025
http://publications.europa.eu/resource/cellar/805e08cc-0383-11ef-a251-01aa75ed71a1,corporate-body/DIGIT,resource-type/PUB_GEN,2024-04-25,Public Sector Tech Watch : mapping innovation in the EU public services : a collective effort in exploring the applications of artificial intelligence and blockchain in the public sector.,Commission,2024
http://publications.europa.eu/resource/cellar/b5664703-0905-11ef-a251-01aa75ed71a1,corporate-body/EMEA,resource-type/PUB_GEN,2024-05-02,EU Network Training Centre newsletter : training by the network for the network. Avril 2024.,,2024
http://publications.europa.eu/resource/cellar/3dacad57-0dab-11ef-a251-01aa75ed71a1,corporate-body/OSHA,resource-type/PUB_GEN,2024-05-08,Strategies for safety and health in an automated world.,,2024
http://publications.europa.eu/resource/cellar/8e18982d-0db6-11ef-a251-01aa75ed71a1,corporate-body/CNECT,resource-type/PUB_GEN,2024-05-08,New Better Internet for Kids Strategy (BIK+) : compendium of EU formal texts concerning children in the digital world : 2024 edition.,Commission,2024
http://publications.europa.eu/resource/cellar/8e2bf91e-0db6-11ef-a251-01aa75ed71a1,corporate-body/ECA,resource-type/PUB_GEN,2024-05-08,"The Commission’s systems for recovering irregular EU expenditure : potential to recover more and faster. Special report 07, 2024.",,2024
http://publications.europa.eu/resource/cellar/c8782e9a-0dac-11ef-a251-01aa75ed71a1,corporate-body/EUI,resource-type/PUB_GEN,2024-05-08,Essays on the effects of information on economics.,,2024
http://publications.europa.eu/resource/cellar/ef49f6bd-0db8-11ef-a251-01aa75ed71a1,corporate-body/OSHA,resource-type/PUB_GEN,2024-05-08,Automation of cognitive and physical tasks in the health and social care sector : implications for safety and health : literature review.,,2024
http://publications.europa.eu/resource/cellar/ef49f6bd-0db8-11ef-a251-01aa75ed71a1,corporate-body/OSHA,resource-type/STU,2024-05-08,Automation of cognitive and physical tasks in the health and social care sector : implications for safety and health : literature review.,,2024
http://publications.europa.eu/resource/cellar/72ae7bb7-1330-11ef-a251-01aa75ed71a1,corporate-body/EUI,resource-type/PUB_GEN,2024-05-15,"Human rights in the midst of intelligent humanoid robots’ rise : the good, the bad, and the uncertain.",,2024
http://publications.europa.eu/resource/cellar/5bf84739-bc2e-11ef-91ed-01aa75ed71a1,corporate-body/ECB,resource-type/PUB_GEN,2024-12-16,ESCB Legal Conference 2024 : December 2024.,,2024
http://publications.europa.eu/resource/cellar/32cadf2f-3cc3-11ef-ab8f-01aa75ed71a1,corporate-body/COM,resource-type/ANNOUNC,2024-07-08,Prior notification of a concentration (Case M.11457 – HPE / JUNIPER),Commission,2024
http://publications.europa.eu/resource/cellar/32cadf2f-3cc3-11ef-ab8f-01aa75ed71a1,corporate-body/COMP,resource-type/ANNOUNC,2024-07-08,Prior notification of a concentration (Case M.11457 – HPE / JUNIPER),Commission,2024
http://publications.europa.eu/resource/cellar/a74285c2-bce2-11ef-91ed-01aa75ed71a1,corporate-body/COM,resource-type/NOTICE,2024-08-01,Non-opposition to a notified concentration (Case M.11457 – HPE / JUNIPER),Commission,2024
http://publications.europa.eu/resource/cellar/a74285c2-bce2-11ef-91ed-01aa75ed71a1,corporate-body/COMP,resource-type/NOTICE,2024-08-01,Non-opposition to a notified concentration (Case M.11457 – HPE / JUNIPER),Commission,2024
http://publications.europa.eu/resource/cellar/e861d2af-97d4-11ee-b164-01aa75ed71a1,corporate-body/JRC,resource-type/PUB_GEN,2023-12-06,Characteristics and regional coverage of the European digital innovation hubs network.,Commission,2023
http://publications.europa.eu/resource/cellar/e861d2af-97d4-11ee-b164-01aa75ed71a1,corporate-body/JRC,resource-type/STU,2023-12-06,Characteristics and regional coverage of the European digital innovation hubs network.,Commission,2023
http://publications.europa.eu/resource/cellar/0f9edc7e-6bfa-11ef-a8ba-01aa75ed71a1,corporate-body/JRC,resource-type/PUB_GEN,2024-09-05,(Dis)entangling the future : horizon scanning for emerging technologies and breakthrough innovations in the field of quantum technologies.,Commission,2024
http://publications.europa.eu/resource/cellar/257ae66f-23c7-11ef-a195-01aa75ed71a1,corporate-body/CNECT,resource-type/PUB_GEN,2024-06-05,Benchmarking the impact of the next generation internet initiative : final study report.,Commission,2024
http://publications.europa.eu/resource/cellar/257ae66f-23c7-11ef-a195-01aa75ed71a1,corporate-body/CNECT,resource-type/STU,2024-06-05,Benchmarking the impact of the next generation internet initiative : final study report.,Commission,2024
http://publications.europa.eu/resource/cellar/6b9f27c8-721b-11ee-9220-01aa75ed71a1,corporate-body/CEDEFOP,resource-type/PUB_GEN,2023-10-20,Going digital means skilling for digital : using big data to track emerging digital skill needs.,,2023
http://publications.europa.eu/resource/cellar/97e01561-e392-11ef-be2a-01aa75ed71a1,corporate-body/JRC,resource-type/PUB_GEN,2025-02-04,Ontology learning for hybrid threats.,Commission,2025
http://publications.europa.eu/resource/cellar/97e01561-e392-11ef-be2a-01aa75ed71a1,corporate-body/JRC,resource-type/STU,2025-02-04,Ontology learning for hybrid threats.,Commission,2025
http://publications.europa.eu/resource/cellar/d7d3a760-64e7-11ef-a8ba-01aa75ed71a1,corporate-body/OSHA,resource-type/PUB_GEN,2024-08-27,Artificial intelligence and education : a teacher-centred approach to safety and health.,,2024
http://publications.europa.eu/resource/cellar/3956eb64-4b02-11ef-acbc-01aa75ed71a1,corporate-body/EP_RESEARCH,resource-type/PUB_GEN,2024-07-25,"The protection of mental privacy in the area of neuroscience : societal, legal and ethical challenges.",Parliament,2024
http://publications.europa.eu/resource/cellar/3956eb64-4b02-11ef-acbc-01aa75ed71a1,corporate-body/EP_RESEARCH,resource-type/STU,2024-07-25,"The protection of mental privacy in the area of neuroscience : societal, legal and ethical challenges.",Parliament,2024
http://publications.europa.eu/resource/cellar/694a86eb-50e5-11f0-a9d0-01aa75ed71a1,corporate-body/COM,resource-type/COMMUNIC,2025-06-24,"COMMUNICATION FROM THE COMMISSION TO THE EUROPEAN PARLIAMENT, THE COUNCIL, THE EUROPEAN ECONOMIC AND SOCIAL COMMITTEE AND THE COMMITTEE OF THE REGIONS Roadmap for lawful and effective access to data for law enforcement",Commission,2025
http://publications.europa.eu/resource/cellar/694a86eb-50e5-11f0-a9d0-01aa75ed71a1,corporate-body/HOME,resource-type/COMMUNIC,2025-06-24,"COMMUNICATION FROM THE COMMISSION TO THE EUROPEAN PARLIAMENT, THE COUNCIL, THE EUROPEAN ECONOMIC AND SOCIAL COMMITTEE AND THE COMMITTEE OF THE REGIONS Roadmap for lawful and effective access to data for law enforcement",Commission,2025
http://publications.europa.eu/resource/cellar/9e276534-6113-11f0-a9d0-01aa75ed71a1,corporate-body/COM,resource-type/ANNOUNC,2025-07-15,Prior notification of a concentration (Case M.12037 – DEUTSCHE BAHN / SCHWARZ GROUP / DATAHUB EUROPE) – Candidate case for simplified procedure,Commission,2025
http://publications.europa.eu/resource/cellar/9e276534-6113-11f0-a9d0-01aa75ed71a1,corporate-body/COMP,resource-type/ANNOUNC,2025-07-15,Prior notification of a concentration (Case M.12037 – DEUTSCHE BAHN / SCHWARZ GROUP / DATAHUB EUROPE) – Candidate case for simplified procedure,Commission,2025
http://publications.europa.eu/resource/cellar/0f11f494-1767-11ef-a251-01aa75ed71a1,corporate-body/JRC,resource-type/PUB_GEN,2024-05-16,European Centre for Algorithmic Transparency (ECAT). May 2024.,Commission,2024
http://publications.europa.eu/resource/cellar/c633773b-2a01-11ef-9290-01aa75ed71a1,corporate-body/EUROPOL,resource-type/PUB_GEN,2024-06-13,First report on encryption by the EU Innovation Hub for Internal Security.,,2024
http://publications.europa.eu/resource/cellar/6bc8cc21-bbff-11ee-b164-01aa75ed71a1,corporate-body/CNECT,resource-type/PUB_GEN,2024-01-25,Common European data space for cultural heritage : annual report 2022/2023.,Commission,2024
http://publications.europa.eu/resource/cellar/1578739f-849a-11ef-a67d-01aa75ed71a1,corporate-body/ECA,resource-type/PUB_GEN,2024-10-04,Artificial Intelligence initial strategy and deployment roadmap : 2024-2025.,,2024
http://publications.europa.eu/resource/cellar/35059497-849b-11ef-a67d-01aa75ed71a1,corporate-body/RTD,resource-type/PUB_GEN,2024-10-04,"Horizon Europe and the digital & industrial transition : interim evaluation support study : phase 2 : Horizon Europe : co-programmed partnership report : AI, data and robotics (ADRA).",Commission,2024
http://publications.europa.eu/resource/cellar/35059497-849b-11ef-a67d-01aa75ed71a1,corporate-body/RTD,resource-type/STU_EVL,2024-10-04,"Horizon Europe and the digital & industrial transition : interim evaluation support study : phase 2 : Horizon Europe : co-programmed partnership report : AI, data and robotics (ADRA).",Commission,2024
http://publications.europa.eu/resource/cellar/86e48333-8499-11ef-a67d-01aa75ed71a1,corporate-body/CNECT,resource-type/PUB_GEN,2024-10-04,Adopt AI study : final study report.,Commission,2024
http://publications.europa.eu/resource/cellar/86e48333-8499-11ef-a67d-01aa75ed71a1,corporate-body/CNECT,resource-type/STU,2024-10-04,Adopt AI study : final study report.,Commission,2024
http://publications.europa.eu/resource/cellar/20cd754a-8523-11ef-a67d-01aa75ed71a1,corporate-body/RTD,resource-type/PUB_GEN,2024-10-08,Horizon projects using environmental observations and artificial intelligence for the benefit of science and society.,Commission,2024
http://publications.europa.eu/resource/cellar/20cd754a-8523-11ef-a67d-01aa75ed71a1,corporate-body/RTD,resource-type/STU,2024-10-08,Horizon projects using environmental observations and artificial intelligence for the benefit of science and society.,Commission,2024
http://publications.europa.eu/resource/cellar/5a5d11ac-89d6-11ef-a67d-01aa75ed71a1,corporate-body/EUI,resource-type/PUB_GEN,2024-10-11,Lagging behind or leading the way? : the EU as an actor in the emerging global governance of AI.,,2024
http://publications.europa.eu/resource/cellar/0537e526-8b6d-11ef-a67d-01aa75ed71a1,corporate-body/OSHA,resource-type/PUB_GEN,2024-10-15,Digital technologies at work and psychosocial risks : evidence and implications for occupational safety and health.,,2024
http://publications.europa.eu/resource/cellar/145e7c44-8b6c-11ef-a67d-01aa75ed71a1,corporate-body/EUI,resource-type/PUB_GEN,2024-10-15,Comparing models of artificial intelligence governance : the role of international cooperation on responsible AI and the EU AI Act in the age of generative AI.,,2024
http://publications.europa.eu/resource/cellar/b0913cd8-4594-11f0-b9f2-01aa75ed71a1,corporate-body/CJ,resource-type/INFO_JUDICIAL,2025-04-03,"Case C-250/25, Like Company: Request for a preliminary ruling from the Budapest Környéki Törvényszék (Hungary) lodged on 3 April 2025 – Like Company v Google Ireland Limited",,2025
http://publications.europa.eu/resource/cellar/9ddf7bf8-62bf-11f0-bf4e-01aa75ed71a1,http://publications.europa.eu/resource/cellar/c7ee51f0-f9ff-4492-9529-74ddf2728ad8,resource-type/PUB_GEN,2025-07-15,Study on the deployment of AI in healthcare : final report.,,2025
http://publications.europa.eu/resource/cellar/9ddf7bf8-62bf-11f0-bf4e-01aa75ed71a1,corporate-body/SANTE,resource-type/PUB_GEN,2025-07-15,Study on the deployment of AI in healthcare : final report.,Commission,2025
http://publications.europa.eu/resource/cellar/9ddf7bf8-62bf-11f0-bf4e-01aa75ed71a1,http://publications.europa.eu/resource/cellar/1d7c937e-eb81-11e5-8a81-01aa75ed71a1,resource-type/PUB_GEN,2025-07-15,Study on the deployment of AI in healthcare : final report.,,2025
http://publications.europa.eu/resource/cellar/9ddf7bf8-62bf-11f0-bf4e-01aa75ed71a1,http://publications.europa.eu/resource/cellar/7848960b-62b9-11f0-bf4e-01aa75ed71a1,resource-type/PUB_GEN,2025-07-15,Study on the deployment of AI in healthcare : final report.,,2025
http://publications.europa.eu/resource/cellar/9ddf7bf8-62bf-11f0-bf4e-01aa75ed71a1,http://publications.europa.eu/resource/cellar/c7ee51f0-f9ff-4492-9529-74ddf2728ad8,resource-type/STU,2025-07-15,Study on the deployment of AI in healthcare : final report.,,2025
http://publications.europa.eu/resource/cellar/9ddf7bf8-62bf-11f0-bf4e-01aa75ed71a1,corporate-body/SANTE,resource-type/STU,2025-07-15,Study on the deployment of AI in healthcare : final report.,Commission,2025
http://publications.europa.eu/resource/cellar/9ddf7bf8-62bf-11f0-bf4e-01aa75ed71a1,http://publications.europa.eu/resource/cellar/1d7c937e-eb81-11e5-8a81-01aa75ed71a1,resource-type/STU,2025-07-15,Study on the deployment of AI in healthcare : final report.,,2025
http://publications.europa.eu/resource/cellar/9ddf7bf8-62bf-11f0-bf4e-01aa75ed71a1,http://publications.europa.eu/resource/cellar/7848960b-62b9-11f0-bf4e-01aa75ed71a1,resource-type/STU,2025-07-15,Study on the deployment of AI in healthcare : final report.,,2025
http://publications.europa.eu/resource/cellar/92da73d9-b1e2-11ef-acb1-01aa75ed71a1,corporate-body/COR,resource-type/OWNINI_OPIN,2024-10-09,Opinion of the European Committee of the Regions – Ethical Artificial Intelligence and access to supercomputing for start-ups,,2024
http://publications.europa.eu/resource/cellar/92da73d9-b1e2-11ef-acb1-01aa75ed71a1,corporate-body/COR_SEDEC,resource-type/OWNINI_OPIN,2024-10-09,Opinion of the European Committee of the Regions – Ethical Artificial Intelligence and access to supercomputing for start-ups,,2024
http://publications.europa.eu/resource/cellar/da58b321-2dd3-11ef-a61b-01aa75ed71a1,corporate-body/CONSIL,resource-type/REG,2024-06-17,Council Regulation (EU) 2024/1732 of 17 June 2024 amending Regulation (EU) 2021/1173 as regards a EuroHPC initiative for start-ups in order to boost European leadership in trustworthy artificial intelligence,Council,2024
http://publications.europa.eu/resource/cellar/b752afa2-3752-11ef-b441-01aa75ed71a1,corporate-body/EDPS,resource-type/PUB_GEN,2024-06-28,TechDispatch : neurodata. #1/2024.,,2024
http://publications.europa.eu/resource/cellar/be0c2b25-f326-11ef-b7db-01aa75ed71a1,corporate-body/RTD,resource-type/PUB_GEN,2025-02-24,Infrastructures for AI in science : mutual learning exercise on national policies for AI in science : second thematic report.,Commission,2025
http://publications.europa.eu/resource/cellar/be0c2b25-f326-11ef-b7db-01aa75ed71a1,corporate-body/SAM_ADV,resource-type/PUB_GEN,2025-02-24,Infrastructures for AI in science : mutual learning exercise on national policies for AI in science : second thematic report.,,2025
http://publications.europa.eu/resource/cellar/fd7122f5-f32e-11ef-b7db-01aa75ed71a1,corporate-body/RTD,resource-type/PUB_GEN,2025-02-25,Evaluation of the EU-India science and technology agreement.,Commission,2025
http://publications.europa.eu/resource/cellar/fd7122f5-f32e-11ef-b7db-01aa75ed71a1,corporate-body/RTD,resource-type/STU_EVL,2025-02-25,Evaluation of the EU-India science and technology agreement.,Commission,2025
http://publications.europa.eu/resource/cellar/4a2d8679-c0c2-11ee-b164-01aa75ed71a1,corporate-body/RTD,resource-type/PUB_GEN,2024-01-31,"Destination CCAM : insights, trends, and expectations for connected, cooperative and automated mobility in Europe.",Commission,2024
http://publications.europa.eu/resource/cellar/0648478c-c192-11ee-b164-01aa75ed71a1,corporate-body/GROW,resource-type/PUB_GEN,2024-02-01,Report on the evolution of eInvoicing in the digital age.,Commission,2024
http://publications.europa.eu/resource/cellar/24a59a10-c193-11ee-b164-01aa75ed71a1,corporate-body/GROW,resource-type/PUB_GEN,2024-02-01,Preparatory study on the effects of the Directive 2014/55/EU on electronic invoicing in public procurement.,Commission,2024
http://publications.europa.eu/resource/cellar/24a59a10-c193-11ee-b164-01aa75ed71a1,corporate-body/GROW,resource-type/STU,2024-02-01,Preparatory study on the effects of the Directive 2014/55/EU on electronic invoicing in public procurement.,Commission,2024
http://publications.europa.eu/resource/cellar/b767da83-c18d-11ee-b164-01aa75ed71a1,corporate-body/GROW,resource-type/PUB_GEN,2024-02-01,Report on technical challenges and barriers to eInvoicing in the EU.,Commission,2024
http://publications.europa.eu/resource/cellar/b167ce7d-076b-11ef-a251-01aa75ed71a1,corporate-body/EP_INTERNAL_POL,resource-type/PUB_GEN,2024-04-30,Law and ICT.,Parliament,2024
http://publications.europa.eu/resource/cellar/b167ce7d-076b-11ef-a251-01aa75ed71a1,corporate-body/EP_INTERNAL_POL,resource-type/STU,2024-04-30,Law and ICT.,Parliament,2024
http://publications.europa.eu/resource/cellar/1d10f077-9fde-11ef-85f0-01aa75ed71a1,corporate-body/EUI,resource-type/PUB_GEN,2024-11-08,Neurotechnologies and the future of Internet governance.,,2024
http://publications.europa.eu/resource/cellar/49afffaa-22e9-11ef-a251-01aa75ed71a1,corporate-body/JRC,resource-type/PUB_GEN,2024-06-03,12th international conference on improving energy efficiency in commercial buildings and smart communities.,Commission,2024
http://publications.europa.eu/resource/cellar/5c0ebe0a-2de7-11ef-a61b-01aa75ed71a1,corporate-body/EMEA,resource-type/PUB_GEN,2024-06-18,EU Network Training Centre newsletter : training by the network for the network. June 2024.,,2024
http://publications.europa.eu/resource/cellar/cebe146c-2dec-11ef-a61b-01aa75ed71a1,corporate-body/EMEA,resource-type/PUB_GEN,2024-06-18,EU Network Training Centre newsletter : training by the network for the network. May 2024.,,2024
http://publications.europa.eu/resource/cellar/af90f2ee-2ec2-11ef-a61b-01aa75ed71a1,corporate-body/RTD,resource-type/PUB_GEN,2024-06-19,National policies for AI in science.,Commission,2024
http://publications.europa.eu/resource/cellar/9e451cf1-65b5-11ef-a8ba-01aa75ed71a1,corporate-body/RTD,resource-type/PUB_GEN,2024-08-28,Summary of the scientific opinion on successful and timely uptake of artificial intelligence in science in the EU.,Commission,2024
http://publications.europa.eu/resource/cellar/d6d8ed54-32a8-11ef-a61b-01aa75ed71a1,corporate-body/RTD,resource-type/PUB_GEN,2024-06-21,Successful and timely uptake of artificial intelligence in science in the EU.,Commission,2024
http://publications.europa.eu/resource/cellar/d6d8ed54-32a8-11ef-a61b-01aa75ed71a1,corporate-body/RTD,resource-type/STU,2024-06-21,Successful and timely uptake of artificial intelligence in science in the EU.,Commission,2024
http://publications.europa.eu/resource/cellar/c80a2cfd-3ce2-11ef-ab8f-01aa75ed71a1,corporate-body/RTD,resource-type/PUB_GEN,2024-07-05,"Science, research and innovation performance of the EU (SRIP) : 2024 report : EU facts and figures from the #SRIP report 2024.",Commission,2024
http://publications.europa.eu/resource/cellar/e32ff522-5919-11ef-acbc-01aa75ed71a1,corporate-body/GROW,resource-type/PUB_GEN,2024-08-09,Digital industries ecosystem : artificial intelligence.,Commission,2024
http://publications.europa.eu/resource/cellar/e7fdab55-488b-11ef-acbc-01aa75ed71a1,corporate-body/CONSIL,resource-type/CONCL,2024-05-14,Council conclusions on support for influencers as online content creators,Council,2024
http://publications.europa.eu/resource/cellar/b8743238-489e-11ef-acbc-01aa75ed71a1,corporate-body/EUISS,resource-type/PUB_GEN,2024-07-22,"Emerging and disruptive digital technologies : national, regional, and global perspectives.",,2024
http://publications.europa.eu/resource/cellar/6c7d2612-350e-11ef-b441-01aa75ed71a1,corporate-body/CEDEFOP,resource-type/PUB_GEN,2024-06-27,Digital skills ambitions in action : Cedefop’s skills forecast digitalisation scenario.,,2024
http://publications.europa.eu/resource/cellar/b9d0f939-350a-11ef-b441-01aa75ed71a1,corporate-body/JRC,resource-type/PUB_GEN,2024-06-27,3rd workshop “Social media for disaster risk management : researchers meet practitioners”.,Commission,2024
http://publications.europa.eu/resource/cellar/64f4c33a-d230-11ef-be2a-01aa75ed71a1,corporate-body/EMEA,resource-type/PUB_GEN,2024-12-30,EU Network Training Centre newsletter : training by the network for the network. December 2024.,,2024
http://publications.europa.eu/resource/cellar/68661248-7957-11ef-bbbe-01aa75ed71a1,corporate-body/ECB,resource-type/PUB_GEN,2024-09-20,Digital innovation and banking regulation.,,2024
http://publications.europa.eu/resource/cellar/68661248-7957-11ef-bbbe-01aa75ed71a1,corporate-body/ECB,resource-type/STU,2024-09-20,Digital innovation and banking regulation.,,2024
http://publications.europa.eu/resource/cellar/5530c8ca-7a1f-11ef-bbbe-01aa75ed71a1,corporate-body/COMP,resource-type/PUB_GEN,2024-09-23,Competition in generative AI and virtual worlds.,Commission,2024
http://publications.europa.eu/resource/cellar/15c39dce-7ae7-11ef-bbbe-01aa75ed71a1,corporate-body/EP_RESEARCH,resource-type/PUB_GEN,2024-09-24,Proposal for a directive on adapting non-contractual civil liability rules to artificial intelligence : complementary impact assessment.,Parliament,2024
http://publications.europa.eu/resource/cellar/15c39dce-7ae7-11ef-bbbe-01aa75ed71a1,corporate-body/EP_RESEARCH,resource-type/STU,2024-09-24,Proposal for a directive on adapting non-contractual civil liability rules to artificial intelligence : complementary impact assessment.,Parliament,2024
http://publications.europa.eu/resource/cellar/f7862704-6a65-11ef-a8ba-01aa75ed71a1,corporate-body/EP_INTERNAL_POL,resource-type/PUB_GEN,2024-09-03,"The impact of EU legislation in the area of digital and green transition, particularly on SMEs.",Parliament,2024
http://publications.europa.eu/resource/cellar/f7862704-6a65-11ef-a8ba-01aa75ed71a1,corporate-body/EP_INTERNAL_POL,resource-type/STU,2024-09-03,"The impact of EU legislation in the area of digital and green transition, particularly on SMEs.",Parliament,2024
http://publications.europa.eu/resource/cellar/78022066-7c83-11ef-bbbe-01aa75ed71a1,corporate-body/EISMEA,resource-type/PUB_GEN,2024-09-26,Environmental intelligence : an enabling platform to help solve complex environmental challenges.,Commission,2024
http://publications.europa.eu/resource/cellar/4a5594d1-4ee3-11ef-acbc-01aa75ed71a1,corporate-body/RTD,resource-type/PUB_GEN,2024-07-30,ERA industrial technologies roadmap on human-centric research and innovation for the manufacturing sector.,Commission,2024
http://publications.europa.eu/resource/cellar/e1b4f364-4fb2-11ef-acbc-01aa75ed71a1,corporate-body/EISMEA,resource-type/PUB_GEN,2024-07-31,Latin America IP SME helpdesk : artificial intelligence and IP in Latin America.,Commission,2024
http://publications.europa.eu/resource/cellar/ec9a2371-539d-11ef-acbc-01aa75ed71a1,corporate-body/EUI,resource-type/PUB_GEN,2024-08-05,Delegating the law of artificial intelligence : a procedural account of technology-neutral regulation.,,2024
http://publications.europa.eu/resource/cellar/0fb59a42-55f6-11ef-acbc-01aa75ed71a1,corporate-body/ECFIN,resource-type/PUB_GEN,2024-08-08,"Artificial intelligence : economic impact, opportunities, challenges, implications for policy.",Commission,2024
http://publications.europa.eu/resource/cellar/32aaa21f-5aad-11ef-acbc-01aa75ed71a1,corporate-body/EMEA,resource-type/PUB_GEN,2024-08-14,EU Network Training Centre newsletter : training by the network for the network. August 2024.,,2024
http://publications.europa.eu/resource/cellar/a2df914d-5aac-11ef-acbc-01aa75ed71a1,corporate-body/EMEA,resource-type/PUB_GEN,2024-07-30,EU Network Training Centre newsletter : training by the network for the network. July 2024.,,2024
http://publications.europa.eu/resource/cellar/52f3f185-967a-11ef-a130-01aa75ed71a1,corporate-body/EESC,resource-type/PUB_GEN,2024-10-29,Newsletter. October 2024.,,2024
http://publications.europa.eu/resource/cellar/e365cca9-50a5-11ef-acbc-01aa75ed71a1,corporate-body/JRC,resource-type/PUB_GEN,2024-08-01,"Methodology for the public sector Tech Watch use case collection : taxonomy, data collection, and use case analysis procedures.",Commission,2024
http://publications.europa.eu/resource/cellar/e365cca9-50a5-11ef-acbc-01aa75ed71a1,corporate-body/JRC,resource-type/STU,2024-08-01,"Methodology for the public sector Tech Watch use case collection : taxonomy, data collection, and use case analysis procedures.",Commission,2024
http://publications.europa.eu/resource/cellar/4306dceb-8c20-11ef-a130-01aa75ed71a1,corporate-body/EP,resource-type/OWNINI_RES,2024-01-17,"P9_TA(2024)0032 – Virtual worlds – opportunities, risks and policy implications for the single market – European Parliament resolution of 17 January 2024 on virtual worlds – opportunities, risks and policy implications for the single market (2022/2198(INI))",Parliament,2024
http://publications.europa.eu/resource/cellar/4306dceb-8c20-11ef-a130-01aa75ed71a1,corporate-body/EP_CULT,resource-type/OWNINI_RES,2024-01-17,"P9_TA(2024)0032 – Virtual worlds – opportunities, risks and policy implications for the single market – European Parliament resolution of 17 January 2024 on virtual worlds – opportunities, risks and policy implications for the single market (2022/2198(INI))",Parliament,2024
http://publications.europa.eu/resource/cellar/4306dceb-8c20-11ef-a130-01aa75ed71a1,corporate-body/EP_IMCO,resource-type/OWNINI_RES,2024-01-17,"P9_TA(2024)0032 – Virtual worlds – opportunities, risks and policy implications for the single market – European Parliament resolution of 17 January 2024 on virtual worlds – opportunities, risks and policy implications for the single market (2022/2198(INI))",Parliament,2024
http://publications.europa.eu/resource/cellar/4306dceb-8c20-11ef-a130-01aa75ed71a1,corporate-body/EP_JURI,resource-type/OWNINI_RES,2024-01-17,"P9_TA(2024)0032 – Virtual worlds – opportunities, risks and policy implications for the single market – European Parliament resolution of 17 January 2024 on virtual worlds – opportunities, risks and policy implications for the single market (2022/2198(INI))",Parliament,2024
http://publications.europa.eu/resource/cellar/ef017692-8c1f-11ef-a130-01aa75ed71a1,corporate-body/EP,resource-type/OWNINI_RES,2024-01-17,P9_TA(2024)0020 – Cultural diversity and the conditions for authors in the European music streaming market – European Parliament resolution of 17 January 2024 on cultural diversity and the conditions for authors in the European music streaming market (2023/2054(INI)),Parliament,2024
http://publications.europa.eu/resource/cellar/ef017692-8c1f-11ef-a130-01aa75ed71a1,corporate-body/EP_CULT,resource-type/OWNINI_RES,2024-01-17,P9_TA(2024)0020 – Cultural diversity and the conditions for authors in the European music streaming market – European Parliament resolution of 17 January 2024 on cultural diversity and the conditions for authors in the European music streaming market (2023/2054(INI)),Parliament,2024
http://publications.europa.eu/resource/cellar/3807bddf-7ae7-11ef-bbbe-01aa75ed71a1,corporate-body/EP_INTERNAL_POL,resource-type/PUB_GEN,2024-09-24,"The impact of EU legislation in the area of digital and green transition, particularly on SMEs.",Parliament,2024
http://publications.europa.eu/resource/cellar/3807bddf-7ae7-11ef-bbbe-01aa75ed71a1,corporate-body/EP_INTERNAL_POL,resource-type/SUM_EXE,2024-09-24,"The impact of EU legislation in the area of digital and green transition, particularly on SMEs.",Parliament,2024
http://publications.europa.eu/resource/cellar/4b0094c9-90ee-11ef-a130-01aa75ed71a1,corporate-body/CONSIL_SG,resource-type/PUB_GEN,2024-10-22,From vision to reality : promises and risks of brain-computer interfaces.,,2024
http://publications.europa.eu/resource/cellar/9ced17f0-90ec-11ef-a130-01aa75ed71a1,corporate-body/EP_INTERNAL_POL,resource-type/PUB_GEN,2024-10-22,"The impact of EU legislation in the area of digital and green transition, particularly on SMEs.",Parliament,2024
http://publications.europa.eu/resource/cellar/9ced17f0-90ec-11ef-a130-01aa75ed71a1,corporate-body/EP_INTERNAL_POL,resource-type/STU,2024-10-22,"The impact of EU legislation in the area of digital and green transition, particularly on SMEs.",Parliament,2024
http://publications.europa.eu/resource/cellar/dece3782-90ed-11ef-a130-01aa75ed71a1,corporate-body/DIGIT,resource-type/PUB_GEN,2024-10-22,AI-based solutions for legislative drafting in the EU : summary report.,Commission,2024
http://publications.europa.eu/resource/cellar/dece3782-90ed-11ef-a130-01aa75ed71a1,corporate-body/DIGIT,resource-type/STU,2024-10-22,AI-based solutions for legislative drafting in the EU : summary report.,Commission,2024
http://publications.europa.eu/resource/cellar/c9dc311a-4320-11ef-865a-01aa75ed71a1,corporate-body/JRC,resource-type/PUB_GEN,2024-07-12,Czechia and its collaboration with the Joint Research Centre.,Commission,2024
http://publications.europa.eu/resource/cellar/e4408b43-44b1-11ef-865a-01aa75ed71a1,corporate-body/JRC,resource-type/PUB_GEN,2024-07-17,"Diversity in artificial intelligence conferences : an analysis of indicators for gender, country and institution diversity from 2007 to 2023.",Commission,2024
http://publications.europa.eu/resource/cellar/e4408b43-44b1-11ef-865a-01aa75ed71a1,corporate-body/JRC,resource-type/STU,2024-07-17,"Diversity in artificial intelligence conferences : an analysis of indicators for gender, country and institution diversity from 2007 to 2023.",Commission,2024
http://publications.europa.eu/resource/cellar/23d67bd4-a171-11ef-85f0-01aa75ed71a1,corporate-body/PUBL,resource-type/PUB_GEN,2024-11-11,Exploring business models for public open data resources : insights and recommendations from the data.europa.eu campaign : 2024 summary paper.,,2024
http://publications.europa.eu/resource/cellar/23d67bd4-a171-11ef-85f0-01aa75ed71a1,corporate-body/PUBL,resource-type/STU,2024-11-11,Exploring business models for public open data resources : insights and recommendations from the data.europa.eu campaign : 2024 summary paper.,,2024
http://publications.europa.eu/resource/cellar/f097685f-4d58-11ef-acbc-01aa75ed71a1,corporate-body/PUBL,resource-type/PUB_GEN,2024-07-26,The role of artificial intelligence in processing and generating new data : an exploration of legal and policy challenges in open data ecosystems.,,2024
http://publications.europa.eu/resource/cellar/aaaa7955-0b85-11f0-b1a3-01aa75ed71a1,corporate-body/ESMA,resource-type/PUB_GEN,2025-03-27,Using artificial intelligence for investing : what you should consider.,,2025
http://publications.europa.eu/resource/cellar/830c25f5-6a64-11ef-a8ba-01aa75ed71a1,corporate-body/JRC,resource-type/PUB_GEN,2024-09-03,European Centre for Algorithmic Transparency (ECAT). August 2024.,Commission,2024
http://publications.europa.eu/resource/cellar/9477be18-9bf6-11ef-a130-01aa75ed71a1,corporate-body/EUI,resource-type/PUB_GEN,2024-11-05,How can AI regulation be effectively enforced? : comparing compliance mechanisms for AI regulation with a multiple-criteria decision analysis.,,2024
http://publications.europa.eu/resource/cellar/7501b854-23cd-11f0-ac85-01aa75ed71a1,corporate-body/CONSIL,resource-type/DEC,2025-04-14,Council Decision (EU) 2025/800 of 14 April 2025 establishing the position to be taken on behalf of the European Union within the Joint Committee established by the Agreement on the withdrawal of the United Kingdom of Great Britain and Northern Ireland from the European Union and the European Atomic Energy Community as regards the adoption of a decision adding a newly adopted Union act to Annex 2 to the Windsor Framework,Council,2025
http://publications.europa.eu/resource/cellar/e2787e1c-0892-11f0-b1a3-01aa75ed71a1,corporate-body/COM,resource-type/PROP_DEC,2025-03-24,Proposal for a COUNCIL DECISION establishing the position to be taken on behalf of the European Union in the Joint Committee established by the Agreement on the withdrawal of the United Kingdom of Great Britain and Northern Ireland from the European Union and the European Atomic Energy Community as regards the adoption of a decision adding a newly adopted Union act to Annex 2 to the Windsor Framework,Commission,2025
http://publications.europa.eu/resource/cellar/e2787e1c-0892-11f0-b1a3-01aa75ed71a1,corporate-body/SG,resource-type/PROP_DEC,2025-03-24,Proposal for a COUNCIL DECISION establishing the position to be taken on behalf of the European Union in the Joint Committee established by the Agreement on the withdrawal of the United Kingdom of Great Britain and Northern Ireland from the European Union and the European Atomic Energy Community as regards the adoption of a decision adding a newly adopted Union act to Annex 2 to the Windsor Framework,Commission,2025
http://publications.europa.eu/resource/cellar/5ba29b94-ae04-11ef-acb1-01aa75ed71a1,corporate-body/DIGIT,resource-type/PUB_GEN,2024-11-28,"Adoption of AI, blockchain and other emerging technologies within the European public sector : a public sector Tech Watch report.",Commission,2024
http://publications.europa.eu/resource/cellar/5ba29b94-ae04-11ef-acb1-01aa75ed71a1,corporate-body/DIGIT,resource-type/STU,2024-11-28,"Adoption of AI, blockchain and other emerging technologies within the European public sector : a public sector Tech Watch report.",Commission,2024
http://publications.europa.eu/resource/cellar/c82cafa9-b126-11ef-acb1-01aa75ed71a1,corporate-body/EMEA,resource-type/PUB_GEN,2024-11-30,EU Network Training Centre newsletter : training by the network for the network. November 2024.,,2024
http://publications.europa.eu/resource/cellar/bc41edd2-b1e1-11ef-acb1-01aa75ed71a1,corporate-body/COR,resource-type/OWNINI_OPIN,2024-10-09,Opinion of the European Committee of the Regions – Recommendations for the next Framework Programme for Research and Innovation (FP10),,2024
http://publications.europa.eu/resource/cellar/bc41edd2-b1e1-11ef-acb1-01aa75ed71a1,corporate-body/COR_SEDEC,resource-type/OWNINI_OPIN,2024-10-09,Opinion of the European Committee of the Regions – Recommendations for the next Framework Programme for Research and Innovation (FP10),,2024
http://publications.europa.eu/resource/cellar/a8688e63-a0af-11ef-85f0-01aa75ed71a1,corporate-body/EMEA,resource-type/PUB_GEN,2024-10-30,EU Network Training Centre newsletter : training by the network for the network. October 2024.,,2024
http://publications.europa.eu/resource/cellar/e13d1844-e462-11ef-be2a-01aa75ed71a1,corporate-body/RTD,resource-type/PUB_GEN,2025-02-05,A European model for artificial intelligence.,Commission,2025
http://publications.europa.eu/resource/cellar/35194ada-f284-11f0-8d3c-01aa75ed71a1,corporate-body/EESC,resource-type/OPIN,2025-09-18,"Opinion of the European Economic and Social Committee – Proposal for a Regulation of the European Parliament and of the Council amending Regulations (EU) 2021/694, (EU) 2021/695, (EU) 2021/697, (EU) 2021/1153, (EU) 2023/1525 and 2024/795, as regards incentivising defence-related investments in the EU budget to implement the ReArm Europe Plan (COM(2025) 188 final - 2025/0103 (COD))",,2025
http://publications.europa.eu/resource/cellar/543241bd-d0ab-11f0-8da2-01aa75ed71a1,corporate-body/EP,resource-type/OPIN_LETTER_EP_CMT,2025-12-03,"Opinion on the legal basis of the Proposal for a Regulation of the European Parliament and of the Council amending Regulations (EU) 2021/694, (EU) 2021/695, (EU) 2021/697, (EU) 2021/1153, (EU) 2023/1525 and 2024/795, as regards incentivising defence-related investments in the EU budget to implement the ReArm Europe Plan (COM(2025)0188 - C10-0070/2025 - 2025/0103(COD))",Parliament,2025
http://publications.europa.eu/resource/cellar/72260a6d-df3d-11f0-8439-01aa75ed71a1,corporate-body/CONSIL,resource-type/REG,2025-12-19,"Regulation (EU) 2025/2653 of the European Parliament and of the Council of 19 December 2025 amending Regulations (EU) 2021/694, (EU) 2021/695, (EU) 2021/697, (EU) 2021/1153 and (EU) 2024/795, as regards incentivising defence-related investment in the EU budget to implement the ReArm Europe Plan (Text with EEA relevance)",Council,2025
http://publications.europa.eu/resource/cellar/72260a6d-df3d-11f0-8439-01aa75ed71a1,corporate-body/EP,resource-type/REG,2025-12-19,"Regulation (EU) 2025/2653 of the European Parliament and of the Council of 19 December 2025 amending Regulations (EU) 2021/694, (EU) 2021/695, (EU) 2021/697, (EU) 2021/1153 and (EU) 2024/795, as regards incentivising defence-related investment in the EU budget to implement the ReArm Europe Plan (Text with EEA relevance)",Parliament,2025
http://publications.europa.eu/resource/cellar/27e1257b-a229-11ef-85f0-01aa75ed71a1,corporate-body/COM,resource-type/ANNOUNC,2024-11-14,Prior notification of a concentration (Case M.11798 – PATIENT SQUARE / CARLYLE / CORROHEALTH) – Candidate case for simplified procedure,Commission,2024
http://publications.europa.eu/resource/cellar/27e1257b-a229-11ef-85f0-01aa75ed71a1,corporate-body/COMP,resource-type/ANNOUNC,2024-11-14,Prior notification of a concentration (Case M.11798 – PATIENT SQUARE / CARLYLE / CORROHEALTH) – Candidate case for simplified procedure,Commission,2024
http://publications.europa.eu/resource/cellar/2b6d6e4e-b5d8-11ef-acb1-01aa75ed71a1,corporate-body/COM,resource-type/NOTICE,2024-12-03,Non-opposition to a notified concentration (Case M.11798 – PATIENT SQUARE / CARLYLE / CORROHEALTH),Commission,2024
http://publications.europa.eu/resource/cellar/2b6d6e4e-b5d8-11ef-acb1-01aa75ed71a1,corporate-body/COMP,resource-type/NOTICE,2024-12-03,Non-opposition to a notified concentration (Case M.11798 – PATIENT SQUARE / CARLYLE / CORROHEALTH),Commission,2024
http://publications.europa.eu/resource/cellar/cb9e889e-a630-11ef-85f0-01aa75ed71a1,corporate-body/JRC,resource-type/PUB_GEN,2024-11-15,European Centre for Algorithmic Transparency (ECAT). November 2024.,Commission,2024
http://publications.europa.eu/resource/cellar/4d54a622-ce3b-11ef-be2a-01aa75ed71a1,corporate-body/EUROJUST,resource-type/PUB_GEN,2025-01-07,Generative artificial intelligence : the impact on intellectual property crimes.,,2025
http://publications.europa.eu/resource/cellar/8f1afed6-be8a-11ef-91ed-01aa75ed71a1,corporate-body/EUI,resource-type/PUB_GEN,2024-12-19,Charting the digital and technological future of Europe : what priorities for the European Commission in 2024-2029? : views from the European University Institute.,,2024
http://publications.europa.eu/resource/cellar/367cfd13-aae8-11ef-acb1-01aa75ed71a1,corporate-body/JRC,resource-type/PUB_GEN,2024-11-25,What factors influence perceived AI adoption by public managers? : a survey among public managers in seven EU countries.,Commission,2024
http://publications.europa.eu/resource/cellar/367cfd13-aae8-11ef-acb1-01aa75ed71a1,corporate-body/JRC,resource-type/STU,2024-11-25,What factors influence perceived AI adoption by public managers? : a survey among public managers in seven EU countries.,Commission,2024
http://publications.europa.eu/resource/cellar/949913fa-aae4-11ef-acb1-01aa75ed71a1,corporate-body/JRC,resource-type/PUB_GEN,2024-11-25,Competencies and governance practices for AI in the public sector.,Commission,2024
http://publications.europa.eu/resource/cellar/949913fa-aae4-11ef-acb1-01aa75ed71a1,corporate-body/JRC,resource-type/STU,2024-11-25,Competencies and governance practices for AI in the public sector.,Commission,2024
http://publications.europa.eu/resource/cellar/f973a7b5-b5e1-11ef-acb1-01aa75ed71a1,corporate-body/JRC,resource-type/PUB_GEN,2024-12-06,2024 JRC/EUROPOL tattoo recognition with artificial data : proficiency test results and discussion.,Commission,2024
http://publications.europa.eu/resource/cellar/118c3bcd-b906-11ef-91ed-01aa75ed71a1,corporate-body/EUI,resource-type/PUB_GEN,2024-12-12,GDPR’s reflection in privacy-enhancing technologies : implications for AI data protection.,,2024
http://publications.europa.eu/resource/cellar/3c36931a-eda9-11ef-b5e9-01aa75ed71a1,corporate-body/EMEA,resource-type/PUB_GEN,2025-02-17,EU Network Training Centre newsletter : training by the network for the network. February 2025.,,2025
http://publications.europa.eu/resource/cellar/d859e3d4-bc2b-11ef-91ed-01aa75ed71a1,corporate-body/EUROHPC,resource-type/PUB_GEN,2024-12-16,EuroHPC joint undertaking : leading the way in European supercomputing.,,2024
http://publications.europa.eu/resource/cellar/d966c96d-be83-11ef-91ed-01aa75ed71a1,corporate-body/JRC,resource-type/PUB_GEN,2024-12-19,Imaging the future : horizon scanning for emerging technologies and breakthrough innovations in the field of medical imaging and AI.,Commission,2024
http://publications.europa.eu/resource/cellar/d966c96d-be83-11ef-91ed-01aa75ed71a1,corporate-body/JRC,resource-type/STU,2024-12-19,Imaging the future : horizon scanning for emerging technologies and breakthrough innovations in the field of medical imaging and AI.,Commission,2024
http://publications.europa.eu/resource/cellar/1e0d7455-e8fe-11ef-b5e9-01aa75ed71a1,corporate-body/CEDEFOP,resource-type/PUB_GEN,2025-02-11,Skills empower workers in the AI revolution : first findings from Cedefop’s AI skills survey.,,2025
http://publications.europa.eu/resource/cellar/b2762bac-b839-11ef-91ed-01aa75ed71a1,corporate-body/JRC,resource-type/PUB_GEN,2024-12-11,Artificial intelligence applied to disasters and crises management.,Commission,2024
http://publications.europa.eu/resource/cellar/b2762bac-b839-11ef-91ed-01aa75ed71a1,corporate-body/JRC,resource-type/STU,2024-12-11,Artificial intelligence applied to disasters and crises management.,Commission,2024
http://publications.europa.eu/resource/cellar/4e1b48bc-bb60-11ef-91ed-01aa75ed71a1,corporate-body/DIGIT,resource-type/PUB_GEN,2024-12-13,Data innovation toolkit.,Commission,2024
http://publications.europa.eu/resource/cellar/40363d58-bdc8-11ef-91ed-01aa75ed71a1,corporate-body/COR_ECON,resource-type/PUB_GEN,2024-12-18,AI and GenAI adoption by local and regional administrations.,,2024
http://publications.europa.eu/resource/cellar/40363d58-bdc8-11ef-91ed-01aa75ed71a1,corporate-body/COR_ECON,resource-type/STU,2024-12-18,AI and GenAI adoption by local and regional administrations.,,2024
http://publications.europa.eu/resource/cellar/302bd6cc-bdbe-11ef-91ed-01aa75ed71a1,corporate-body/EISMEA,resource-type/PUB_GEN,2024-12-18,Pathfinder portfolio : awareness inside : overview of activities carried out in 2nd year of the portfolio and overview of activities planned for the 3rd year.,Commission,2024
http://publications.europa.eu/resource/cellar/4968d06f-bdb9-11ef-91ed-01aa75ed71a1,corporate-body/OAMI,resource-type/PUB_GEN,2024-12-18,Impact of the metaverse on infringement and enforcement of intellectual property : impact of technology deep dive report II.,,2024
http://publications.europa.eu/resource/cellar/4968d06f-bdb9-11ef-91ed-01aa75ed71a1,corporate-body/OAMI,resource-type/STU,2024-12-18,Impact of the metaverse on infringement and enforcement of intellectual property : impact of technology deep dive report II.,,2024
http://publications.europa.eu/resource/cellar/68b91f8f-cf0a-11ef-be2a-01aa75ed71a1,corporate-body/JRC,resource-type/PUB_GEN,2025-01-08,The impact of human oversight on discrimination in AI-supported decision-making : a large case study on human oversight of AI-based decision support systems in lending and hiring scenarios.,Commission,2025
http://publications.europa.eu/resource/cellar/68b91f8f-cf0a-11ef-be2a-01aa75ed71a1,corporate-body/JRC,resource-type/STU,2025-01-08,The impact of human oversight on discrimination in AI-supported decision-making : a large case study on human oversight of AI-based decision support systems in lending and hiring scenarios.,Commission,2025
http://publications.europa.eu/resource/cellar/1c4da5fb-d2e1-11ef-be2a-01aa75ed71a1,corporate-body/COM,resource-type/STAT,2025-01-15,Statement by the Commission,Commission,2025
http://publications.europa.eu/resource/cellar/62c276ae-cef7-11ef-be2a-01aa75ed71a1,corporate-body/EESC,resource-type/OPIN_EXPLOR,2024-10-23,Opinion of the European Economic and Social Committee a) General-purpose AI: way forward after the AI Act (exploratory opinion requested by the European Commission) b) A secure technology for the future: Artificial Intelligence (exploratory opinion requested by the Hungarian Presidency) – INT/1055,,2024
http://publications.europa.eu/resource/cellar/f50078bc-cef6-11ef-be2a-01aa75ed71a1,corporate-body/EESC,resource-type/OPIN_EXPLOR,2024-10-23,"Opinion of the European Economic and Social Committee – Fostering opportunities and managing risks from new technologies for public services, the organisation of work and more equal and inclusive societies (exploratory opinion requested by the European Commission)",,2024
http://publications.europa.eu/resource/cellar/c90546ec-cf0f-11ef-be2a-01aa75ed71a1,corporate-body/CNECT,resource-type/PUB_GEN,2025-01-09,Common European data space for cultural heritage : annual report 2023/2024.,Commission,2025
http://publications.europa.eu/resource/cellar/fb169bf8-d93d-11ef-be2a-01aa75ed71a1,corporate-body/EMEA,resource-type/PUB_GEN,2025-01-22,EU Network Training Centre newsletter : training by the network for the network. January 2025.,,2025
http://publications.europa.eu/resource/cellar/a77b6425-d32f-11ef-be2a-01aa75ed71a1,corporate-body/COM,resource-type/RECO,2025-01-15,Commission Recommendation (EU) 2025/63 of 15 January 2025 on reviewing outbound investments in technology areas critical for the economic security of the Union,Commission,2025
http://publications.europa.eu/resource/cellar/a77b6425-d32f-11ef-be2a-01aa75ed71a1,corporate-body/TRADE,resource-type/RECO,2025-01-15,Commission Recommendation (EU) 2025/63 of 15 January 2025 on reviewing outbound investments in technology areas critical for the economic security of the Union,Commission,2025
http://publications.europa.eu/resource/cellar/301396d6-24a1-11f0-ac85-01aa75ed71a1,corporate-body/JRC,resource-type/PUB_GEN,2025-04-28,European Centre for Algorithmic Transparency (ECAT). February 2025.,Commission,2025
http://publications.europa.eu/resource/cellar/93b12bd5-24a9-11f0-ac85-01aa75ed71a1,corporate-body/EUI,resource-type/PUB_GEN,2025-04-28,Digital finance in the EU : navigating new technological trends and the AI revolution.,,2025
http://publications.europa.eu/resource/cellar/93b12bd5-24a9-11f0-ac85-01aa75ed71a1,corporate-body/EUI,resource-type/STU,2025-04-28,Digital finance in the EU : navigating new technological trends and the AI revolution.,,2025
http://publications.europa.eu/resource/cellar/5ca1d094-08b0-11f0-b1a3-01aa75ed71a1,corporate-body/EMPL,resource-type/PUB_GEN,2025-03-24,"Future-oriented occupations in the EU : main features, employment conditions, and job strain.",Commission,2025
http://publications.europa.eu/resource/cellar/48875875-d2f3-11ef-be2a-01aa75ed71a1,corporate-body/OSHA,resource-type/PUB_GEN,2025-01-14,"Digital technologies for worker management, implications for safety and health : a comparative study of two automotive companies in Belgium and Italy : report.",,2025
http://publications.europa.eu/resource/cellar/48875875-d2f3-11ef-be2a-01aa75ed71a1,corporate-body/OSHA,resource-type/STU,2025-01-14,"Digital technologies for worker management, implications for safety and health : a comparative study of two automotive companies in Belgium and Italy : report.",,2025
http://publications.europa.eu/resource/cellar/e881cfb8-d2f0-11ef-be2a-01aa75ed71a1,corporate-body/OSHA,resource-type/PUB_GEN,2025-01-14,Worker participation and representation : the impact on risk prevention of AI worker management systems : report.,,2025
http://publications.europa.eu/resource/cellar/e881cfb8-d2f0-11ef-be2a-01aa75ed71a1,corporate-body/OSHA,resource-type/STU,2025-01-14,Worker participation and representation : the impact on risk prevention of AI worker management systems : report.,,2025
http://publications.europa.eu/resource/cellar/c9c60f60-d9f5-11ef-be2a-01aa75ed71a1,corporate-body/COR,resource-type/OWNINI_OPIN,2024-11-21,Opinion of the European Committee of the Regions – Challenges and opportunities of artificial intelligence in the public sector: defining the role of regional and local authorities,,2024
http://publications.europa.eu/resource/cellar/c9c60f60-d9f5-11ef-be2a-01aa75ed71a1,corporate-body/COR_ECON,resource-type/OWNINI_OPIN,2024-11-21,Opinion of the European Committee of the Regions – Challenges and opportunities of artificial intelligence in the public sector: defining the role of regional and local authorities,,2024
http://publications.europa.eu/resource/cellar/cad3153c-d3bf-11ef-be2a-01aa75ed71a1,corporate-body/EUROPOL,resource-type/PUB_GEN,2025-01-15,AI and policing : the benefits and challenges of artificial intelligence for law enforcement.,,2025
http://publications.europa.eu/resource/cellar/ed239fc4-e2b4-11ef-be2a-01aa75ed71a1,corporate-body/RTD,resource-type/PUB_GEN,2025-02-03,European citizens’ knowledge and attitudes towards science and technology : Eurobarometer report.,Commission,2025
http://publications.europa.eu/resource/cellar/94f820a7-71af-11f0-bf4e-01aa75ed71a1,corporate-body/EUI,resource-type/PUB_GEN,2025-08-04,AI governance and the EU’s strategic role in 2025.,,2025
http://publications.europa.eu/resource/cellar/366b7c4d-d87d-11ef-be2a-01aa75ed71a1,corporate-body/HADEA,resource-type/PUB_GEN,2025-01-21,In-space operations and services (ISOS) : an overview of EU-funded R&I projects supporting the development of ISOS capabilities.,Commission,2025
http://publications.europa.eu/resource/cellar/b58aaebc-e461-11ef-be2a-01aa75ed71a1,corporate-body/EP_RESEARCH,resource-type/PUB_GEN,2025-02-05,Ten issues to watch in 2025 : in-depth analysis.,Parliament,2025
http://publications.europa.eu/resource/cellar/b58aaebc-e461-11ef-be2a-01aa75ed71a1,corporate-body/EP_RESEARCH,resource-type/STU,2025-02-05,Ten issues to watch in 2025 : in-depth analysis.,Parliament,2025
http://publications.europa.eu/resource/cellar/8306c9a7-4a4e-11f0-85ba-01aa75ed71a1,corporate-body/EESC,resource-type/OPIN_EXPLOR,2025-03-26,"Opinion of the European Economic and Social Committee – Inclusion of persons with disabilities in the context of the development of new technologies and AI – possibilities, challenges, risks and opportunities (exploratory opinion requested by the Polish Presidency)",,2025
http://publications.europa.eu/resource/cellar/36c6f78c-7273-11f0-bf4e-01aa75ed71a1,corporate-body/JRC,resource-type/PUB_GEN,2025-08-05,Harnessing AI for organisational transformation in science-policy interfaces.,Commission,2025
http://publications.europa.eu/resource/cellar/0d207c1b-da0c-11ef-be2a-01aa75ed71a1,corporate-body/LISA,resource-type/PUB_GEN,2025-01-23,"Artificial Intelligence : EU justice and home affairs in the age of AI : fostering innovations and mitigating risks : eu-LISA Industry Roundtable, 12-13 November 2024, Budapest, Hungary.",,2025
http://publications.europa.eu/resource/cellar/8d142cf0-def8-11ef-be2a-01aa75ed71a1,corporate-body/EDPS,resource-type/PUB_GEN,2025-01-27,TechSonar : 2025 report.,,2025
http://publications.europa.eu/resource/cellar/272d38c5-9a88-11f0-97c8-01aa75ed71a1,corporate-body/HADEA,resource-type/PUB_GEN,2025-09-25,"Studies and meetings on health emergency preparedness and response for HERA : scientific background document : AI for production scale-up, medical countermeasures distribution and decision-making in crisis preparedness and response.",Commission,2025
http://publications.europa.eu/resource/cellar/272d38c5-9a88-11f0-97c8-01aa75ed71a1,http://publications.europa.eu/resource/cellar/999be8ef-fba5-11ec-b94a-01aa75ed71a1,resource-type/PUB_GEN,2025-09-25,"Studies and meetings on health emergency preparedness and response for HERA : scientific background document : AI for production scale-up, medical countermeasures distribution and decision-making in crisis preparedness and response.",,2025
http://publications.europa.eu/resource/cellar/272d38c5-9a88-11f0-97c8-01aa75ed71a1,http://publications.europa.eu/resource/cellar/1bd58ccb-461d-11ee-92e3-01aa75ed71a1,resource-type/PUB_GEN,2025-09-25,"Studies and meetings on health emergency preparedness and response for HERA : scientific background document : AI for production scale-up, medical countermeasures distribution and decision-making in crisis preparedness and response.",,2025
http://publications.europa.eu/resource/cellar/272d38c5-9a88-11f0-97c8-01aa75ed71a1,corporate-body/HADEA,resource-type/STU,2025-09-25,"Studies and meetings on health emergency preparedness and response for HERA : scientific background document : AI for production scale-up, medical countermeasures distribution and decision-making in crisis preparedness and response.",Commission,2025
http://publications.europa.eu/resource/cellar/272d38c5-9a88-11f0-97c8-01aa75ed71a1,http://publications.europa.eu/resource/cellar/999be8ef-fba5-11ec-b94a-01aa75ed71a1,resource-type/STU,2025-09-25,"Studies and meetings on health emergency preparedness and response for HERA : scientific background document : AI for production scale-up, medical countermeasures distribution and decision-making in crisis preparedness and response.",,2025
http://publications.europa.eu/resource/cellar/272d38c5-9a88-11f0-97c8-01aa75ed71a1,http://publications.europa.eu/resource/cellar/1bd58ccb-461d-11ee-92e3-01aa75ed71a1,resource-type/STU,2025-09-25,"Studies and meetings on health emergency preparedness and response for HERA : scientific background document : AI for production scale-up, medical countermeasures distribution and decision-making in crisis preparedness and response.",,2025
http://publications.europa.eu/resource/cellar/5b92a43a-9a85-11f0-97c8-01aa75ed71a1,corporate-body/HADEA,resource-type/PUB_GEN,2025-09-25,Studies and meetings on health emergency preparedness and response for HERA : scientific background document : AI applications in bioinformatics for pathogen detection via metagenomic sequencing.,Commission,2025
http://publications.europa.eu/resource/cellar/5b92a43a-9a85-11f0-97c8-01aa75ed71a1,http://publications.europa.eu/resource/cellar/999be8ef-fba5-11ec-b94a-01aa75ed71a1,resource-type/PUB_GEN,2025-09-25,Studies and meetings on health emergency preparedness and response for HERA : scientific background document : AI applications in bioinformatics for pathogen detection via metagenomic sequencing.,,2025
http://publications.europa.eu/resource/cellar/5b92a43a-9a85-11f0-97c8-01aa75ed71a1,http://publications.europa.eu/resource/cellar/1bd58ccb-461d-11ee-92e3-01aa75ed71a1,resource-type/PUB_GEN,2025-09-25,Studies and meetings on health emergency preparedness and response for HERA : scientific background document : AI applications in bioinformatics for pathogen detection via metagenomic sequencing.,,2025
http://publications.europa.eu/resource/cellar/5b92a43a-9a85-11f0-97c8-01aa75ed71a1,corporate-body/HADEA,resource-type/STU,2025-09-25,Studies and meetings on health emergency preparedness and response for HERA : scientific background document : AI applications in bioinformatics for pathogen detection via metagenomic sequencing.,Commission,2025
http://publications.europa.eu/resource/cellar/5b92a43a-9a85-11f0-97c8-01aa75ed71a1,http://publications.europa.eu/resource/cellar/999be8ef-fba5-11ec-b94a-01aa75ed71a1,resource-type/STU,2025-09-25,Studies and meetings on health emergency preparedness and response for HERA : scientific background document : AI applications in bioinformatics for pathogen detection via metagenomic sequencing.,,2025
http://publications.europa.eu/resource/cellar/5b92a43a-9a85-11f0-97c8-01aa75ed71a1,http://publications.europa.eu/resource/cellar/1bd58ccb-461d-11ee-92e3-01aa75ed71a1,resource-type/STU,2025-09-25,Studies and meetings on health emergency preparedness and response for HERA : scientific background document : AI applications in bioinformatics for pathogen detection via metagenomic sequencing.,,2025
http://publications.europa.eu/resource/cellar/67f71bea-9a89-11f0-97c8-01aa75ed71a1,corporate-body/HADEA,resource-type/PUB_GEN,2025-09-25,Studies and meetings on health emergency preparedness and response for HERA : scientific background document : AI supported MCM development.,Commission,2025
http://publications.europa.eu/resource/cellar/67f71bea-9a89-11f0-97c8-01aa75ed71a1,http://publications.europa.eu/resource/cellar/999be8ef-fba5-11ec-b94a-01aa75ed71a1,resource-type/PUB_GEN,2025-09-25,Studies and meetings on health emergency preparedness and response for HERA : scientific background document : AI supported MCM development.,,2025
http://publications.europa.eu/resource/cellar/67f71bea-9a89-11f0-97c8-01aa75ed71a1,http://publications.europa.eu/resource/cellar/1bd58ccb-461d-11ee-92e3-01aa75ed71a1,resource-type/PUB_GEN,2025-09-25,Studies and meetings on health emergency preparedness and response for HERA : scientific background document : AI supported MCM development.,,2025
http://publications.europa.eu/resource/cellar/67f71bea-9a89-11f0-97c8-01aa75ed71a1,corporate-body/HADEA,resource-type/STU,2025-09-25,Studies and meetings on health emergency preparedness and response for HERA : scientific background document : AI supported MCM development.,Commission,2025
http://publications.europa.eu/resource/cellar/67f71bea-9a89-11f0-97c8-01aa75ed71a1,http://publications.europa.eu/resource/cellar/999be8ef-fba5-11ec-b94a-01aa75ed71a1,resource-type/STU,2025-09-25,Studies and meetings on health emergency preparedness and response for HERA : scientific background document : AI supported MCM development.,,2025
http://publications.europa.eu/resource/cellar/67f71bea-9a89-11f0-97c8-01aa75ed71a1,http://publications.europa.eu/resource/cellar/1bd58ccb-461d-11ee-92e3-01aa75ed71a1,resource-type/STU,2025-09-25,Studies and meetings on health emergency preparedness and response for HERA : scientific background document : AI supported MCM development.,,2025
http://publications.europa.eu/resource/cellar/8cbe3d61-9a89-11f0-97c8-01aa75ed71a1,corporate-body/HADEA,resource-type/PUB_GEN,2025-09-25,Studies and meetings on health emergency preparedness and response for HERA : scientific background document : leveraging AI tools for a strengthened biosecurity framework.,Commission,2025
http://publications.europa.eu/resource/cellar/8cbe3d61-9a89-11f0-97c8-01aa75ed71a1,http://publications.europa.eu/resource/cellar/999be8ef-fba5-11ec-b94a-01aa75ed71a1,resource-type/PUB_GEN,2025-09-25,Studies and meetings on health emergency preparedness and response for HERA : scientific background document : leveraging AI tools for a strengthened biosecurity framework.,,2025
http://publications.europa.eu/resource/cellar/8cbe3d61-9a89-11f0-97c8-01aa75ed71a1,http://publications.europa.eu/resource/cellar/1bd58ccb-461d-11ee-92e3-01aa75ed71a1,resource-type/PUB_GEN,2025-09-25,Studies and meetings on health emergency preparedness and response for HERA : scientific background document : leveraging AI tools for a strengthened biosecurity framework.,,2025
http://publications.europa.eu/resource/cellar/8cbe3d61-9a89-11f0-97c8-01aa75ed71a1,corporate-body/HADEA,resource-type/STU,2025-09-25,Studies and meetings on health emergency preparedness and response for HERA : scientific background document : leveraging AI tools for a strengthened biosecurity framework.,Commission,2025
http://publications.europa.eu/resource/cellar/8cbe3d61-9a89-11f0-97c8-01aa75ed71a1,http://publications.europa.eu/resource/cellar/999be8ef-fba5-11ec-b94a-01aa75ed71a1,resource-type/STU,2025-09-25,Studies and meetings on health emergency preparedness and response for HERA : scientific background document : leveraging AI tools for a strengthened biosecurity framework.,,2025
http://publications.europa.eu/resource/cellar/8cbe3d61-9a89-11f0-97c8-01aa75ed71a1,http://publications.europa.eu/resource/cellar/1bd58ccb-461d-11ee-92e3-01aa75ed71a1,resource-type/STU,2025-09-25,Studies and meetings on health emergency preparedness and response for HERA : scientific background document : leveraging AI tools for a strengthened biosecurity framework.,,2025
http://publications.europa.eu/resource/cellar/a1d7e4cb-98f7-11f0-97c8-01aa75ed71a1,corporate-body/HADEA,resource-type/PUB_GEN,2025-09-23,Studies and meetings on health emergency preparedness and response for HERA : scientific background document : AI supported supply and demand monitoring.,Commission,2025
http://publications.europa.eu/resource/cellar/a1d7e4cb-98f7-11f0-97c8-01aa75ed71a1,http://publications.europa.eu/resource/cellar/999be8ef-fba5-11ec-b94a-01aa75ed71a1,resource-type/PUB_GEN,2025-09-23,Studies and meetings on health emergency preparedness and response for HERA : scientific background document : AI supported supply and demand monitoring.,,2025
http://publications.europa.eu/resource/cellar/a1d7e4cb-98f7-11f0-97c8-01aa75ed71a1,http://publications.europa.eu/resource/cellar/1bd58ccb-461d-11ee-92e3-01aa75ed71a1,resource-type/PUB_GEN,2025-09-23,Studies and meetings on health emergency preparedness and response for HERA : scientific background document : AI supported supply and demand monitoring.,,2025
http://publications.europa.eu/resource/cellar/a1d7e4cb-98f7-11f0-97c8-01aa75ed71a1,corporate-body/HADEA,resource-type/STU,2025-09-23,Studies and meetings on health emergency preparedness and response for HERA : scientific background document : AI supported supply and demand monitoring.,Commission,2025
http://publications.europa.eu/resource/cellar/a1d7e4cb-98f7-11f0-97c8-01aa75ed71a1,http://publications.europa.eu/resource/cellar/999be8ef-fba5-11ec-b94a-01aa75ed71a1,resource-type/STU,2025-09-23,Studies and meetings on health emergency preparedness and response for HERA : scientific background document : AI supported supply and demand monitoring.,,2025
http://publications.europa.eu/resource/cellar/a1d7e4cb-98f7-11f0-97c8-01aa75ed71a1,http://publications.europa.eu/resource/cellar/1bd58ccb-461d-11ee-92e3-01aa75ed71a1,resource-type/STU,2025-09-23,Studies and meetings on health emergency preparedness and response for HERA : scientific background document : AI supported supply and demand monitoring.,,2025
http://publications.europa.eu/resource/cellar/0d3d76da-e244-11ef-be2a-01aa75ed71a1,corporate-body/OSHA,resource-type/PUB_GEN,2025-02-03,"Towards AI-based and algorithmic worker management systems for more productive, safer and healthier workplaces.",,2025
http://publications.europa.eu/resource/cellar/582d12a8-e38c-11ef-be2a-01aa75ed71a1,corporate-body/JRC,resource-type/PUB_GEN,2025-02-04,Interrogating the research and development pipeline of artificial intelligence (AI) in health : diagnosis and prediction-based diagnosis.,Commission,2025
http://publications.europa.eu/resource/cellar/582d12a8-e38c-11ef-be2a-01aa75ed71a1,corporate-body/JRC,resource-type/STU,2025-02-04,Interrogating the research and development pipeline of artificial intelligence (AI) in health : diagnosis and prediction-based diagnosis.,Commission,2025
http://publications.europa.eu/resource/cellar/75399f6b-0f7b-11f0-b1a3-01aa75ed71a1,corporate-body/CORDIS,resource-type/PUB_GEN,2025-04-01,AI-driven solutions for the European Green Deal and data strategy.,,2025
http://publications.europa.eu/resource/cellar/21bc8e76-ef42-11ef-981b-01aa75ed71a1,corporate-body/EUI,resource-type/PUB_GEN,2023-12-19,"Artificial intelligence, gender and work.",,2023
http://publications.europa.eu/resource/cellar/5b12d5d7-e467-11ef-be2a-01aa75ed71a1,corporate-body/ENISA,resource-type/PUB_GEN,2025-02-05,Foresight cybersecurity threats for 2030 : update : executive summary.,,2025
http://publications.europa.eu/resource/cellar/5b12d5d7-e467-11ef-be2a-01aa75ed71a1,corporate-body/ENISA,resource-type/STU,2025-02-05,Foresight cybersecurity threats for 2030 : update : executive summary.,,2025
http://publications.europa.eu/resource/cellar/7f8f81de-405e-11f0-b9f2-01aa75ed71a1,corporate-body/COM,resource-type/PROP_DEC,2025-06-03,"Proposal for a COUNCIL DECISION on the conclusion, on behalf of the European Union, of the Council of Europe Framework Convention on Artificial Intelligence and Human Rights, Democracy and the Rule of Law",Commission,2025
http://publications.europa.eu/resource/cellar/7f8f81de-405e-11f0-b9f2-01aa75ed71a1,corporate-body/CNECT,resource-type/PROP_DEC,2025-06-03,"Proposal for a COUNCIL DECISION on the conclusion, on behalf of the European Union, of the Council of Europe Framework Convention on Artificial Intelligence and Human Rights, Democracy and the Rule of Law",Commission,2025
http://publications.europa.eu/resource/cellar/8707360e-15f6-11f0-b1a3-01aa75ed71a1,corporate-body/COM,resource-type/COMMUNIC,2025-04-09,"COMMUNICATION FROM THE COMMISSION TO THE EUROPEAN PARLIAMENT, THE COUNCIL, THE EUROPEAN ECONOMIC AND SOCIAL COMMITTEE AND THE COMMITTEE OF THE REGIONS AI Continent Action Plan",Commission,2025
http://publications.europa.eu/resource/cellar/8707360e-15f6-11f0-b1a3-01aa75ed71a1,corporate-body/CNECT,resource-type/COMMUNIC,2025-04-09,"COMMUNICATION FROM THE COMMISSION TO THE EUROPEAN PARLIAMENT, THE COUNCIL, THE EUROPEAN ECONOMIC AND SOCIAL COMMITTEE AND THE COMMITTEE OF THE REGIONS AI Continent Action Plan",Commission,2025
http://publications.europa.eu/resource/cellar/7859be7c-f003-11ef-981b-01aa75ed71a1,corporate-body/EISMEA,resource-type/PUB_GEN,2025-02-20,"EIC pathfinder portfolio : DNA-based digital data storage : strategic plan, Brussels, January 2025.",Commission,2025
http://publications.europa.eu/resource/cellar/ebeec7a6-e81b-11ef-b5e9-01aa75ed71a1,corporate-body/EESC,resource-type/OWNINI_OPIN,2024-12-04,Opinion of the European Economic and Social Committee – Industrial changes in the health sector in the face of multiplying crises (own-initiative opinion),,2024
http://publications.europa.eu/resource/cellar/0b4dbcdb-e831-11ef-b5e9-01aa75ed71a1,corporate-body/SANTE,resource-type/PUB_GEN,2025-02-10,Europe’s beating cancer plan : supporting actions to reduce inequalities : EUCanScreen : implementing national cancer screening programmes.,Commission,2025
http://publications.europa.eu/resource/cellar/4559c9e2-a426-11f0-97c8-01aa75ed71a1,corporate-body/COM,resource-type/COMMUNIC,2025-10-08,COMMUNICATION FROM THE COMMISSION TO THE EUROPEAN PARLIAMENT AND THE COUNCIL A European Strategy for Artificial Intelligence in Science Paving the way for the Resource for AI Science in Europe (RAISE),Commission,2025
http://publications.europa.eu/resource/cellar/4559c9e2-a426-11f0-97c8-01aa75ed71a1,corporate-body/RTD,resource-type/COMMUNIC,2025-10-08,COMMUNICATION FROM THE COMMISSION TO THE EUROPEAN PARLIAMENT AND THE COUNCIL A European Strategy for Artificial Intelligence in Science Paving the way for the Resource for AI Science in Europe (RAISE),Commission,2025
http://publications.europa.eu/resource/cellar/397ce080-09f8-11f0-b1a3-01aa75ed71a1,corporate-body/EMEA,resource-type/PUB_GEN,2025-03-25,Seizing opportunities in a changing medicines landscape : the European medicines agencies network strategy 2028.,,2025
http://publications.europa.eu/resource/cellar/4784df9c-ee71-11ef-b5e9-01aa75ed71a1,corporate-body/EMPL,resource-type/PUB_GEN,2025-02-17,European Network of Public Employment Services annual report 2024.,Commission,2025
http://publications.europa.eu/resource/cellar/2f65adf0-4aa4-11f0-85ba-01aa75ed71a1,corporate-body/COM,resource-type/COMMUNIC,2025-06-16,"COMMUNICATION FROM THE COMMISSION TO THE EUROPEAN PARLIAMENT, THE COUNCIL, THE EUROPEAN ECONOMIC AND SOCIAL COMMITTEE AND THE COMMITTEE OF THE REGIONS State of the Digital Decade 2025: Keep building the EU's sovereignty and digital future",Commission,2025
http://publications.europa.eu/resource/cellar/2f65adf0-4aa4-11f0-85ba-01aa75ed71a1,corporate-body/CNECT,resource-type/COMMUNIC,2025-06-16,"COMMUNICATION FROM THE COMMISSION TO THE EUROPEAN PARLIAMENT, THE COUNCIL, THE EUROPEAN ECONOMIC AND SOCIAL COMMITTEE AND THE COMMITTEE OF THE REGIONS State of the Digital Decade 2025: Keep building the EU's sovereignty and digital future",Commission,2025
http://publications.europa.eu/resource/cellar/3e89b793-4aa4-11f0-85ba-01aa75ed71a1,corporate-body/COM,resource-type/SWD,2025-06-16,"COMMISSION STAFF WORKING DOCUMENT Digital Decade 2025 country reports Accompanying the document Communication from the Commission to the European Parliament, the Council and the European Economic and Social Committee and the Committee of the Regions State of the Digital Decade 2025: Keep building the EU's sovereignty and digital future",Commission,2025
http://publications.europa.eu/resource/cellar/3e89b793-4aa4-11f0-85ba-01aa75ed71a1,corporate-body/CNECT,resource-type/SWD,2025-06-16,"COMMISSION STAFF WORKING DOCUMENT Digital Decade 2025 country reports Accompanying the document Communication from the Commission to the European Parliament, the Council and the European Economic and Social Committee and the Committee of the Regions State of the Digital Decade 2025: Keep building the EU's sovereignty and digital future",Commission,2025
http://publications.europa.eu/resource/cellar/45bde52b-f8b0-11ef-b7db-01aa75ed71a1,corporate-body/CONSIL_SG,resource-type/PUB_GEN,2025-03-03,From screens to fields : digitally enhanced agriculture.,,2025
http://publications.europa.eu/resource/cellar/122922c3-fd63-11ef-b7db-01aa75ed71a1,corporate-body/EUROHPC,resource-type/PUB_GEN,2025-03-06,EuroHyPerCon : connectivity requirements and network design for HPC systems in Europe : summary report.,,2025
http://publications.europa.eu/resource/cellar/122922c3-fd63-11ef-b7db-01aa75ed71a1,corporate-body/EUROHPC,resource-type/STU,2025-03-06,EuroHyPerCon : connectivity requirements and network design for HPC systems in Europe : summary report.,,2025
http://publications.europa.eu/resource/cellar/67533a2d-fd60-11ef-b7db-01aa75ed71a1,corporate-body/RTD,resource-type/PUB_GEN,2025-03-10,Opinion paper on EOSC as a common good by the EOSC Steering Board expert group (E03756).,Commission,2025
http://publications.europa.eu/resource/cellar/6e92feae-fd51-11ef-b7db-01aa75ed71a1,corporate-body/COM,resource-type/REG_IMPL,2025-03-07,Commission Implementing Regulation (EU) 2025/454 of 7 March 2025 laying down the rules for the application of Regulation (EU) 2024/1689 of the European Parliament and of the Council as regards the establishment of a scientific panel of independent experts in the field of artificial intelligence,Commission,2025
http://publications.europa.eu/resource/cellar/6e92feae-fd51-11ef-b7db-01aa75ed71a1,corporate-body/CNECT,resource-type/REG_IMPL,2025-03-07,Commission Implementing Regulation (EU) 2025/454 of 7 March 2025 laying down the rules for the application of Regulation (EU) 2024/1689 of the European Parliament and of the Council as regards the establishment of a scientific panel of independent experts in the field of artificial intelligence,Commission,2025
http://publications.europa.eu/resource/cellar/106e70eb-f983-11ef-b7db-01aa75ed71a1,corporate-body/EMPL,resource-type/PUB_GEN,2025-03-03,Artificial intelligence and the future of work : Eurobarometer data annex.,Commission,2025
http://publications.europa.eu/resource/cellar/106e70eb-f983-11ef-b7db-01aa75ed71a1,corporate-body/EMPL,resource-type/STU_ANNEX,2025-03-03,Artificial intelligence and the future of work : Eurobarometer data annex.,Commission,2025
http://publications.europa.eu/resource/cellar/47054003-fa3d-11ef-b7db-01aa75ed71a1,corporate-body/EMPL,resource-type/PUB_GEN,2025-03-05,Artificial intelligence and the future of work.,Commission,2025
http://publications.europa.eu/resource/cellar/e237d909-f977-11ef-b7db-01aa75ed71a1,corporate-body/EMPL,resource-type/PUB_GEN,2025-03-03,Artificial intelligence and the future of work : Eurobarometer report summary.,Commission,2025
http://publications.europa.eu/resource/cellar/e237d909-f977-11ef-b7db-01aa75ed71a1,corporate-body/EMPL,resource-type/SUM_EXE,2025-03-03,Artificial intelligence and the future of work : Eurobarometer report summary.,Commission,2025
http://publications.europa.eu/resource/cellar/eb8e704a-f982-11ef-b7db-01aa75ed71a1,corporate-body/EMPL,resource-type/PUB_GEN,2025-03-03,Artificial intelligence and the future of work : Eurobarometer report.,Commission,2025
http://publications.europa.eu/resource/cellar/eb8e704a-f982-11ef-b7db-01aa75ed71a1,corporate-body/EMPL,resource-type/STU,2025-03-03,Artificial intelligence and the future of work : Eurobarometer report.,Commission,2025
http://publications.europa.eu/resource/cellar/0f91b3d8-466a-11f0-b9f2-01aa75ed71a1,corporate-body/AGRI,resource-type/PUB_GEN,2025-06-10,"Agrinnovation : digital tools and technologies for future-proof EU farming, forestry and rural areas. 11/2025.",Commission,2025
http://publications.europa.eu/resource/cellar/c53cad56-03b4-11f0-9503-01aa75ed71a1,corporate-body/EISMEA,resource-type/PUB_GEN,2025-03-17,Data secure AI : case study.,Commission,2025
http://publications.europa.eu/resource/cellar/731d9415-092a-11f0-b1a3-01aa75ed71a1,corporate-body/EUROPOL,resource-type/PUB_GEN,2025-03-24,The changing DNA of serious and organised crime : 2025.,,2025
http://publications.europa.eu/resource/cellar/78dc54b5-0eaa-11f0-b1a3-01aa75ed71a1,corporate-body/CORDIS,resource-type/PUB_GEN,2025-03-31,CORDIS results pack on advancing FAIR and open environmental data : AI-driven solutions for the European Green Deal and data strategy.,,2025
http://publications.europa.eu/resource/cellar/78dc54b5-0eaa-11f0-b1a3-01aa75ed71a1,corporate-body/REA,resource-type/PUB_GEN,2025-03-31,CORDIS results pack on advancing FAIR and open environmental data : AI-driven solutions for the European Green Deal and data strategy.,Commission,2025
http://publications.europa.eu/resource/cellar/cc2858f4-0f72-11f0-b1a3-01aa75ed71a1,corporate-body/CORDIS,resource-type/PUB_GEN,2025-03-31,CORDIS results pack on advancing FAIR and open environmental data.,,2025
http://publications.europa.eu/resource/cellar/cc2858f4-0f72-11f0-b1a3-01aa75ed71a1,corporate-body/REA,resource-type/PUB_GEN,2025-03-31,CORDIS results pack on advancing FAIR and open environmental data.,Commission,2025
http://publications.europa.eu/resource/cellar/f51e18b8-ab0d-11f0-89c6-01aa75ed71a1,http://publications.europa.eu/resource/cellar/46dd84e7-b848-4ac2-99d3-dfaa9c1daab8,resource-type/PUB_GEN,2025-10-16,The use of generative artificial intelligence in research.,,2025
http://publications.europa.eu/resource/cellar/f51e18b8-ab0d-11f0-89c6-01aa75ed71a1,http://publications.europa.eu/resource/cellar/c51154e4-5627-491a-bdfb-630edd0d2f98,resource-type/PUB_GEN,2025-10-16,The use of generative artificial intelligence in research.,,2025
http://publications.europa.eu/resource/cellar/f51e18b8-ab0d-11f0-89c6-01aa75ed71a1,corporate-body/RTD,resource-type/PUB_GEN,2025-10-16,The use of generative artificial intelligence in research.,Commission,2025
http://publications.europa.eu/resource/cellar/f51e18b8-ab0d-11f0-89c6-01aa75ed71a1,http://publications.europa.eu/resource/cellar/838132cb-ccc8-4815-af7d-d6d1b2604e41,resource-type/PUB_GEN,2025-10-16,The use of generative artificial intelligence in research.,,2025
http://publications.europa.eu/resource/cellar/f51e18b8-ab0d-11f0-89c6-01aa75ed71a1,http://publications.europa.eu/resource/cellar/d16d7f8b-5239-44ad-935e-f11c0102e8a2,resource-type/PUB_GEN,2025-10-16,The use of generative artificial intelligence in research.,,2025
http://publications.europa.eu/resource/cellar/f51e18b8-ab0d-11f0-89c6-01aa75ed71a1,http://publications.europa.eu/resource/cellar/f285f42c-8da0-4605-afac-e13952839787,resource-type/PUB_GEN,2025-10-16,The use of generative artificial intelligence in research.,,2025
http://publications.europa.eu/resource/cellar/f51e18b8-ab0d-11f0-89c6-01aa75ed71a1,http://publications.europa.eu/resource/cellar/f28f5787-ab0d-11f0-89c6-01aa75ed71a1,resource-type/PUB_GEN,2025-10-16,The use of generative artificial intelligence in research.,,2025
http://publications.europa.eu/resource/cellar/f51e18b8-ab0d-11f0-89c6-01aa75ed71a1,http://publications.europa.eu/resource/cellar/46dd84e7-b848-4ac2-99d3-dfaa9c1daab8,resource-type/STU,2025-10-16,The use of generative artificial intelligence in research.,,2025
http://publications.europa.eu/resource/cellar/f51e18b8-ab0d-11f0-89c6-01aa75ed71a1,http://publications.europa.eu/resource/cellar/c51154e4-5627-491a-bdfb-630edd0d2f98,resource-type/STU,2025-10-16,The use of generative artificial intelligence in research.,,2025
http://publications.europa.eu/resource/cellar/f51e18b8-ab0d-11f0-89c6-01aa75ed71a1,corporate-body/RTD,resource-type/STU,2025-10-16,The use of generative artificial intelligence in research.,Commission,2025
http://publications.europa.eu/resource/cellar/f51e18b8-ab0d-11f0-89c6-01aa75ed71a1,http://publications.europa.eu/resource/cellar/838132cb-ccc8-4815-af7d-d6d1b2604e41,resource-type/STU,2025-10-16,The use of generative artificial intelligence in research.,,2025
http://publications.europa.eu/resource/cellar/f51e18b8-ab0d-11f0-89c6-01aa75ed71a1,http://publications.europa.eu/resource/cellar/d16d7f8b-5239-44ad-935e-f11c0102e8a2,resource-type/STU,2025-10-16,The use of generative artificial intelligence in research.,,2025
http://publications.europa.eu/resource/cellar/f51e18b8-ab0d-11f0-89c6-01aa75ed71a1,http://publications.europa.eu/resource/cellar/f285f42c-8da0-4605-afac-e13952839787,resource-type/STU,2025-10-16,The use of generative artificial intelligence in research.,,2025
http://publications.europa.eu/resource/cellar/f51e18b8-ab0d-11f0-89c6-01aa75ed71a1,http://publications.europa.eu/resource/cellar/f28f5787-ab0d-11f0-89c6-01aa75ed71a1,resource-type/STU,2025-10-16,The use of generative artificial intelligence in research.,,2025
http://publications.europa.eu/resource/cellar/498ec314-4aa4-11f0-85ba-01aa75ed71a1,corporate-body/COM,resource-type/SWD,2025-06-16,"COMMISSION STAFF WORKING DOCUMENT Digital Decade in 2025: progress and outlook Accompanying the document Communication from the Commission to the European Parliament, the Council and the European Economic and Social Committee and the Committee of the Regions State of the Digital Decade 2025: Keep building the EU's sovereignty and digital future",Commission,2025
http://publications.europa.eu/resource/cellar/498ec314-4aa4-11f0-85ba-01aa75ed71a1,corporate-body/CNECT,resource-type/SWD,2025-06-16,"COMMISSION STAFF WORKING DOCUMENT Digital Decade in 2025: progress and outlook Accompanying the document Communication from the Commission to the European Parliament, the Council and the European Economic and Social Committee and the Committee of the Regions State of the Digital Decade 2025: Keep building the EU's sovereignty and digital future",Commission,2025
http://publications.europa.eu/resource/cellar/187429fa-2a33-11f0-8a44-01aa75ed71a1,corporate-body/CNECT,resource-type/PUB_GEN,2025-05-05,AI Continent Action Plan.,Commission,2025
http://publications.europa.eu/resource/cellar/47d503d3-0ac6-11f0-b1a3-01aa75ed71a1,corporate-body/EMEA,resource-type/PUB_GEN,2025-03-24,EU Network Training Centre newsletter : training by the network for the network. March 2025.,,2025
http://publications.europa.eu/resource/cellar/00c53883-0fa9-11f0-b1a3-01aa75ed71a1,corporate-body/RTD,resource-type/PUB_GEN,2025-04-02,Scientific Advice Mechanism : outputs and impacts 2019-2024.,Commission,2025
http://publications.europa.eu/resource/cellar/0c02848e-263c-11f0-8a44-01aa75ed71a1,corporate-body/EMEA,resource-type/PUB_GEN,2025-04-30,EU Network Training Centre newsletter : training by the network for the network. September 2024.,,2025
http://publications.europa.eu/resource/cellar/1a24158a-2640-11f0-8a44-01aa75ed71a1,corporate-body/RTD,resource-type/PUB_GEN,2025-04-30,Framework conditions and funding for AI in science : mutual learning exercise on national policies for AI in science : first thematic report.,Commission,2025
http://publications.europa.eu/resource/cellar/41148368-2af6-11f0-8a44-01aa75ed71a1,corporate-body/EUROHPC,resource-type/PUB_GEN,2025-05-05,EuroHPC AI factories : equipping Europe with world class and trustworthy AI capabilities.,,2025
http://publications.europa.eu/resource/cellar/7e418c84-2bc2-11f0-8a44-01aa75ed71a1,corporate-body/CNECT,resource-type/PUB_GEN,2025-05-07,A brief guide about the European AI innovation ecosystem : from the perspective of European Digital Innovation Hubs.,Commission,2025
http://publications.europa.eu/resource/cellar/0988f1b7-0544-11f0-b1a3-01aa75ed71a1,corporate-body/EESC,resource-type/PUB_GEN,2025-03-19,"Generative AI and foundation models in the EU : uptake, opportunities, challenges, and a way forward.",,2025
http://publications.europa.eu/resource/cellar/0988f1b7-0544-11f0-b1a3-01aa75ed71a1,corporate-body/EESC,resource-type/STU,2025-03-19,"Generative AI and foundation models in the EU : uptake, opportunities, challenges, and a way forward.",,2025
http://publications.europa.eu/resource/cellar/010406ad-2195-11f0-af23-01aa75ed71a1,corporate-body/OSHA,resource-type/PUB_GEN,2025-04-24,Smart digital systems for improving worker safety and health : overview of research and practices : comparative report of case studies.,,2025
http://publications.europa.eu/resource/cellar/010406ad-2195-11f0-af23-01aa75ed71a1,corporate-body/OSHA,resource-type/STU,2025-04-24,Smart digital systems for improving worker safety and health : overview of research and practices : comparative report of case studies.,,2025
http://publications.europa.eu/resource/cellar/03e5f15c-05f6-11f0-b1a3-01aa75ed71a1,corporate-body/EESC,resource-type/OWNINI_OPIN,2025-01-22,Opinion of the European Economic and Social Committee – Pro-worker AI: levers for harnessing the potential and mitigating the risks of AI in connection with employment and labour market policies (own-initiative opinion),,2025
http://publications.europa.eu/resource/cellar/5b1eb978-62b8-11f0-bf4e-01aa75ed71a1,corporate-body/EP_DGIUST,resource-type/PUB_GEN,2025-07-16,Workshop on generative AI & copyright.,Parliament,2025
http://publications.europa.eu/resource/cellar/7947686c-62b9-11f0-bf4e-01aa75ed71a1,http://publications.europa.eu/resource/cellar/c7ee51f0-f9ff-4492-9529-74ddf2728ad8,resource-type/PUB_GEN,2025-07-15,Study on the deployment of AI in healthcare : executive summaries English – Français - Deutsch.,,2025
http://publications.europa.eu/resource/cellar/7947686c-62b9-11f0-bf4e-01aa75ed71a1,corporate-body/SANTE,resource-type/PUB_GEN,2025-07-15,Study on the deployment of AI in healthcare : executive summaries English – Français - Deutsch.,Commission,2025
http://publications.europa.eu/resource/cellar/7947686c-62b9-11f0-bf4e-01aa75ed71a1,http://publications.europa.eu/resource/cellar/1d7c937e-eb81-11e5-8a81-01aa75ed71a1,resource-type/PUB_GEN,2025-07-15,Study on the deployment of AI in healthcare : executive summaries English – Français - Deutsch.,,2025
http://publications.europa.eu/resource/cellar/7947686c-62b9-11f0-bf4e-01aa75ed71a1,http://publications.europa.eu/resource/cellar/7848960b-62b9-11f0-bf4e-01aa75ed71a1,resource-type/PUB_GEN,2025-07-15,Study on the deployment of AI in healthcare : executive summaries English – Français - Deutsch.,,2025
http://publications.europa.eu/resource/cellar/7947686c-62b9-11f0-bf4e-01aa75ed71a1,http://publications.europa.eu/resource/cellar/c7ee51f0-f9ff-4492-9529-74ddf2728ad8,resource-type/SUM_EXE,2025-07-15,Study on the deployment of AI in healthcare : executive summaries English – Français - Deutsch.,,2025
http://publications.europa.eu/resource/cellar/7947686c-62b9-11f0-bf4e-01aa75ed71a1,corporate-body/SANTE,resource-type/SUM_EXE,2025-07-15,Study on the deployment of AI in healthcare : executive summaries English – Français - Deutsch.,Commission,2025
http://publications.europa.eu/resource/cellar/7947686c-62b9-11f0-bf4e-01aa75ed71a1,http://publications.europa.eu/resource/cellar/1d7c937e-eb81-11e5-8a81-01aa75ed71a1,resource-type/SUM_EXE,2025-07-15,Study on the deployment of AI in healthcare : executive summaries English – Français - Deutsch.,,2025
http://publications.europa.eu/resource/cellar/7947686c-62b9-11f0-bf4e-01aa75ed71a1,http://publications.europa.eu/resource/cellar/7848960b-62b9-11f0-bf4e-01aa75ed71a1,resource-type/SUM_EXE,2025-07-15,Study on the deployment of AI in healthcare : executive summaries English – Français - Deutsch.,,2025
http://publications.europa.eu/resource/cellar/e346392e-41ed-11f0-b9f2-01aa75ed71a1,corporate-body/COM,resource-type/JOINT_COMMUNIC,2025-06-05,JOINT COMMUNICATION TO THE EUROPEAN PARLIAMENT AND THE COUNCIL An International Digital Strategy for the European Union,Commission,2025
http://publications.europa.eu/resource/cellar/e346392e-41ed-11f0-b9f2-01aa75ed71a1,corporate-body/CNECT,resource-type/JOINT_COMMUNIC,2025-06-05,JOINT COMMUNICATION TO THE EUROPEAN PARLIAMENT AND THE COUNCIL An International Digital Strategy for the European Union,Commission,2025
http://publications.europa.eu/resource/cellar/299f0eeb-4a59-11f0-85ba-01aa75ed71a1,corporate-body/RTD,resource-type/PUB_GEN,2025-06-13,MLE on national policies for AI in science.,Commission,2025
http://publications.europa.eu/resource/cellar/9f7e0b86-477c-11f0-85ba-01aa75ed71a1,corporate-body/JRC,resource-type/PUB_GEN,2025-06-10,"Generative AI outlook report : exploring the intersection of technology, society, and policy.",Commission,2025
http://publications.europa.eu/resource/cellar/dcc47346-0de1-11f0-b1a3-01aa75ed71a1,corporate-body/EMPL,resource-type/PUB_GEN,2025-03-28,"Study exploring the context, challenges, opportunities, and trends in algorithmic management in the workplace : annexes to the final report.",Commission,2025
http://publications.europa.eu/resource/cellar/dcc47346-0de1-11f0-b1a3-01aa75ed71a1,corporate-body/EMPL,resource-type/STU_ANNEX,2025-03-28,"Study exploring the context, challenges, opportunities, and trends in algorithmic management in the workplace : annexes to the final report.",Commission,2025
http://publications.europa.eu/resource/cellar/9eab0479-0f7a-11f0-b1a3-01aa75ed71a1,corporate-body/CORDIS,resource-type/PUB_GEN,2025-04-02,"CORDIS results pack on Horizon in Bulgaria : supporting pioneering research, from drone airlines to cancer care.",,2025
http://publications.europa.eu/resource/cellar/32fa9035-167d-11f0-b1a3-01aa75ed71a1,corporate-body/JRC,resource-type/PUB_GEN,2025-04-11,European Digital Innovation Hubs Network's activities and customers : state of play report 2024.,Commission,2025
http://publications.europa.eu/resource/cellar/32fa9035-167d-11f0-b1a3-01aa75ed71a1,corporate-body/JRC,resource-type/STU,2025-04-11,European Digital Innovation Hubs Network's activities and customers : state of play report 2024.,Commission,2025
http://publications.europa.eu/resource/cellar/718335ef-167e-11f0-b1a3-01aa75ed71a1,corporate-body/EISMEA,resource-type/PUB_GEN,2025-04-10,Disruptive innovation : investing in healthcare transformation : Healthcare Business International Conference 2025.,Commission,2025
http://publications.europa.eu/resource/cellar/7787b257-167d-11f0-b1a3-01aa75ed71a1,corporate-body/DIGIT,resource-type/PUB_GEN,2025-04-10,Analysis of the generative AI landscape in the European public sector.,Commission,2025
http://publications.europa.eu/resource/cellar/bbcbb3ac-1feb-11f0-b1a3-01aa75ed71a1,corporate-body/CEDEFOP,resource-type/PUB_GEN,2025-04-22,Meeting skill needs for the green transition : skills anticipation and VET for a greener future.,,2025
http://publications.europa.eu/resource/cellar/f3df3cc3-1ff4-11f0-b1a3-01aa75ed71a1,corporate-body/EISMEA,resource-type/PUB_GEN,2025-04-22,Scaling Deep Tech in Europe : European Innovation Council : impact report 2025.,Commission,2025
http://publications.europa.eu/resource/cellar/2c656862-2eca-11f0-8a44-01aa75ed71a1,corporate-body/GCEU,resource-type/INFO_JUDICIAL,2025-03-26,Case T-314/24: Judgment of the General Court of 26 March 2025 – Seon Technologies v EUIPO (FRAUD FIGHTERS) (EU trade mark – International word registration designating the European Union FRAUD FIGHTERS – Absolute ground for refusal – Descriptive character – Article 7(1)(c) of Regulation (EU) 2017/1001 – Equal treatment – Principle of sound administration – Duty to state reasons – Article 94(1) of Regulation 2017/1001),,2025
http://publications.europa.eu/resource/cellar/7d0f06fc-aa44-11f0-89c6-01aa75ed71a1,corporate-body/EUI,resource-type/PUB_GEN,2025-10-15,General-purpose GenAI chatbots : preserving the public interest.,,2025
http://publications.europa.eu/resource/cellar/7d0f06fc-aa44-11f0-89c6-01aa75ed71a1,http://publications.europa.eu/resource/cellar/217666e3-f4f2-11e7-be11-01aa75ed71a1,resource-type/PUB_GEN,2025-10-15,General-purpose GenAI chatbots : preserving the public interest.,,2025
http://publications.europa.eu/resource/cellar/3fa6c598-9db9-11f0-97c8-01aa75ed71a1,corporate-body/ESMA,resource-type/PUB_GEN,2025-09-29,"AI in EU investment funds : adoption, strategies, portfolio exposures.",,2025
http://publications.europa.eu/resource/cellar/4ee8799e-142c-11f0-b1a3-01aa75ed71a1,corporate-body/RTD,resource-type/PUB_GEN,2025-04-07,Artificial intelligence in science : promises or perils for creativity?,Commission,2025
http://publications.europa.eu/resource/cellar/4ee8799e-142c-11f0-b1a3-01aa75ed71a1,corporate-body/RTD,resource-type/STU,2025-04-07,Artificial intelligence in science : promises or perils for creativity?,Commission,2025
http://publications.europa.eu/resource/cellar/65d4430e-2bc0-11f0-8a44-01aa75ed71a1,corporate-body/CORDIS,resource-type/PUB_GEN,2025-05-07,Drone airlines to laser modelling : how Horizon supports research and innovation in Bulgaria.,,2025
http://publications.europa.eu/resource/cellar/e83efe54-36b8-11f0-8a44-01aa75ed71a1,corporate-body/ECFIN,resource-type/PUB_GEN,2025-05-21,Economic impacts of the recovery and resilience facility : new insights at sectoral level and the case of Germany.,Commission,2025
http://publications.europa.eu/resource/cellar/5fbff147-2fa1-11f0-8a44-01aa75ed71a1,corporate-body/CNECT,resource-type/PUB_GEN,2025-05-12,Analysis of EU AI Office : stakeholder consultations : defining AI systems and prohibited applications : final study report.,Commission,2025
http://publications.europa.eu/resource/cellar/5fbff147-2fa1-11f0-8a44-01aa75ed71a1,corporate-body/CNECT,resource-type/STU,2025-05-12,Analysis of EU AI Office : stakeholder consultations : defining AI systems and prohibited applications : final study report.,Commission,2025
http://publications.europa.eu/resource/cellar/35a495f0-313d-11f0-8a44-01aa75ed71a1,corporate-body/EMPL,resource-type/PUB_GEN,2025-05-13,Digital skills in Europe : a methodological and empirical assessment.,Commission,2025
http://publications.europa.eu/resource/cellar/5c1a55cb-3136-11f0-8a44-01aa75ed71a1,corporate-body/EMPL,resource-type/PUB_GEN,2025-05-13,Early intervention and job-to-job transitions : the evolving role of PES : thematic paper.,Commission,2025
http://publications.europa.eu/resource/cellar/894ed9ed-1b5d-11f0-b1a3-01aa75ed71a1,corporate-body/RTD,resource-type/PUB_GEN,2025-04-15,Talent for AI in science : mutual learning exercise on national policies on AI in science : third thematic report.,Commission,2025
http://publications.europa.eu/resource/cellar/c4ead02c-5aec-11f0-a9d0-01aa75ed71a1,corporate-body/EUROJUST,resource-type/PUB_GEN,2025-07-03,"Cybercrime judicial monitor. Issue 10, July 2025.",,2025
http://publications.europa.eu/resource/cellar/08c26c54-5bab-11f0-a9d0-01aa75ed71a1,corporate-body/EMEA,resource-type/PUB_GEN,2025-07-07,EU Network Training Centre newsletter : training by the network for the network. May 2025,,2025
http://publications.europa.eu/resource/cellar/2abcc0ca-5ba5-11f0-a9d0-01aa75ed71a1,corporate-body/RTD,resource-type/PUB_GEN,2025-07-07,National policies for AI in science.,Commission,2025
http://publications.europa.eu/resource/cellar/e3485d36-5ba4-11f0-a9d0-01aa75ed71a1,corporate-body/EMEA,resource-type/PUB_GEN,2025-07-07,EU Network Training Centre newsletter : training by the network for the network. June 2025.,,2025
http://publications.europa.eu/resource/cellar/b23725e5-6064-11f0-a9d0-01aa75ed71a1,corporate-body/EMPL,resource-type/PUB_GEN,2025-07-14,Study on the challenges and impacts to a social and inclusive Europe in the next decade.,Commission,2025
http://publications.europa.eu/resource/cellar/b23725e5-6064-11f0-a9d0-01aa75ed71a1,http://publications.europa.eu/resource/cellar/58a3c8cd-7d3e-4e8c-96be-663673a59460,resource-type/PUB_GEN,2025-07-14,Study on the challenges and impacts to a social and inclusive Europe in the next decade.,,2025
http://publications.europa.eu/resource/cellar/b23725e5-6064-11f0-a9d0-01aa75ed71a1,corporate-body/EMPL,resource-type/STU,2025-07-14,Study on the challenges and impacts to a social and inclusive Europe in the next decade.,Commission,2025
http://publications.europa.eu/resource/cellar/b23725e5-6064-11f0-a9d0-01aa75ed71a1,http://publications.europa.eu/resource/cellar/58a3c8cd-7d3e-4e8c-96be-663673a59460,resource-type/STU,2025-07-14,Study on the challenges and impacts to a social and inclusive Europe in the next decade.,,2025
http://publications.europa.eu/resource/cellar/29dba091-6c2e-11f0-bf4e-01aa75ed71a1,corporate-body/CORDIS,resource-type/PUB_GEN,2025-07-28,Smart airports and innovations in multimodality : a projects info pack by CORDIS.,,2025
http://publications.europa.eu/resource/cellar/29dba091-6c2e-11f0-bf4e-01aa75ed71a1,corporate-body/SESAR,resource-type/PUB_GEN,2025-07-28,Smart airports and innovations in multimodality : a projects info pack by CORDIS.,,2025
http://publications.europa.eu/resource/cellar/4227d9e3-35eb-11f0-8a44-01aa75ed71a1,corporate-body/EDA,resource-type/PUB_GEN,2025-05-19,The EDA action plan on autonomous systems : preparing the autonomous systems of the future.,,2025
http://publications.europa.eu/resource/cellar/f1741618-35f2-11f0-8a44-01aa75ed71a1,corporate-body/OSHA,resource-type/PUB_GEN,2025-05-19,Smart digital systems : implementation guide for improving workers’ safety and health.,,2025
http://publications.europa.eu/resource/cellar/f19cd3f8-3c37-11f0-8a44-01aa75ed71a1,corporate-body/EESC,resource-type/PUB_GEN,2025-05-28,A business-centric approach to cutting red tape : from complexity to clarity : reducing EU regulatory burdens with AI.,,2025
http://publications.europa.eu/resource/cellar/f19cd3f8-3c37-11f0-8a44-01aa75ed71a1,corporate-body/EESC,resource-type/STU,2025-05-28,A business-centric approach to cutting red tape : from complexity to clarity : reducing EU regulatory burdens with AI.,,2025
http://publications.europa.eu/resource/cellar/ef0e78ed-617b-11f0-bf4e-01aa75ed71a1,corporate-body/COM,resource-type/PROP_REG,2025-07-15,Proposal for a COUNCIL REGULATION on amending Council Regulation (EU) 2021/1173 of 13 July 2021 on establishing the European High Performance Computing Joint Undertaking and repealing Regulation (EU) 2018/1488,Commission,2025
http://publications.europa.eu/resource/cellar/ef0e78ed-617b-11f0-bf4e-01aa75ed71a1,corporate-body/CNECT,resource-type/PROP_REG,2025-07-15,Proposal for a COUNCIL REGULATION on amending Council Regulation (EU) 2021/1173 of 13 July 2021 on establishing the European High Performance Computing Joint Undertaking and repealing Regulation (EU) 2018/1488,Commission,2025
http://publications.europa.eu/resource/cellar/58767f54-4290-11f0-b9f2-01aa75ed71a1,corporate-body/JRC,resource-type/PUB_GEN,2025-06-04,European Centre for Algorithmic Transparency (ECAT). May 2025.,Commission,2025
http://publications.europa.eu/resource/cellar/0020c74c-7402-11f0-9af8-01aa75ed71a1,corporate-body/EACEA,resource-type/PUB_GEN,2025-08-07,Explainable AI in education : fostering human oversight and shared responsibility : by the European Digital Education Hub’s Squad on artificial intelligence in education.,Commission,2025
http://publications.europa.eu/resource/cellar/441f168b-3463-11f0-8a44-01aa75ed71a1,corporate-body/JRC,resource-type/PUB_GEN,2025-05-19,Joint Research Centre work programme 2025-2027.,Commission,2025
http://publications.europa.eu/resource/cellar/b957fbb5-f27d-11f0-8d3c-01aa75ed71a1,corporate-body/EESC,resource-type/OPIN,2025-09-18,Opinion of the European Economic and Social Committee – Proposal for a Council Regulation on amending Council Regulation (EU) 2021/1173 of 13 July 2021 on establishing the European High Performance Computing Joint Undertaking and repealing Regulation (EU) 2018/1488 (COM(2025) 414 final – 2025/0229/NLE),,2025
http://publications.europa.eu/resource/cellar/adbc0894-9f40-11f0-97c8-01aa75ed71a1,corporate-body/EDPS,resource-type/PUB_GEN,2025-10-01,Annual report : executive summary 2024.,,2025
http://publications.europa.eu/resource/cellar/d79f3e5d-41bc-11f0-b9f2-01aa75ed71a1,corporate-body/EDPS,resource-type/PUB_GEN,2025-06-04,"AI Act Regulation (EU) 2024/1689 : Regulation (EU) 2024/1689 of the European Parliament and of the Council of 13 June 2024 laying down harmonised rules on artificial intelligence and amending Regulations (EC) No 300/2008, (EU) No 167/2013, (EU) No 168/2013, (EU) 2018/858, (EU) 2018/1139 and (EU) 2019/2144 and Directives 2014/90/EU, (EU) 2016/797 and (EU) 2020/1828 (Artificial Intelligence Act) (Text with EEA relevance).",,2025
http://publications.europa.eu/resource/cellar/ae52d562-44ec-11f0-b9f2-01aa75ed71a1,corporate-body/RTD,resource-type/PUB_GEN,2025-06-06,Divided we fall behind : why a fragmented EU cannot compete in complex technologies.,Commission,2025
http://publications.europa.eu/resource/cellar/d0425465-44e6-11f0-b9f2-01aa75ed71a1,corporate-body/RTD,resource-type/PUB_GEN,2025-06-06,Mutual learning exercise on national policies for artificial intelligence in science : final report.,Commission,2025
http://publications.europa.eu/resource/cellar/d0425465-44e6-11f0-b9f2-01aa75ed71a1,corporate-body/RTD,resource-type/STU,2025-06-06,Mutual learning exercise on national policies for artificial intelligence in science : final report.,Commission,2025
http://publications.europa.eu/resource/cellar/255743cf-5625-11f0-a9d0-01aa75ed71a1,corporate-body/ECB,resource-type/PUB_GEN,2025-06-30,Enhancing GDP nowcasts with ChatGPT : a novel application of PMI news releases.,,2025
http://publications.europa.eu/resource/cellar/4c7129f2-5d40-11f0-a9d0-01aa75ed71a1,corporate-body/OAMI,resource-type/PUB_GEN,2025-07-08,The development of generative artificial intelligence from a copyright perspective.,,2025
http://publications.europa.eu/resource/cellar/4c7129f2-5d40-11f0-a9d0-01aa75ed71a1,corporate-body/OAMI,resource-type/STU,2025-07-08,The development of generative artificial intelligence from a copyright perspective.,,2025
http://publications.europa.eu/resource/cellar/f81442f3-4a4d-11f0-85ba-01aa75ed71a1,corporate-body/EESC,resource-type/OPIN_EXPLOR,2025-03-26,"Opinion of the European Economic and Social Committee – Health and safety at work – current and future challenges in light of traditional and new technologies, with a focus on AI (exploratory opinion requested by the Polish Presidency of the Council of the EU)",,2025
http://publications.europa.eu/resource/cellar/3afbaed2-4aa4-11f0-85ba-01aa75ed71a1,corporate-body/COM,resource-type/SWD,2025-06-16,"COMMISSION STAFF WORKING DOCUMENT DESI 2025 methodological note Accompanying the document Communication from the Commission to the European Parliament, the Council, the European Economic and Social Committee, the Committee of the Regions State of the Digital Decade 2025: Keep building the EU's sovereignty and digital future",Commission,2025
http://publications.europa.eu/resource/cellar/3afbaed2-4aa4-11f0-85ba-01aa75ed71a1,corporate-body/CNECT,resource-type/SWD,2025-06-16,"COMMISSION STAFF WORKING DOCUMENT DESI 2025 methodological note Accompanying the document Communication from the Commission to the European Parliament, the Council, the European Economic and Social Committee, the Committee of the Regions State of the Digital Decade 2025: Keep building the EU's sovereignty and digital future",Commission,2025
http://publications.europa.eu/resource/cellar/4e01fbb5-4aa4-11f0-85ba-01aa75ed71a1,corporate-body/COM,resource-type/SWD,2025-06-16,"COMMISSION STAFF WORKING DOCUMENT Monitoring of horizontal recommendations 2024 Accompanying the document Communication from the Commission to the European Parliament, the Council and the European Economic and Social Committee and the Committee of the Regions State of the Digital Decade 2025: Keep building the EU's sovereignty and digital future",Commission,2025
http://publications.europa.eu/resource/cellar/4e01fbb5-4aa4-11f0-85ba-01aa75ed71a1,corporate-body/CNECT,resource-type/SWD,2025-06-16,"COMMISSION STAFF WORKING DOCUMENT Monitoring of horizontal recommendations 2024 Accompanying the document Communication from the Commission to the European Parliament, the Council and the European Economic and Social Committee and the Committee of the Regions State of the Digital Decade 2025: Keep building the EU's sovereignty and digital future",Commission,2025
http://publications.europa.eu/resource/cellar/55e8b036-4aa4-11f0-85ba-01aa75ed71a1,corporate-body/COM,resource-type/SWD,2025-06-16,"COMMISSION STAFF WORKING DOCUMENT Monitoring of the European Declaration on Digital Rights and Principles Accompanying the document Communication from the Commission to the European Parliament, the Council and the European Economic and Social Committee and the Committee of the Regions State of the Digital Decade 2025: Keep building the EU's sovereignty and digital future",Commission,2025
http://publications.europa.eu/resource/cellar/55e8b036-4aa4-11f0-85ba-01aa75ed71a1,corporate-body/CNECT,resource-type/SWD,2025-06-16,"COMMISSION STAFF WORKING DOCUMENT Monitoring of the European Declaration on Digital Rights and Principles Accompanying the document Communication from the Commission to the European Parliament, the Council and the European Economic and Social Committee and the Committee of the Regions State of the Digital Decade 2025: Keep building the EU's sovereignty and digital future",Commission,2025
http://publications.europa.eu/resource/cellar/58b2e814-82fa-11f0-9af8-01aa75ed71a1,corporate-body/EMEA,resource-type/PUB_GEN,2025-08-26,EU Network Training Centre newsletter : training by the network for the network. August 2025.,,2025
http://publications.europa.eu/resource/cellar/430522cf-5e06-11f0-a9d0-01aa75ed71a1,corporate-body/EP_DGIUST,resource-type/PUB_GEN,2025-07-10,"Generative AI and copyright : training, creation, regulation.",Parliament,2025
http://publications.europa.eu/resource/cellar/430522cf-5e06-11f0-a9d0-01aa75ed71a1,corporate-body/EP_DGIUST,resource-type/STU,2025-07-10,"Generative AI and copyright : training, creation, regulation.",Parliament,2025
http://publications.europa.eu/resource/cellar/989241cb-677d-11f0-bf4e-01aa75ed71a1,corporate-body/EMEA,resource-type/PUB_GEN,2025-07-22,EU Network Training Centre newsletter : training by the network for the network. July 2025.,,2025
http://publications.europa.eu/resource/cellar/9a0b3496-5095-11f0-a9d0-01aa75ed71a1,corporate-body/CJ,resource-type/INFO_JUDICIAL,2025-02-26,"Case C-159/25, Rowicz: Request for a preliminary ruling from the Sąd Okręgowy w Warszawie (Poland) lodged on 26 February 2025 – B.Ż, V. sp. z o.o. v T. SA, Ł.W.",,2025
http://publications.europa.eu/resource/cellar/97ad82f2-5244-11f0-a9d0-01aa75ed71a1,corporate-body/JRC,resource-type/PUB_GEN,2025-06-25,AI-driven innovation in medical imaging : focus on lung cancer and cardiovascular diseases.,Commission,2025
http://publications.europa.eu/resource/cellar/97ad82f2-5244-11f0-a9d0-01aa75ed71a1,corporate-body/JRC,resource-type/STU,2025-06-25,AI-driven innovation in medical imaging : focus on lung cancer and cardiovascular diseases.,Commission,2025
http://publications.europa.eu/resource/cellar/c241f7fd-5236-11f0-a9d0-01aa75ed71a1,corporate-body/EDA,resource-type/PUB_GEN,2025-06-20,Innovations hubs overview : quick reference booklet.,,2025
http://publications.europa.eu/resource/cellar/47b251aa-56ea-11f0-a9d0-01aa75ed71a1,corporate-body/EUROPOL,resource-type/PUB_GEN,2025-06-30,The changing DNA of serious and organised crime : 2025 : executive summary.,,2025
http://publications.europa.eu/resource/cellar/b507ea3f-a009-11f0-97c8-01aa75ed71a1,corporate-body/EUI,resource-type/PUB_GEN,2025-10-02,REDemocracIA : handbook for a democratic approach to artificial intelligence in Ibero-America.,,2025
http://publications.europa.eu/resource/cellar/c8c51d1a-c572-11f0-8da2-01aa75ed71a1,corporate-body/COM,resource-type/PROP_REG,2025-11-19,Proposal for a REGULATION OF THE EUROPEAN PARLIAMENT AND OF THE COUNCIL amending Regulations (EU) 2024/1689 and (EU) 2018/1139 as regards the simplification of the implementation of harmonised rules on artificial intelligence (Digital Omnibus on AI),Commission,2025
http://publications.europa.eu/resource/cellar/c8c51d1a-c572-11f0-8da2-01aa75ed71a1,corporate-body/CNECT,resource-type/PROP_REG,2025-11-19,Proposal for a REGULATION OF THE EUROPEAN PARLIAMENT AND OF THE COUNCIL amending Regulations (EU) 2024/1689 and (EU) 2018/1139 as regards the simplification of the implementation of harmonised rules on artificial intelligence (Digital Omnibus on AI),Commission,2025
http://publications.europa.eu/resource/cellar/0b4203fa-5aed-11f0-a9d0-01aa75ed71a1,corporate-body/CORDIS,resource-type/PUB_GEN,2025-07-04,How AI applications are facilitating new life science discoveries.,,2025
http://publications.europa.eu/resource/cellar/72d8ede9-66ad-11f0-bf4e-01aa75ed71a1,corporate-body/EP_RESEARCH,resource-type/PUB_GEN,2025-07-21,A European news streaming platform : study on European added value and governance.,Parliament,2025
http://publications.europa.eu/resource/cellar/72d8ede9-66ad-11f0-bf4e-01aa75ed71a1,corporate-body/EP_RESEARCH,resource-type/STU,2025-07-21,A European news streaming platform : study on European added value and governance.,Parliament,2025
http://publications.europa.eu/resource/cellar/8f57f32e-66a8-11f0-bf4e-01aa75ed71a1,corporate-body/EUI,resource-type/PUB_GEN,2025-07-21,Before AGI arrives : why 2025-2030 determines the future of democratic AI governance.,,2025
http://publications.europa.eu/resource/cellar/ca9b3c73-66aa-11f0-bf4e-01aa75ed71a1,corporate-body/EUI,resource-type/PUB_GEN,2025-07-21,Preserving human agency in the age of AI.,,2025
http://publications.europa.eu/resource/cellar/ce8b2358-817f-11f0-9af8-01aa75ed71a1,corporate-body/JRC,resource-type/PUB_GEN,2025-08-22,The future of conflict early warning : new technologies and policy impact : workshop proceedings.,Commission,2025
http://publications.europa.eu/resource/cellar/79804355-6e85-11f0-bf4e-01aa75ed71a1,corporate-body/EP_DGIUST,resource-type/PUB_GEN,2025-07-31,Technological aspects of generative AI in the context of copyright : attribution and novelty in generative AI hypersurfaces.,Parliament,2025
http://publications.europa.eu/resource/cellar/2e3eb75f-5882-11f0-a9d0-01aa75ed71a1,corporate-body/EISMEA,resource-type/PUB_GEN,2025-07-03,European IP helpdesk case study : scaling AI-driven weed control technology for more sustainable agriculture : how the Czech-based start-up Ullmanna leverages artificial intelligence to advance forward-thinking precision agriculture solutions.,Commission,2025
http://publications.europa.eu/resource/cellar/bea01122-8d26-11f0-bfe2-01aa75ed71a1,corporate-body/EASA,resource-type/PUB_GEN,2025-09-08,Ethics for AI in aviation : aviation professionals survey results 2024/2025.,,2025
http://publications.europa.eu/resource/cellar/bea01122-8d26-11f0-bfe2-01aa75ed71a1,http://publications.europa.eu/resource/cellar/bd3efa80-8d26-11f0-bfe2-01aa75ed71a1,resource-type/PUB_GEN,2025-09-08,Ethics for AI in aviation : aviation professionals survey results 2024/2025.,,2025
http://publications.europa.eu/resource/cellar/cd9f1245-9cd0-11f0-97c8-01aa75ed71a1,corporate-body/GCEU,resource-type/INFO_JUDICIAL,2025-08-11,Case T-555/25: Action brought on 11 August 2025 – OpenAI/EUIPO (OPENAI),,2025
http://publications.europa.eu/resource/cellar/79fb710d-6b5c-11f0-bf4e-01aa75ed71a1,corporate-body/EP_DGIUST,resource-type/PUB_GEN,2025-07-25,Artificial intelligence and civil liability : a European perspective.,Parliament,2025
http://publications.europa.eu/resource/cellar/79fb710d-6b5c-11f0-bf4e-01aa75ed71a1,corporate-body/EP_DGIUST,resource-type/STU,2025-07-25,Artificial intelligence and civil liability : a European perspective.,Parliament,2025
http://publications.europa.eu/resource/cellar/1357ec30-b940-11f0-b37f-01aa75ed71a1,http://publications.europa.eu/resource/cellar/50457237-307b-4923-8808-93d20b37f404,resource-type/PUB_GEN,2025-10-31,Interplay between the AI Act and the EU digital legislative framework.,,2025
http://publications.europa.eu/resource/cellar/1357ec30-b940-11f0-b37f-01aa75ed71a1,http://publications.europa.eu/resource/cellar/f1f021c2-7273-11e5-9317-01aa75ed71a1,resource-type/PUB_GEN,2025-10-31,Interplay between the AI Act and the EU digital legislative framework.,,2025
http://publications.europa.eu/resource/cellar/1357ec30-b940-11f0-b37f-01aa75ed71a1,http://publications.europa.eu/resource/cellar/ae200285-a867-4fab-96b7-b47c21290ab1,resource-type/PUB_GEN,2025-10-31,Interplay between the AI Act and the EU digital legislative framework.,,2025
http://publications.europa.eu/resource/cellar/1357ec30-b940-11f0-b37f-01aa75ed71a1,corporate-body/EP_DGIUST,resource-type/PUB_GEN,2025-10-31,Interplay between the AI Act and the EU digital legislative framework.,Parliament,2025
http://publications.europa.eu/resource/cellar/1357ec30-b940-11f0-b37f-01aa75ed71a1,http://publications.europa.eu/resource/cellar/0d522cab-b940-11f0-b37f-01aa75ed71a1,resource-type/PUB_GEN,2025-10-31,Interplay between the AI Act and the EU digital legislative framework.,,2025
http://publications.europa.eu/resource/cellar/1357ec30-b940-11f0-b37f-01aa75ed71a1,http://publications.europa.eu/resource/cellar/0fc6fd3e-b940-11f0-b37f-01aa75ed71a1,resource-type/PUB_GEN,2025-10-31,Interplay between the AI Act and the EU digital legislative framework.,,2025
http://publications.europa.eu/resource/cellar/1357ec30-b940-11f0-b37f-01aa75ed71a1,http://publications.europa.eu/resource/cellar/1232cd1f-b940-11f0-b37f-01aa75ed71a1,resource-type/PUB_GEN,2025-10-31,Interplay between the AI Act and the EU digital legislative framework.,,2025
http://publications.europa.eu/resource/cellar/1357ec30-b940-11f0-b37f-01aa75ed71a1,http://publications.europa.eu/resource/cellar/50457237-307b-4923-8808-93d20b37f404,resource-type/STU,2025-10-31,Interplay between the AI Act and the EU digital legislative framework.,,2025
http://publications.europa.eu/resource/cellar/1357ec30-b940-11f0-b37f-01aa75ed71a1,http://publications.europa.eu/resource/cellar/f1f021c2-7273-11e5-9317-01aa75ed71a1,resource-type/STU,2025-10-31,Interplay between the AI Act and the EU digital legislative framework.,,2025
http://publications.europa.eu/resource/cellar/1357ec30-b940-11f0-b37f-01aa75ed71a1,http://publications.europa.eu/resource/cellar/ae200285-a867-4fab-96b7-b47c21290ab1,resource-type/STU,2025-10-31,Interplay between the AI Act and the EU digital legislative framework.,,2025
http://publications.europa.eu/resource/cellar/1357ec30-b940-11f0-b37f-01aa75ed71a1,corporate-body/EP_DGIUST,resource-type/STU,2025-10-31,Interplay between the AI Act and the EU digital legislative framework.,Parliament,2025
http://publications.europa.eu/resource/cellar/1357ec30-b940-11f0-b37f-01aa75ed71a1,http://publications.europa.eu/resource/cellar/0d522cab-b940-11f0-b37f-01aa75ed71a1,resource-type/STU,2025-10-31,Interplay between the AI Act and the EU digital legislative framework.,,2025
http://publications.europa.eu/resource/cellar/1357ec30-b940-11f0-b37f-01aa75ed71a1,http://publications.europa.eu/resource/cellar/0fc6fd3e-b940-11f0-b37f-01aa75ed71a1,resource-type/STU,2025-10-31,Interplay between the AI Act and the EU digital legislative framework.,,2025
http://publications.europa.eu/resource/cellar/1357ec30-b940-11f0-b37f-01aa75ed71a1,http://publications.europa.eu/resource/cellar/1232cd1f-b940-11f0-b37f-01aa75ed71a1,resource-type/STU,2025-10-31,Interplay between the AI Act and the EU digital legislative framework.,,2025
http://publications.europa.eu/resource/cellar/879428db-5c78-11f0-a9d0-01aa75ed71a1,corporate-body/EMEA,resource-type/PUB_GEN,2025-07-07,EU Network Training Centre newsletter : training by the network for the network. April 2025.,,2025
http://publications.europa.eu/resource/cellar/62c24e61-6129-11f0-a9d0-01aa75ed71a1,corporate-body/JRC,resource-type/PUB_GEN,2025-07-14,AI evidence pathway for operationalising trustworthy AI in health : an ontology unfolding ethical principles into translational and fundamental concepts.,Commission,2025
http://publications.europa.eu/resource/cellar/62c24e61-6129-11f0-a9d0-01aa75ed71a1,corporate-body/JRC,resource-type/STU,2025-07-14,AI evidence pathway for operationalising trustworthy AI in health : an ontology unfolding ethical principles into translational and fundamental concepts.,Commission,2025
http://publications.europa.eu/resource/cellar/33fab622-f4d7-11f0-b9bc-01aa75ed71a1,corporate-body/CONSIL,resource-type/REG,2026-01-16,Council Regulation (EU) 2026/150 of 16 January 2026 amending Regulation (EU) 2021/1173 on establishing the European High Performance Computing Joint Undertaking,Council,2026
http://publications.europa.eu/resource/cellar/70ef5df9-675d-11f0-bf4e-01aa75ed71a1,corporate-body/COM,resource-type/ANNOUNC,2025-07-23,Prior notification of a concentration (Case M.12060 – ALPHABET / FOXCONN / JV) – Candidate case for simplified procedure,Commission,2025
http://publications.europa.eu/resource/cellar/70ef5df9-675d-11f0-bf4e-01aa75ed71a1,corporate-body/COMP,resource-type/ANNOUNC,2025-07-23,Prior notification of a concentration (Case M.12060 – ALPHABET / FOXCONN / JV) – Candidate case for simplified procedure,Commission,2025
http://publications.europa.eu/resource/cellar/1df91b86-6cf4-11f0-bf4e-01aa75ed71a1,corporate-body/ECB,resource-type/PUB_GEN,2025-07-29,AI and women’s employment in Europe.,,2025
http://publications.europa.eu/resource/cellar/3f44deb6-8937-11f0-9af8-01aa75ed71a1,corporate-body/EAC,resource-type/PUB_GEN,2025-09-03,Artificial intelligence in the sport sector : a paper from the SHARE 2.0 initiative.,Commission,2025
http://publications.europa.eu/resource/cellar/3f44deb6-8937-11f0-9af8-01aa75ed71a1,http://publications.europa.eu/resource/cellar/a1d7c751-5aec-11f0-a9d0-01aa75ed71a1,resource-type/PUB_GEN,2025-09-03,Artificial intelligence in the sport sector : a paper from the SHARE 2.0 initiative.,,2025
http://publications.europa.eu/resource/cellar/b8c69e0d-70f8-11f0-bf4e-01aa75ed71a1,corporate-body/EUISS,resource-type/PUB_GEN,2025-08-01,Challenging US dominance : China’s DeepSeek model and the pluralisation of AI development.,,2025
http://publications.europa.eu/resource/cellar/12db7f68-73f2-11f0-9af8-01aa75ed71a1,corporate-body/COM,resource-type/NOTICE,2025-07-31,Non-opposition to a notified concentration (Case M.12037 – DEUTSCHE BAHN / SCHWARZ GROUP / DATAHUB EUROPE),Commission,2025
http://publications.europa.eu/resource/cellar/12db7f68-73f2-11f0-9af8-01aa75ed71a1,corporate-body/COMP,resource-type/NOTICE,2025-07-31,Non-opposition to a notified concentration (Case M.12037 – DEUTSCHE BAHN / SCHWARZ GROUP / DATAHUB EUROPE),Commission,2025
http://publications.europa.eu/resource/cellar/65908a6e-a585-11f0-a7c5-01aa75ed71a1,corporate-body/JRC,resource-type/PUB_GEN,2025-10-08,A proposal to identify high-impact capabilities of general-purpose AI models : collection of external scientific studies on general-purpose AI models under the EU AI Act.,Commission,2025
http://publications.europa.eu/resource/cellar/65908a6e-a585-11f0-a7c5-01aa75ed71a1,http://publications.europa.eu/resource/cellar/6447ddcc-a585-11f0-a7c5-01aa75ed71a1,resource-type/PUB_GEN,2025-10-08,A proposal to identify high-impact capabilities of general-purpose AI models : collection of external scientific studies on general-purpose AI models under the EU AI Act.,,2025
http://publications.europa.eu/resource/cellar/65908a6e-a585-11f0-a7c5-01aa75ed71a1,http://publications.europa.eu/resource/cellar/dbf042ac-a583-11f0-a7c5-01aa75ed71a1,resource-type/PUB_GEN,2025-10-08,A proposal to identify high-impact capabilities of general-purpose AI models : collection of external scientific studies on general-purpose AI models under the EU AI Act.,,2025
http://publications.europa.eu/resource/cellar/65908a6e-a585-11f0-a7c5-01aa75ed71a1,http://publications.europa.eu/resource/cellar/de1cbf9f-a583-11f0-a7c5-01aa75ed71a1,resource-type/PUB_GEN,2025-10-08,A proposal to identify high-impact capabilities of general-purpose AI models : collection of external scientific studies on general-purpose AI models under the EU AI Act.,,2025
http://publications.europa.eu/resource/cellar/65908a6e-a585-11f0-a7c5-01aa75ed71a1,corporate-body/JRC,resource-type/STU,2025-10-08,A proposal to identify high-impact capabilities of general-purpose AI models : collection of external scientific studies on general-purpose AI models under the EU AI Act.,Commission,2025
http://publications.europa.eu/resource/cellar/65908a6e-a585-11f0-a7c5-01aa75ed71a1,http://publications.europa.eu/resource/cellar/6447ddcc-a585-11f0-a7c5-01aa75ed71a1,resource-type/STU,2025-10-08,A proposal to identify high-impact capabilities of general-purpose AI models : collection of external scientific studies on general-purpose AI models under the EU AI Act.,,2025
http://publications.europa.eu/resource/cellar/65908a6e-a585-11f0-a7c5-01aa75ed71a1,http://publications.europa.eu/resource/cellar/dbf042ac-a583-11f0-a7c5-01aa75ed71a1,resource-type/STU,2025-10-08,A proposal to identify high-impact capabilities of general-purpose AI models : collection of external scientific studies on general-purpose AI models under the EU AI Act.,,2025
http://publications.europa.eu/resource/cellar/65908a6e-a585-11f0-a7c5-01aa75ed71a1,http://publications.europa.eu/resource/cellar/de1cbf9f-a583-11f0-a7c5-01aa75ed71a1,resource-type/STU,2025-10-08,A proposal to identify high-impact capabilities of general-purpose AI models : collection of external scientific studies on general-purpose AI models under the EU AI Act.,,2025
http://publications.europa.eu/resource/cellar/79f228cd-a582-11f0-a7c5-01aa75ed71a1,corporate-body/JRC,resource-type/PUB_GEN,2025-10-10,Training compute thresholds : key considerations for the EU AI Act : collection of external scientific studies on general-purpose AI models under the EU AI Act.,Commission,2025
http://publications.europa.eu/resource/cellar/79f228cd-a582-11f0-a7c5-01aa75ed71a1,http://publications.europa.eu/resource/cellar/75345296-a582-11f0-a7c5-01aa75ed71a1,resource-type/PUB_GEN,2025-10-10,Training compute thresholds : key considerations for the EU AI Act : collection of external scientific studies on general-purpose AI models under the EU AI Act.,,2025
http://publications.europa.eu/resource/cellar/79f228cd-a582-11f0-a7c5-01aa75ed71a1,http://publications.europa.eu/resource/cellar/769a9959-a582-11f0-a7c5-01aa75ed71a1,resource-type/PUB_GEN,2025-10-10,Training compute thresholds : key considerations for the EU AI Act : collection of external scientific studies on general-purpose AI models under the EU AI Act.,,2025
http://publications.europa.eu/resource/cellar/79f228cd-a582-11f0-a7c5-01aa75ed71a1,http://publications.europa.eu/resource/cellar/7800b90a-a582-11f0-a7c5-01aa75ed71a1,resource-type/PUB_GEN,2025-10-10,Training compute thresholds : key considerations for the EU AI Act : collection of external scientific studies on general-purpose AI models under the EU AI Act.,,2025
http://publications.europa.eu/resource/cellar/79f228cd-a582-11f0-a7c5-01aa75ed71a1,http://publications.europa.eu/resource/cellar/78f68abc-a582-11f0-a7c5-01aa75ed71a1,resource-type/PUB_GEN,2025-10-10,Training compute thresholds : key considerations for the EU AI Act : collection of external scientific studies on general-purpose AI models under the EU AI Act.,,2025
http://publications.europa.eu/resource/cellar/79f228cd-a582-11f0-a7c5-01aa75ed71a1,corporate-body/JRC,resource-type/STU,2025-10-10,Training compute thresholds : key considerations for the EU AI Act : collection of external scientific studies on general-purpose AI models under the EU AI Act.,Commission,2025
http://publications.europa.eu/resource/cellar/79f228cd-a582-11f0-a7c5-01aa75ed71a1,http://publications.europa.eu/resource/cellar/75345296-a582-11f0-a7c5-01aa75ed71a1,resource-type/STU,2025-10-10,Training compute thresholds : key considerations for the EU AI Act : collection of external scientific studies on general-purpose AI models under the EU AI Act.,,2025
http://publications.europa.eu/resource/cellar/79f228cd-a582-11f0-a7c5-01aa75ed71a1,http://publications.europa.eu/resource/cellar/769a9959-a582-11f0-a7c5-01aa75ed71a1,resource-type/STU,2025-10-10,Training compute thresholds : key considerations for the EU AI Act : collection of external scientific studies on general-purpose AI models under the EU AI Act.,,2025
http://publications.europa.eu/resource/cellar/79f228cd-a582-11f0-a7c5-01aa75ed71a1,http://publications.europa.eu/resource/cellar/7800b90a-a582-11f0-a7c5-01aa75ed71a1,resource-type/STU,2025-10-10,Training compute thresholds : key considerations for the EU AI Act : collection of external scientific studies on general-purpose AI models under the EU AI Act.,,2025
http://publications.europa.eu/resource/cellar/79f228cd-a582-11f0-a7c5-01aa75ed71a1,http://publications.europa.eu/resource/cellar/78f68abc-a582-11f0-a7c5-01aa75ed71a1,resource-type/STU,2025-10-10,Training compute thresholds : key considerations for the EU AI Act : collection of external scientific studies on general-purpose AI models under the EU AI Act.,,2025
http://publications.europa.eu/resource/cellar/9b263870-a582-11f0-a7c5-01aa75ed71a1,corporate-body/JRC,resource-type/PUB_GEN,2025-10-10,A framework to categorise modified general-purpose AI models as new models based on behavioural changes : collection of external scientific studies on general-purpose AI models under the EU AI Act.,Commission,2025
http://publications.europa.eu/resource/cellar/9b263870-a582-11f0-a7c5-01aa75ed71a1,http://publications.europa.eu/resource/cellar/f26ac813-6f12-11ea-b735-01aa75ed71a1,resource-type/PUB_GEN,2025-10-10,A framework to categorise modified general-purpose AI models as new models based on behavioural changes : collection of external scientific studies on general-purpose AI models under the EU AI Act.,,2025
http://publications.europa.eu/resource/cellar/9b263870-a582-11f0-a7c5-01aa75ed71a1,http://publications.europa.eu/resource/cellar/f36554b4-6f12-11ea-b735-01aa75ed71a1,resource-type/PUB_GEN,2025-10-10,A framework to categorise modified general-purpose AI models as new models based on behavioural changes : collection of external scientific studies on general-purpose AI models under the EU AI Act.,,2025
http://publications.europa.eu/resource/cellar/9b263870-a582-11f0-a7c5-01aa75ed71a1,http://publications.europa.eu/resource/cellar/98f6872e-a582-11f0-a7c5-01aa75ed71a1,resource-type/PUB_GEN,2025-10-10,A framework to categorise modified general-purpose AI models as new models based on behavioural changes : collection of external scientific studies on general-purpose AI models under the EU AI Act.,,2025
http://publications.europa.eu/resource/cellar/9b263870-a582-11f0-a7c5-01aa75ed71a1,http://publications.europa.eu/resource/cellar/9a0a1a0f-a582-11f0-a7c5-01aa75ed71a1,resource-type/PUB_GEN,2025-10-10,A framework to categorise modified general-purpose AI models as new models based on behavioural changes : collection of external scientific studies on general-purpose AI models under the EU AI Act.,,2025
http://publications.europa.eu/resource/cellar/9b263870-a582-11f0-a7c5-01aa75ed71a1,corporate-body/JRC,resource-type/STU,2025-10-10,A framework to categorise modified general-purpose AI models as new models based on behavioural changes : collection of external scientific studies on general-purpose AI models under the EU AI Act.,Commission,2025
http://publications.europa.eu/resource/cellar/9b263870-a582-11f0-a7c5-01aa75ed71a1,http://publications.europa.eu/resource/cellar/f26ac813-6f12-11ea-b735-01aa75ed71a1,resource-type/STU,2025-10-10,A framework to categorise modified general-purpose AI models as new models based on behavioural changes : collection of external scientific studies on general-purpose AI models under the EU AI Act.,,2025
http://publications.europa.eu/resource/cellar/9b263870-a582-11f0-a7c5-01aa75ed71a1,http://publications.europa.eu/resource/cellar/f36554b4-6f12-11ea-b735-01aa75ed71a1,resource-type/STU,2025-10-10,A framework to categorise modified general-purpose AI models as new models based on behavioural changes : collection of external scientific studies on general-purpose AI models under the EU AI Act.,,2025
http://publications.europa.eu/resource/cellar/9b263870-a582-11f0-a7c5-01aa75ed71a1,http://publications.europa.eu/resource/cellar/98f6872e-a582-11f0-a7c5-01aa75ed71a1,resource-type/STU,2025-10-10,A framework to categorise modified general-purpose AI models as new models based on behavioural changes : collection of external scientific studies on general-purpose AI models under the EU AI Act.,,2025
http://publications.europa.eu/resource/cellar/9b263870-a582-11f0-a7c5-01aa75ed71a1,http://publications.europa.eu/resource/cellar/9a0a1a0f-a582-11f0-a7c5-01aa75ed71a1,resource-type/STU,2025-10-10,A framework to categorise modified general-purpose AI models as new models based on behavioural changes : collection of external scientific studies on general-purpose AI models under the EU AI Act.,,2025
http://publications.europa.eu/resource/cellar/be8be5b9-a588-11f0-a7c5-01aa75ed71a1,corporate-body/JRC,resource-type/PUB_GEN,2025-10-10,A framework for general-purpose AI model categorisation : collection of external scientific studies on general-purpose AI models under the EU AI Act.,Commission,2025
http://publications.europa.eu/resource/cellar/be8be5b9-a588-11f0-a7c5-01aa75ed71a1,http://publications.europa.eu/resource/cellar/f26ac813-6f12-11ea-b735-01aa75ed71a1,resource-type/PUB_GEN,2025-10-10,A framework for general-purpose AI model categorisation : collection of external scientific studies on general-purpose AI models under the EU AI Act.,,2025
http://publications.europa.eu/resource/cellar/be8be5b9-a588-11f0-a7c5-01aa75ed71a1,http://publications.europa.eu/resource/cellar/f36554b4-6f12-11ea-b735-01aa75ed71a1,resource-type/PUB_GEN,2025-10-10,A framework for general-purpose AI model categorisation : collection of external scientific studies on general-purpose AI models under the EU AI Act.,,2025
http://publications.europa.eu/resource/cellar/be8be5b9-a588-11f0-a7c5-01aa75ed71a1,http://publications.europa.eu/resource/cellar/98f6872e-a582-11f0-a7c5-01aa75ed71a1,resource-type/PUB_GEN,2025-10-10,A framework for general-purpose AI model categorisation : collection of external scientific studies on general-purpose AI models under the EU AI Act.,,2025
http://publications.europa.eu/resource/cellar/be8be5b9-a588-11f0-a7c5-01aa75ed71a1,http://publications.europa.eu/resource/cellar/9a0a1a0f-a582-11f0-a7c5-01aa75ed71a1,resource-type/PUB_GEN,2025-10-10,A framework for general-purpose AI model categorisation : collection of external scientific studies on general-purpose AI models under the EU AI Act.,,2025
http://publications.europa.eu/resource/cellar/be8be5b9-a588-11f0-a7c5-01aa75ed71a1,corporate-body/JRC,resource-type/STU,2025-10-10,A framework for general-purpose AI model categorisation : collection of external scientific studies on general-purpose AI models under the EU AI Act.,Commission,2025
http://publications.europa.eu/resource/cellar/be8be5b9-a588-11f0-a7c5-01aa75ed71a1,http://publications.europa.eu/resource/cellar/f26ac813-6f12-11ea-b735-01aa75ed71a1,resource-type/STU,2025-10-10,A framework for general-purpose AI model categorisation : collection of external scientific studies on general-purpose AI models under the EU AI Act.,,2025
http://publications.europa.eu/resource/cellar/be8be5b9-a588-11f0-a7c5-01aa75ed71a1,http://publications.europa.eu/resource/cellar/f36554b4-6f12-11ea-b735-01aa75ed71a1,resource-type/STU,2025-10-10,A framework for general-purpose AI model categorisation : collection of external scientific studies on general-purpose AI models under the EU AI Act.,,2025
http://publications.europa.eu/resource/cellar/be8be5b9-a588-11f0-a7c5-01aa75ed71a1,http://publications.europa.eu/resource/cellar/98f6872e-a582-11f0-a7c5-01aa75ed71a1,resource-type/STU,2025-10-10,A framework for general-purpose AI model categorisation : collection of external scientific studies on general-purpose AI models under the EU AI Act.,,2025
http://publications.europa.eu/resource/cellar/be8be5b9-a588-11f0-a7c5-01aa75ed71a1,http://publications.europa.eu/resource/cellar/9a0a1a0f-a582-11f0-a7c5-01aa75ed71a1,resource-type/STU,2025-10-10,A framework for general-purpose AI model categorisation : collection of external scientific studies on general-purpose AI models under the EU AI Act.,,2025
http://publications.europa.eu/resource/cellar/df235a32-a583-11f0-a7c5-01aa75ed71a1,corporate-body/JRC,resource-type/PUB_GEN,2025-10-10,General-purpose AI model reach as criterion for systemic risk : collection of external scientific studies on general-purpose AI models under the EU AI Act.,Commission,2025
http://publications.europa.eu/resource/cellar/df235a32-a583-11f0-a7c5-01aa75ed71a1,http://publications.europa.eu/resource/cellar/dad13e19-a583-11f0-a7c5-01aa75ed71a1,resource-type/PUB_GEN,2025-10-10,General-purpose AI model reach as criterion for systemic risk : collection of external scientific studies on general-purpose AI models under the EU AI Act.,,2025
http://publications.europa.eu/resource/cellar/df235a32-a583-11f0-a7c5-01aa75ed71a1,http://publications.europa.eu/resource/cellar/dbf042ac-a583-11f0-a7c5-01aa75ed71a1,resource-type/PUB_GEN,2025-10-10,General-purpose AI model reach as criterion for systemic risk : collection of external scientific studies on general-purpose AI models under the EU AI Act.,,2025
http://publications.europa.eu/resource/cellar/df235a32-a583-11f0-a7c5-01aa75ed71a1,http://publications.europa.eu/resource/cellar/de1cbf9f-a583-11f0-a7c5-01aa75ed71a1,resource-type/PUB_GEN,2025-10-10,General-purpose AI model reach as criterion for systemic risk : collection of external scientific studies on general-purpose AI models under the EU AI Act.,,2025
http://publications.europa.eu/resource/cellar/df235a32-a583-11f0-a7c5-01aa75ed71a1,http://publications.europa.eu/resource/cellar/dd17849d-a583-11f0-a7c5-01aa75ed71a1,resource-type/PUB_GEN,2025-10-10,General-purpose AI model reach as criterion for systemic risk : collection of external scientific studies on general-purpose AI models under the EU AI Act.,,2025
http://publications.europa.eu/resource/cellar/df235a32-a583-11f0-a7c5-01aa75ed71a1,corporate-body/JRC,resource-type/STU,2025-10-10,General-purpose AI model reach as criterion for systemic risk : collection of external scientific studies on general-purpose AI models under the EU AI Act.,Commission,2025
http://publications.europa.eu/resource/cellar/df235a32-a583-11f0-a7c5-01aa75ed71a1,http://publications.europa.eu/resource/cellar/dad13e19-a583-11f0-a7c5-01aa75ed71a1,resource-type/STU,2025-10-10,General-purpose AI model reach as criterion for systemic risk : collection of external scientific studies on general-purpose AI models under the EU AI Act.,,2025
http://publications.europa.eu/resource/cellar/df235a32-a583-11f0-a7c5-01aa75ed71a1,http://publications.europa.eu/resource/cellar/dbf042ac-a583-11f0-a7c5-01aa75ed71a1,resource-type/STU,2025-10-10,General-purpose AI model reach as criterion for systemic risk : collection of external scientific studies on general-purpose AI models under the EU AI Act.,,2025
http://publications.europa.eu/resource/cellar/df235a32-a583-11f0-a7c5-01aa75ed71a1,http://publications.europa.eu/resource/cellar/de1cbf9f-a583-11f0-a7c5-01aa75ed71a1,resource-type/STU,2025-10-10,General-purpose AI model reach as criterion for systemic risk : collection of external scientific studies on general-purpose AI models under the EU AI Act.,,2025
http://publications.europa.eu/resource/cellar/df235a32-a583-11f0-a7c5-01aa75ed71a1,http://publications.europa.eu/resource/cellar/dd17849d-a583-11f0-a7c5-01aa75ed71a1,resource-type/STU,2025-10-10,General-purpose AI model reach as criterion for systemic risk : collection of external scientific studies on general-purpose AI models under the EU AI Act.,,2025
http://publications.europa.eu/resource/cellar/f369413c-a585-11f0-a7c5-01aa75ed71a1,corporate-body/JRC,resource-type/PUB_GEN,2025-10-10,The role of AI safety benchmarks in evaluating systemic risks in general-purpose AI models : collection of external scientific studies on general-purpose AI models under the EU AI Act.,Commission,2025
http://publications.europa.eu/resource/cellar/f369413c-a585-11f0-a7c5-01aa75ed71a1,http://publications.europa.eu/resource/cellar/de1cbf9f-a583-11f0-a7c5-01aa75ed71a1,resource-type/PUB_GEN,2025-10-10,The role of AI safety benchmarks in evaluating systemic risks in general-purpose AI models : collection of external scientific studies on general-purpose AI models under the EU AI Act.,,2025
http://publications.europa.eu/resource/cellar/f369413c-a585-11f0-a7c5-01aa75ed71a1,corporate-body/JRC,resource-type/STU,2025-10-10,The role of AI safety benchmarks in evaluating systemic risks in general-purpose AI models : collection of external scientific studies on general-purpose AI models under the EU AI Act.,Commission,2025
http://publications.europa.eu/resource/cellar/f369413c-a585-11f0-a7c5-01aa75ed71a1,http://publications.europa.eu/resource/cellar/de1cbf9f-a583-11f0-a7c5-01aa75ed71a1,resource-type/STU,2025-10-10,The role of AI safety benchmarks in evaluating systemic risks in general-purpose AI models : collection of external scientific studies on general-purpose AI models under the EU AI Act.,,2025
http://publications.europa.eu/resource/cellar/60815019-77f7-11f0-9af8-01aa75ed71a1,corporate-body/ECB,resource-type/PUB_GEN,2025-08-12,"Verba volant, transcripta manent : what corporate earnings calls reveal about the AI stock rally.",,2025
http://publications.europa.eu/resource/cellar/0d017b78-1658-11f1-8870-01aa75ed71a1,corporate-body/EP,resource-type/OPIN_EP_CMT,2026-02-26,"OPINION - of the Committee on Legal Affairs - for the Committee on the Internal Market and Consumer Protection and the Committee on Civil Liberties, Justice and Home Affairs - on the proposal for a regulation of the European Parliament and of the Council amending Regulations (EU) 2024/1689 and (EU) 2018/1139 as regards the simplification of the implementation of harmonised rules on artificial intelligence (Digital Omnibus on AI) - (COM(2025)0836 - C10-0304/2025 - 2025/0359(COD)) - Rapporteur for opinion: Sergey Lagodinsky",Parliament,2026
http://publications.europa.eu/resource/cellar/1c9d9d3d-2980-11f1-8803-01aa75ed71a1,corporate-body/CONSIL,resource-type/CORRIGENDUM,2026-03-27,,Council,2026
http://publications.europa.eu/resource/cellar/1c9d9d3d-2980-11f1-8803-01aa75ed71a1,corporate-body/EP,resource-type/CORRIGENDUM,2026-03-27,,Parliament,2026
http://publications.europa.eu/resource/cellar/1c9d9d3d-2980-11f1-8803-01aa75ed71a1,corporate-body/CONSIL,resource-type/REG,2026-03-27,,Council,2026
http://publications.europa.eu/resource/cellar/1c9d9d3d-2980-11f1-8803-01aa75ed71a1,corporate-body/EP,resource-type/REG,2026-03-27,,Parliament,2026
http://publications.europa.eu/resource/cellar/02159674-4754-11f1-8095-01aa75ed71a1,corporate-body/CONSIL,resource-type/CORRIGENDUM,2026-05-04,,Council,2026
http://publications.europa.eu/resource/cellar/02159674-4754-11f1-8095-01aa75ed71a1,corporate-body/EP,resource-type/CORRIGENDUM,2026-05-04,,Parliament,2026
http://publications.europa.eu/resource/cellar/02159674-4754-11f1-8095-01aa75ed71a1,corporate-body/CONSIL,resource-type/REG,2026-05-04,,Council,2026
http://publications.europa.eu/resource/cellar/02159674-4754-11f1-8095-01aa75ed71a1,corporate-body/EP,resource-type/REG,2026-05-04,,Parliament,2026
http://publications.europa.eu/resource/cellar/21952f87-4587-11ed-92ed-01aa75ed71a1,corporate-body/COM,resource-type/CORRIGENDUM,2022-09-28,,Commission,2022
http://publications.europa.eu/resource/cellar/21952f87-4587-11ed-92ed-01aa75ed71a1,corporate-body/JUST,resource-type/CORRIGENDUM,2022-09-28,,Commission,2022
http://publications.europa.eu/resource/cellar/21952f87-4587-11ed-92ed-01aa75ed71a1,corporate-body/COM,resource-type/IMPACT_ASSESS_SUM,2022-09-28,,Commission,2022
http://publications.europa.eu/resource/cellar/21952f87-4587-11ed-92ed-01aa75ed71a1,corporate-body/JUST,resource-type/IMPACT_ASSESS_SUM,2022-09-28,,Commission,2022
http://publications.europa.eu/resource/cellar/b509b5c6-4586-11ed-92ed-01aa75ed71a1,corporate-body/COM,resource-type/CORRIGENDUM,2022-09-28,,Commission,2022
http://publications.europa.eu/resource/cellar/b509b5c6-4586-11ed-92ed-01aa75ed71a1,corporate-body/JUST,resource-type/CORRIGENDUM,2022-09-28,,Commission,2022
http://publications.europa.eu/resource/cellar/b509b5c6-4586-11ed-92ed-01aa75ed71a1,corporate-body/COM,resource-type/PROP_DIR,2022-09-28,,Commission,2022
http://publications.europa.eu/resource/cellar/b509b5c6-4586-11ed-92ed-01aa75ed71a1,corporate-body/JUST,resource-type/PROP_DIR,2022-09-28,,Commission,2022
http://publications.europa.eu/resource/cellar/678de392-ed3e-11ec-a534-01aa75ed71a1,corporate-body/CONSIL,resource-type/CORRIGENDUM,2022-06-16,,Council,2022
http://publications.europa.eu/resource/cellar/678de392-ed3e-11ec-a534-01aa75ed71a1,corporate-body/EP,resource-type/CORRIGENDUM,2022-06-16,,Parliament,2022
http://publications.europa.eu/resource/cellar/678de392-ed3e-11ec-a534-01aa75ed71a1,corporate-body/CONSIL,resource-type/REG,2022-06-16,,Council,2022
http://publications.europa.eu/resource/cellar/678de392-ed3e-11ec-a534-01aa75ed71a1,corporate-body/EP,resource-type/REG,2022-06-16,,Parliament,2022
http://publications.europa.eu/resource/cellar/aace9398-594d-11ea-8b81-01aa75ed71a1,corporate-body/COM,resource-type/CORRIGENDUM,2020-02-19,,Commission,2020
http://publications.europa.eu/resource/cellar/aace9398-594d-11ea-8b81-01aa75ed71a1,corporate-body/CNECT,resource-type/CORRIGENDUM,2020-02-19,,Commission,2020
http://publications.europa.eu/resource/cellar/aace9398-594d-11ea-8b81-01aa75ed71a1,corporate-body/COM,resource-type/PAPER_WHITE,2020-02-19,,Commission,2020
http://publications.europa.eu/resource/cellar/aace9398-594d-11ea-8b81-01aa75ed71a1,corporate-body/CNECT,resource-type/PAPER_WHITE,2020-02-19,,Commission,2020
http://publications.europa.eu/resource/cellar/a7aa4867-aea7-11ee-b164-01aa75ed71a1,corporate-body/REPRES_DEU,resource-type/PUB_GEN,2024-01-08,,,2024
http://publications.europa.eu/resource/cellar/0fbc1944-068f-11ef-a251-01aa75ed71a1,corporate-body/COM,resource-type/CORRIGENDUM,2024-04-30,,Commission,2024
http://publications.europa.eu/resource/cellar/0fbc1944-068f-11ef-a251-01aa75ed71a1,corporate-body/DGT,resource-type/CORRIGENDUM,2024-04-30,,,2024
http://publications.europa.eu/resource/cellar/0fbc1944-068f-11ef-a251-01aa75ed71a1,corporate-body/COM,resource-type/DEC,2024-04-30,,Commission,2024
http://publications.europa.eu/resource/cellar/0fbc1944-068f-11ef-a251-01aa75ed71a1,corporate-body/DGT,resource-type/DEC,2024-04-30,,,2024
http://publications.europa.eu/resource/cellar/f1dc064d-885d-11f0-9af8-01aa75ed71a1,corporate-body/CONSIL,resource-type/CORRIGENDUM,2025-09-03,,Council,2025
http://publications.europa.eu/resource/cellar/f1dc064d-885d-11f0-9af8-01aa75ed71a1,corporate-body/CONSIL,resource-type/REG,2025-09-03,,Council,2025
http://publications.europa.eu/resource/cellar/04edbec6-0b89-11f0-b1a3-01aa75ed71a1,corporate-body/ESMA,resource-type/PUB_GEN,2025-03-27,,,2025
http://publications.europa.eu/resource/cellar/104c1fb9-0b87-11f0-b1a3-01aa75ed71a1,corporate-body/ESMA,resource-type/PUB_GEN,2025-03-27,,,2025
http://publications.europa.eu/resource/cellar/13f7cc67-0b93-11f0-b1a3-01aa75ed71a1,corporate-body/ESMA,resource-type/PUB_GEN,2025-03-27,,,2025
http://publications.europa.eu/resource/cellar/1b2255b5-0dd7-11f0-b1a3-01aa75ed71a1,corporate-body/ESMA,resource-type/PUB_GEN,2025-03-28,,,2025
http://publications.europa.eu/resource/cellar/21559275-0b84-11f0-b1a3-01aa75ed71a1,corporate-body/ESMA,resource-type/PUB_GEN,2025-03-27,,,2025
http://publications.europa.eu/resource/cellar/28b1ef27-0b89-11f0-b1a3-01aa75ed71a1,corporate-body/ESMA,resource-type/PUB_GEN,2025-03-27,,,2025
http://publications.europa.eu/resource/cellar/2c98551f-0b82-11f0-b1a3-01aa75ed71a1,corporate-body/ESMA,resource-type/PUB_GEN,2025-03-27,,,2025
http://publications.europa.eu/resource/cellar/3423d81d-0b87-11f0-b1a3-01aa75ed71a1,corporate-body/ESMA,resource-type/PUB_GEN,2025-03-27,,,2025
http://publications.europa.eu/resource/cellar/35d98fc6-0b8d-11f0-b1a3-01aa75ed71a1,corporate-body/ESMA,resource-type/PUB_GEN,2025-03-27,,,2025
http://publications.europa.eu/resource/cellar/3eb69c76-0dd7-11f0-b1a3-01aa75ed71a1,corporate-body/ESMA,resource-type/PUB_GEN,2025-03-28,,,2025
http://publications.europa.eu/resource/cellar/4509e459-0b84-11f0-b1a3-01aa75ed71a1,corporate-body/ESMA,resource-type/PUB_GEN,2025-03-27,,,2025
http://publications.europa.eu/resource/cellar/5cd75c2a-0dd8-11f0-b1a3-01aa75ed71a1,corporate-body/ESMA,resource-type/PUB_GEN,2025-03-28,,,2025
http://publications.europa.eu/resource/cellar/6509b5ad-0b8b-11f0-b1a3-01aa75ed71a1,corporate-body/ESMA,resource-type/PUB_GEN,2025-03-27,,,2025
http://publications.europa.eu/resource/cellar/68c1dfba-0b84-11f0-b1a3-01aa75ed71a1,corporate-body/ESMA,resource-type/PUB_GEN,2025-03-27,,,2025
http://publications.europa.eu/resource/cellar/6a99292b-0b8a-11f0-b1a3-01aa75ed71a1,corporate-body/ESMA,resource-type/PUB_GEN,2025-03-27,,,2025
http://publications.europa.eu/resource/cellar/75489d3e-0dda-11f0-b1a3-01aa75ed71a1,corporate-body/ESMA,resource-type/PUB_GEN,2025-03-28,,,2025
http://publications.europa.eu/resource/cellar/86f53d10-0b85-11f0-b1a3-01aa75ed71a1,corporate-body/ESMA,resource-type/PUB_GEN,2025-03-27,,,2025
http://publications.europa.eu/resource/cellar/8c8573db-0b84-11f0-b1a3-01aa75ed71a1,corporate-body/ESMA,resource-type/PUB_GEN,2025-03-27,,,2025
http://publications.europa.eu/resource/cellar/91aacbae-0dd5-11f0-b1a3-01aa75ed71a1,corporate-body/ESMA,resource-type/PUB_GEN,2025-03-28,,,2025
http://publications.europa.eu/resource/cellar/935a8fdf-0ddb-11f0-b1a3-01aa75ed71a1,corporate-body/ESMA,resource-type/PUB_GEN,2025-03-28,,,2025
http://publications.europa.eu/resource/cellar/95e8b578-0b8f-11f0-b1a3-01aa75ed71a1,corporate-body/ESMA,resource-type/PUB_GEN,2025-03-27,,,2025
http://publications.europa.eu/resource/cellar/b04a8e9c-0b84-11f0-b1a3-01aa75ed71a1,corporate-body/ESMA,resource-type/PUB_GEN,2025-03-27,,,2025
http://publications.europa.eu/resource/cellar/b7230600-0ddb-11f0-b1a3-01aa75ed71a1,corporate-body/ESMA,resource-type/PUB_GEN,2025-03-27,,,2025
http://publications.europa.eu/resource/cellar/bd69f1e4-0b88-11f0-b1a3-01aa75ed71a1,corporate-body/ESMA,resource-type/PUB_GEN,2025-03-27,,,2025
http://publications.europa.eu/resource/cellar/d36bb902-0dd6-11f0-b1a3-01aa75ed71a1,corporate-body/ESMA,resource-type/PUB_GEN,2025-03-27,,,2025
http://publications.europa.eu/resource/cellar/d9ba45f0-0b83-11f0-b1a3-01aa75ed71a1,corporate-body/ESMA,resource-type/PUB_GEN,2025-03-27,,,2025
http://publications.europa.eu/resource/cellar/e12bff65-0b88-11f0-b1a3-01aa75ed71a1,corporate-body/ESMA,resource-type/PUB_GEN,2025-03-27,,,2025
http://publications.europa.eu/resource/cellar/f72f4d23-0dd6-11f0-b1a3-01aa75ed71a1,corporate-body/ESMA,resource-type/PUB_GEN,2025-03-27,,,2025
http://publications.europa.eu/resource/cellar/fd7c7a83-0b83-11f0-b1a3-01aa75ed71a1,corporate-body/ESMA,resource-type/PUB_GEN,2025-03-27,,,2025
http://publications.europa.eu/resource/cellar/f77c40cd-1c9b-11f1-8c3a-01aa75ed71a1,corporate-body/EP,resource-type/OPIN_EP_CMT,2026-03-06,"OPINION - of the Committee on Culture and Education - for the Committee on the Internal Market and Consumer Protection and the Committee on Civil Liberties, Justice and Home Affairs - on the proposal for a regulation of the European Parliament and of the Council amending Regulations (EU) 2024/1689 and (EU) 2018/1139 as regards the simplification of the implementation of harmonised rules on artificial intelligence (Digital Omnibus on AI) - (COM(2025)0836 - C10-0304/2025 - 2025/0359(COD)) - Rapporteur for opinion: Emma Rafowicz",Parliament,2026
http://publications.europa.eu/resource/cellar/294e3cd5-78a7-11f0-9af8-01aa75ed71a1,corporate-body/COM,resource-type/NOTICE,2025-08-05,Non-opposition to a notified concentration (Case M.12060 – ALPHABET / FOXCONN / JV),Commission,2025
http://publications.europa.eu/resource/cellar/294e3cd5-78a7-11f0-9af8-01aa75ed71a1,corporate-body/COMP,resource-type/NOTICE,2025-08-05,Non-opposition to a notified concentration (Case M.12060 – ALPHABET / FOXCONN / JV),Commission,2025
http://publications.europa.eu/resource/cellar/372efc5e-7e43-11f0-9af8-01aa75ed71a1,corporate-body/RTD,resource-type/PUB_GEN,2025-08-20,Unleashing the potential of the cultural and creative industries.,Commission,2025
http://publications.europa.eu/resource/cellar/372efc5e-7e43-11f0-9af8-01aa75ed71a1,corporate-body/RTD,resource-type/STU,2025-08-20,Unleashing the potential of the cultural and creative industries.,Commission,2025
http://publications.europa.eu/resource/cellar/c0193fdf-83d8-11f0-9af8-01aa75ed71a1,corporate-body/JRC,resource-type/PUB_GEN,2025-08-27,A journey into troubled waters? : mapping the occupational trends of young workers in Europe.,Commission,2025
http://publications.europa.eu/resource/cellar/c0193fdf-83d8-11f0-9af8-01aa75ed71a1,corporate-body/JRC,resource-type/STU,2025-08-27,A journey into troubled waters? : mapping the occupational trends of young workers in Europe.,Commission,2025
http://publications.europa.eu/resource/cellar/48c4a64a-b2e4-11f0-b37f-01aa75ed71a1,corporate-body/EMEA,resource-type/PUB_GEN,2025-10-21,EU Network Training Centre newsletter : training by the network for the network. October 2025.,,2025
http://publications.europa.eu/resource/cellar/40d58798-9787-11f0-97c8-01aa75ed71a1,corporate-body/EDPS,resource-type/PUB_GEN,2025-09-22,TechDispatch : human oversight of automated decision-making.,,2025
http://publications.europa.eu/resource/cellar/3c29908c-9839-11f0-97c8-01aa75ed71a1,corporate-body/JRC,resource-type/PUB_GEN,2025-09-22,"Explainable AI in cardiovascular health : methods, applications, and innovations.",Commission,2025
http://publications.europa.eu/resource/cellar/3c29908c-9839-11f0-97c8-01aa75ed71a1,corporate-body/JRC,resource-type/STU,2025-09-22,"Explainable AI in cardiovascular health : methods, applications, and innovations.",Commission,2025
http://publications.europa.eu/resource/cellar/98d72334-9835-11f0-97c8-01aa75ed71a1,corporate-body/EP_DGIUST,resource-type/PUB_GEN,2025-09-22,Workshop on monitoring the application of European Union law.,Parliament,2025
http://publications.europa.eu/resource/cellar/194ae542-a421-11f0-97c8-01aa75ed71a1,corporate-body/COM,resource-type/COMMUNIC,2025-10-08,COMMUNICATION FROM THE COMMISSION TO THE EUROPEAN PARLIAMENT AND THE COUNCIL Apply AI Strategy,Commission,2025
http://publications.europa.eu/resource/cellar/194ae542-a421-11f0-97c8-01aa75ed71a1,corporate-body/CNECT,resource-type/COMMUNIC,2025-10-08,COMMUNICATION FROM THE COMMISSION TO THE EUROPEAN PARLIAMENT AND THE COUNCIL Apply AI Strategy,Commission,2025
http://publications.europa.eu/resource/cellar/158912db-8ea8-11f0-bfe2-01aa75ed71a1,corporate-body/COM,resource-type/ANNOUNC,2025-09-11,Prior notification of a concentration (Case M.12070 – META / RELIANCE / JV) – Candidate case for simplified procedure,Commission,2025
http://publications.europa.eu/resource/cellar/158912db-8ea8-11f0-bfe2-01aa75ed71a1,corporate-body/COMP,resource-type/ANNOUNC,2025-09-11,Prior notification of a concentration (Case M.12070 – META / RELIANCE / JV) – Candidate case for simplified procedure,Commission,2025
http://publications.europa.eu/resource/cellar/b5b25c7d-8ec2-11f0-bfe2-01aa75ed71a1,corporate-body/JRC,resource-type/PUB_GEN,2025-09-09,AI super-resolution of satellite imagery : the evidential paradigm shift in CAP monitoring : technical and operational considerations.,Commission,2025
http://publications.europa.eu/resource/cellar/93ee62e9-a32b-11f0-97c8-01aa75ed71a1,corporate-body/JRC,resource-type/PUB_GEN,2025-10-07,"The role of artificial intelligence in scientific research : a science for policy, European perspective.",Commission,2025
http://publications.europa.eu/resource/cellar/93ee62e9-a32b-11f0-97c8-01aa75ed71a1,http://publications.europa.eu/resource/cellar/832095e6-d4c1-11ec-a95f-01aa75ed71a1,resource-type/PUB_GEN,2025-10-07,"The role of artificial intelligence in scientific research : a science for policy, European perspective.",,2025
http://publications.europa.eu/resource/cellar/93ee62e9-a32b-11f0-97c8-01aa75ed71a1,http://publications.europa.eu/resource/cellar/f3fcb2b5-6f12-11ea-b735-01aa75ed71a1,resource-type/PUB_GEN,2025-10-07,"The role of artificial intelligence in scientific research : a science for policy, European perspective.",,2025
http://publications.europa.eu/resource/cellar/93ee62e9-a32b-11f0-97c8-01aa75ed71a1,http://publications.europa.eu/resource/cellar/e98f8f60-32e2-11ec-bd8e-01aa75ed71a1,resource-type/PUB_GEN,2025-10-07,"The role of artificial intelligence in scientific research : a science for policy, European perspective.",,2025
http://publications.europa.eu/resource/cellar/93ee62e9-a32b-11f0-97c8-01aa75ed71a1,http://publications.europa.eu/resource/cellar/927a71dc-477c-11f0-85ba-01aa75ed71a1,resource-type/PUB_GEN,2025-10-07,"The role of artificial intelligence in scientific research : a science for policy, European perspective.",,2025
http://publications.europa.eu/resource/cellar/93ee62e9-a32b-11f0-97c8-01aa75ed71a1,http://publications.europa.eu/resource/cellar/4d6708a2-477c-11f0-85ba-01aa75ed71a1,resource-type/PUB_GEN,2025-10-07,"The role of artificial intelligence in scientific research : a science for policy, European perspective.",,2025
http://publications.europa.eu/resource/cellar/93ee62e9-a32b-11f0-97c8-01aa75ed71a1,http://publications.europa.eu/resource/cellar/68a58568-477c-11f0-85ba-01aa75ed71a1,resource-type/PUB_GEN,2025-10-07,"The role of artificial intelligence in scientific research : a science for policy, European perspective.",,2025
http://publications.europa.eu/resource/cellar/93ee62e9-a32b-11f0-97c8-01aa75ed71a1,http://publications.europa.eu/resource/cellar/81aef9c2-477c-11f0-85ba-01aa75ed71a1,resource-type/PUB_GEN,2025-10-07,"The role of artificial intelligence in scientific research : a science for policy, European perspective.",,2025
http://publications.europa.eu/resource/cellar/93ee62e9-a32b-11f0-97c8-01aa75ed71a1,http://publications.europa.eu/resource/cellar/39243fc9-9839-11f0-97c8-01aa75ed71a1,resource-type/PUB_GEN,2025-10-07,"The role of artificial intelligence in scientific research : a science for policy, European perspective.",,2025
http://publications.europa.eu/resource/cellar/93ee62e9-a32b-11f0-97c8-01aa75ed71a1,corporate-body/JRC,resource-type/STU,2025-10-07,"The role of artificial intelligence in scientific research : a science for policy, European perspective.",Commission,2025
http://publications.europa.eu/resource/cellar/93ee62e9-a32b-11f0-97c8-01aa75ed71a1,http://publications.europa.eu/resource/cellar/832095e6-d4c1-11ec-a95f-01aa75ed71a1,resource-type/STU,2025-10-07,"The role of artificial intelligence in scientific research : a science for policy, European perspective.",,2025
http://publications.europa.eu/resource/cellar/93ee62e9-a32b-11f0-97c8-01aa75ed71a1,http://publications.europa.eu/resource/cellar/f3fcb2b5-6f12-11ea-b735-01aa75ed71a1,resource-type/STU,2025-10-07,"The role of artificial intelligence in scientific research : a science for policy, European perspective.",,2025
http://publications.europa.eu/resource/cellar/93ee62e9-a32b-11f0-97c8-01aa75ed71a1,http://publications.europa.eu/resource/cellar/e98f8f60-32e2-11ec-bd8e-01aa75ed71a1,resource-type/STU,2025-10-07,"The role of artificial intelligence in scientific research : a science for policy, European perspective.",,2025
http://publications.europa.eu/resource/cellar/93ee62e9-a32b-11f0-97c8-01aa75ed71a1,http://publications.europa.eu/resource/cellar/927a71dc-477c-11f0-85ba-01aa75ed71a1,resource-type/STU,2025-10-07,"The role of artificial intelligence in scientific research : a science for policy, European perspective.",,2025
http://publications.europa.eu/resource/cellar/93ee62e9-a32b-11f0-97c8-01aa75ed71a1,http://publications.europa.eu/resource/cellar/4d6708a2-477c-11f0-85ba-01aa75ed71a1,resource-type/STU,2025-10-07,"The role of artificial intelligence in scientific research : a science for policy, European perspective.",,2025
http://publications.europa.eu/resource/cellar/93ee62e9-a32b-11f0-97c8-01aa75ed71a1,http://publications.europa.eu/resource/cellar/68a58568-477c-11f0-85ba-01aa75ed71a1,resource-type/STU,2025-10-07,"The role of artificial intelligence in scientific research : a science for policy, European perspective.",,2025
http://publications.europa.eu/resource/cellar/93ee62e9-a32b-11f0-97c8-01aa75ed71a1,http://publications.europa.eu/resource/cellar/81aef9c2-477c-11f0-85ba-01aa75ed71a1,resource-type/STU,2025-10-07,"The role of artificial intelligence in scientific research : a science for policy, European perspective.",,2025
http://publications.europa.eu/resource/cellar/93ee62e9-a32b-11f0-97c8-01aa75ed71a1,http://publications.europa.eu/resource/cellar/39243fc9-9839-11f0-97c8-01aa75ed71a1,resource-type/STU,2025-10-07,"The role of artificial intelligence in scientific research : a science for policy, European perspective.",,2025
http://publications.europa.eu/resource/cellar/dc6dbf88-8eb5-11f0-bfe2-01aa75ed71a1,corporate-body/PUBL,resource-type/PUB_GEN,2025-09-10,Information provision activity requirement extraction from EU-acquis : experiments and findings.,,2025
http://publications.europa.eu/resource/cellar/dc6dbf88-8eb5-11f0-bfe2-01aa75ed71a1,corporate-body/PUBL,resource-type/STU,2025-09-10,Information provision activity requirement extraction from EU-acquis : experiments and findings.,,2025
http://publications.europa.eu/resource/cellar/505e2fe1-92ae-11f0-97c8-01aa75ed71a1,corporate-body/EMPL,resource-type/PUB_GEN,2025-09-15,Artificial intelligence and employment in the EU.,Commission,2025
http://publications.europa.eu/resource/cellar/09d26a7f-91dd-11f0-97c8-01aa75ed71a1,corporate-body/JRC,resource-type/PUB_GEN,2025-09-12,Work in the digital era : how technology is transforming work and occupations.,Commission,2025
http://publications.europa.eu/resource/cellar/09d26a7f-91dd-11f0-97c8-01aa75ed71a1,corporate-body/JRC,resource-type/STU,2025-09-12,Work in the digital era : how technology is transforming work and occupations.,Commission,2025
http://publications.europa.eu/resource/cellar/16f4db01-91e1-11f0-97c8-01aa75ed71a1,corporate-body/EMPL,resource-type/PUB_GEN,2025-09-12,Artificial intelligence and employment in the EU.,Commission,2025
http://publications.europa.eu/resource/cellar/16f4db01-91e1-11f0-97c8-01aa75ed71a1,corporate-body/EMPL,resource-type/STU,2025-09-12,Artificial intelligence and employment in the EU.,Commission,2025
http://publications.europa.eu/resource/cellar/73ff72c2-ab11-11f0-89c6-01aa75ed71a1,corporate-body/ENER,resource-type/PUB_GEN,2025-10-16,"BRIDGE, Consumer and citizen engagement working group : annual activity report 2024-2025.",Commission,2025
http://publications.europa.eu/resource/cellar/73ff72c2-ab11-11f0-89c6-01aa75ed71a1,http://publications.europa.eu/resource/cellar/80c9b4f4-3dbb-11e6-a825-01aa75ed71a1,resource-type/PUB_GEN,2025-10-16,"BRIDGE, Consumer and citizen engagement working group : annual activity report 2024-2025.",,2025
http://publications.europa.eu/resource/cellar/73ff72c2-ab11-11f0-89c6-01aa75ed71a1,corporate-body/CINEA,resource-type/PUB_GEN,2025-10-16,"BRIDGE, Consumer and citizen engagement working group : annual activity report 2024-2025.",Commission,2025
http://publications.europa.eu/resource/cellar/73ff72c2-ab11-11f0-89c6-01aa75ed71a1,http://publications.europa.eu/resource/cellar/78356cbf-9615-11ed-b508-01aa75ed71a1,resource-type/PUB_GEN,2025-10-16,"BRIDGE, Consumer and citizen engagement working group : annual activity report 2024-2025.",,2025
http://publications.europa.eu/resource/cellar/73ff72c2-ab11-11f0-89c6-01aa75ed71a1,http://publications.europa.eu/resource/cellar/b1ed1960-8aa4-11ef-a67d-01aa75ed71a1,resource-type/PUB_GEN,2025-10-16,"BRIDGE, Consumer and citizen engagement working group : annual activity report 2024-2025.",,2025
http://publications.europa.eu/resource/cellar/73ff72c2-ab11-11f0-89c6-01aa75ed71a1,http://publications.europa.eu/resource/cellar/28cfff87-a563-11ef-85f0-01aa75ed71a1,resource-type/PUB_GEN,2025-10-16,"BRIDGE, Consumer and citizen engagement working group : annual activity report 2024-2025.",,2025
http://publications.europa.eu/resource/cellar/73ff72c2-ab11-11f0-89c6-01aa75ed71a1,http://publications.europa.eu/resource/cellar/313225a0-a563-11ef-85f0-01aa75ed71a1,resource-type/PUB_GEN,2025-10-16,"BRIDGE, Consumer and citizen engagement working group : annual activity report 2024-2025.",,2025
http://publications.europa.eu/resource/cellar/73ff72c2-ab11-11f0-89c6-01aa75ed71a1,http://publications.europa.eu/resource/cellar/71ebadf0-ab11-11f0-89c6-01aa75ed71a1,resource-type/PUB_GEN,2025-10-16,"BRIDGE, Consumer and citizen engagement working group : annual activity report 2024-2025.",,2025
http://publications.europa.eu/resource/cellar/73ff72c2-ab11-11f0-89c6-01aa75ed71a1,http://publications.europa.eu/resource/cellar/6d156ebd-ab11-11f0-89c6-01aa75ed71a1,resource-type/PUB_GEN,2025-10-16,"BRIDGE, Consumer and citizen engagement working group : annual activity report 2024-2025.",,2025
http://publications.europa.eu/resource/cellar/73ff72c2-ab11-11f0-89c6-01aa75ed71a1,http://publications.europa.eu/resource/cellar/6e21396e-ab11-11f0-89c6-01aa75ed71a1,resource-type/PUB_GEN,2025-10-16,"BRIDGE, Consumer and citizen engagement working group : annual activity report 2024-2025.",,2025
http://publications.europa.eu/resource/cellar/73ff72c2-ab11-11f0-89c6-01aa75ed71a1,http://publications.europa.eu/resource/cellar/6fdd1a3f-ab11-11f0-89c6-01aa75ed71a1,resource-type/PUB_GEN,2025-10-16,"BRIDGE, Consumer and citizen engagement working group : annual activity report 2024-2025.",,2025
http://publications.europa.eu/resource/cellar/73ff72c2-ab11-11f0-89c6-01aa75ed71a1,http://publications.europa.eu/resource/cellar/72ff40d1-ab11-11f0-89c6-01aa75ed71a1,resource-type/PUB_GEN,2025-10-16,"BRIDGE, Consumer and citizen engagement working group : annual activity report 2024-2025.",,2025
http://publications.europa.eu/resource/cellar/73ff72c2-ab11-11f0-89c6-01aa75ed71a1,corporate-body/ENER,resource-type/STU,2025-10-16,"BRIDGE, Consumer and citizen engagement working group : annual activity report 2024-2025.",Commission,2025
http://publications.europa.eu/resource/cellar/73ff72c2-ab11-11f0-89c6-01aa75ed71a1,http://publications.europa.eu/resource/cellar/80c9b4f4-3dbb-11e6-a825-01aa75ed71a1,resource-type/STU,2025-10-16,"BRIDGE, Consumer and citizen engagement working group : annual activity report 2024-2025.",,2025
http://publications.europa.eu/resource/cellar/73ff72c2-ab11-11f0-89c6-01aa75ed71a1,corporate-body/CINEA,resource-type/STU,2025-10-16,"BRIDGE, Consumer and citizen engagement working group : annual activity report 2024-2025.",Commission,2025
http://publications.europa.eu/resource/cellar/73ff72c2-ab11-11f0-89c6-01aa75ed71a1,http://publications.europa.eu/resource/cellar/78356cbf-9615-11ed-b508-01aa75ed71a1,resource-type/STU,2025-10-16,"BRIDGE, Consumer and citizen engagement working group : annual activity report 2024-2025.",,2025
http://publications.europa.eu/resource/cellar/73ff72c2-ab11-11f0-89c6-01aa75ed71a1,http://publications.europa.eu/resource/cellar/b1ed1960-8aa4-11ef-a67d-01aa75ed71a1,resource-type/STU,2025-10-16,"BRIDGE, Consumer and citizen engagement working group : annual activity report 2024-2025.",,2025
http://publications.europa.eu/resource/cellar/73ff72c2-ab11-11f0-89c6-01aa75ed71a1,http://publications.europa.eu/resource/cellar/28cfff87-a563-11ef-85f0-01aa75ed71a1,resource-type/STU,2025-10-16,"BRIDGE, Consumer and citizen engagement working group : annual activity report 2024-2025.",,2025
http://publications.europa.eu/resource/cellar/73ff72c2-ab11-11f0-89c6-01aa75ed71a1,http://publications.europa.eu/resource/cellar/313225a0-a563-11ef-85f0-01aa75ed71a1,resource-type/STU,2025-10-16,"BRIDGE, Consumer and citizen engagement working group : annual activity report 2024-2025.",,2025
http://publications.europa.eu/resource/cellar/73ff72c2-ab11-11f0-89c6-01aa75ed71a1,http://publications.europa.eu/resource/cellar/71ebadf0-ab11-11f0-89c6-01aa75ed71a1,resource-type/STU,2025-10-16,"BRIDGE, Consumer and citizen engagement working group : annual activity report 2024-2025.",,2025
http://publications.europa.eu/resource/cellar/73ff72c2-ab11-11f0-89c6-01aa75ed71a1,http://publications.europa.eu/resource/cellar/6d156ebd-ab11-11f0-89c6-01aa75ed71a1,resource-type/STU,2025-10-16,"BRIDGE, Consumer and citizen engagement working group : annual activity report 2024-2025.",,2025
http://publications.europa.eu/resource/cellar/73ff72c2-ab11-11f0-89c6-01aa75ed71a1,http://publications.europa.eu/resource/cellar/6e21396e-ab11-11f0-89c6-01aa75ed71a1,resource-type/STU,2025-10-16,"BRIDGE, Consumer and citizen engagement working group : annual activity report 2024-2025.",,2025
http://publications.europa.eu/resource/cellar/73ff72c2-ab11-11f0-89c6-01aa75ed71a1,http://publications.europa.eu/resource/cellar/6fdd1a3f-ab11-11f0-89c6-01aa75ed71a1,resource-type/STU,2025-10-16,"BRIDGE, Consumer and citizen engagement working group : annual activity report 2024-2025.",,2025
http://publications.europa.eu/resource/cellar/73ff72c2-ab11-11f0-89c6-01aa75ed71a1,http://publications.europa.eu/resource/cellar/72ff40d1-ab11-11f0-89c6-01aa75ed71a1,resource-type/STU,2025-10-16,"BRIDGE, Consumer and citizen engagement working group : annual activity report 2024-2025.",,2025
http://publications.europa.eu/resource/cellar/1b401959-9369-11f0-97c8-01aa75ed71a1,corporate-body/EP,resource-type/RES_LEGIS,2024-04-24,P9_TA(2024)0359 – EuroHPC initiative for start-ups to boost European leadership in trustworthy Artificial Intelligence – European Parliament legislative resolution of 24 April 2024 on the proposal for a Council regulation amending Regulation (EU) 2021/1173 as regards an EuroHPC initiative for start-ups to boost European leadership in trustworthy Artificial Intelligence (COM(2024)0029 – C9-0013/2024 – 2024/0016(CNS)) (Special legislative procedure – consultation),Parliament,2024
http://publications.europa.eu/resource/cellar/1b401959-9369-11f0-97c8-01aa75ed71a1,corporate-body/EP_ITRE,resource-type/RES_LEGIS,2024-04-24,P9_TA(2024)0359 – EuroHPC initiative for start-ups to boost European leadership in trustworthy Artificial Intelligence – European Parliament legislative resolution of 24 April 2024 on the proposal for a Council regulation amending Regulation (EU) 2021/1173 as regards an EuroHPC initiative for start-ups to boost European leadership in trustworthy Artificial Intelligence (COM(2024)0029 – C9-0013/2024 – 2024/0016(CNS)) (Special legislative procedure – consultation),Parliament,2024
http://publications.europa.eu/resource/cellar/d84a31cf-c356-11f0-a612-01aa75ed71a1,corporate-body/CONSIL,resource-type/DEC,2025-11-13,Council Decision (EU) 2025/2350 of 13 November 2025 on the position to be taken on behalf of the European Union within the Committee of Ministers of the Council of Europe on the Draft Recommendation on equality and artificial intelligence,Council,2025
http://publications.europa.eu/resource/cellar/9b4fe25c-d704-11f0-8da2-01aa75ed71a1,corporate-body/CONSIL,resource-type/DEC,2025-12-11,Council Decision (CFSP) 2025/2539 of 11 December 2025 amending Decision (CFSP) 2022/2269 on Union support for the implementation of a project ‘Promoting Responsible Innovation in Artificial Intelligence for Peace and Security’,Council,2025
http://publications.europa.eu/resource/cellar/c9cc8b49-a264-11f0-97c8-01aa75ed71a1,corporate-body/OSHA,resource-type/PUB_GEN,2025-09-30,OSH pulse 2025 : occupational safety and health in the era of climate and digital change : report.,,2025
http://publications.europa.eu/resource/cellar/c9cc8b49-a264-11f0-97c8-01aa75ed71a1,http://publications.europa.eu/resource/cellar/84dbb4f0-a1e4-11ed-b508-01aa75ed71a1,resource-type/PUB_GEN,2025-09-30,OSH pulse 2025 : occupational safety and health in the era of climate and digital change : report.,,2025
http://publications.europa.eu/resource/cellar/c9cc8b49-a264-11f0-97c8-01aa75ed71a1,http://publications.europa.eu/resource/cellar/831302df-a1e4-11ed-b508-01aa75ed71a1,resource-type/PUB_GEN,2025-09-30,OSH pulse 2025 : occupational safety and health in the era of climate and digital change : report.,,2025
http://publications.europa.eu/resource/cellar/e5523c71-a25f-11f0-97c8-01aa75ed71a1,corporate-body/JRC,resource-type/PUB_GEN,2025-10-03,Advancing AI adoption : strengths and gaps in the European digital innovation hubs network : insights from the first generation of EDIHs.,Commission,2025
http://publications.europa.eu/resource/cellar/e5523c71-a25f-11f0-97c8-01aa75ed71a1,http://publications.europa.eu/resource/cellar/252a59a4-2abb-45b3-b14e-202393071306,resource-type/PUB_GEN,2025-10-03,Advancing AI adoption : strengths and gaps in the European digital innovation hubs network : insights from the first generation of EDIHs.,,2025
http://publications.europa.eu/resource/cellar/e5523c71-a25f-11f0-97c8-01aa75ed71a1,http://publications.europa.eu/resource/cellar/9c8a46f3-477c-11f0-85ba-01aa75ed71a1,resource-type/PUB_GEN,2025-10-03,Advancing AI adoption : strengths and gaps in the European digital innovation hubs network : insights from the first generation of EDIHs.,,2025
http://publications.europa.eu/resource/cellar/e5523c71-a25f-11f0-97c8-01aa75ed71a1,http://publications.europa.eu/resource/cellar/2fa571c2-167d-11f0-b1a3-01aa75ed71a1,resource-type/PUB_GEN,2025-10-03,Advancing AI adoption : strengths and gaps in the European digital innovation hubs network : insights from the first generation of EDIHs.,,2025
http://publications.europa.eu/resource/cellar/e5523c71-a25f-11f0-97c8-01aa75ed71a1,corporate-body/JRC,resource-type/STU,2025-10-03,Advancing AI adoption : strengths and gaps in the European digital innovation hubs network : insights from the first generation of EDIHs.,Commission,2025
http://publications.europa.eu/resource/cellar/e5523c71-a25f-11f0-97c8-01aa75ed71a1,http://publications.europa.eu/resource/cellar/252a59a4-2abb-45b3-b14e-202393071306,resource-type/STU,2025-10-03,Advancing AI adoption : strengths and gaps in the European digital innovation hubs network : insights from the first generation of EDIHs.,,2025
http://publications.europa.eu/resource/cellar/e5523c71-a25f-11f0-97c8-01aa75ed71a1,http://publications.europa.eu/resource/cellar/9c8a46f3-477c-11f0-85ba-01aa75ed71a1,resource-type/STU,2025-10-03,Advancing AI adoption : strengths and gaps in the European digital innovation hubs network : insights from the first generation of EDIHs.,,2025
http://publications.europa.eu/resource/cellar/e5523c71-a25f-11f0-97c8-01aa75ed71a1,http://publications.europa.eu/resource/cellar/2fa571c2-167d-11f0-b1a3-01aa75ed71a1,resource-type/STU,2025-10-03,Advancing AI adoption : strengths and gaps in the European digital innovation hubs network : insights from the first generation of EDIHs.,,2025
http://publications.europa.eu/resource/cellar/e9888e16-a24c-11f0-97c8-01aa75ed71a1,corporate-body/COM,resource-type/NOTICE,2025-09-25,Non-opposition to a notified concentration (Case M.12070 – META / RELIANCE / JV),Commission,2025
http://publications.europa.eu/resource/cellar/e9888e16-a24c-11f0-97c8-01aa75ed71a1,corporate-body/COMP,resource-type/NOTICE,2025-09-25,Non-opposition to a notified concentration (Case M.12070 – META / RELIANCE / JV),Commission,2025
http://publications.europa.eu/resource/cellar/dca0302d-1c21-11f1-8c3a-01aa75ed71a1,corporate-body/COM,resource-type/RECO,2026-03-06,Commission Recommendation (EU) 2026/510 of 6 March 2026 on revising the European assessment framework for safe and sustainable by design chemicals and materials,Commission,2026
http://publications.europa.eu/resource/cellar/dca0302d-1c21-11f1-8c3a-01aa75ed71a1,corporate-body/RTD,resource-type/RECO,2026-03-06,Commission Recommendation (EU) 2026/510 of 6 March 2026 on revising the European assessment framework for safe and sustainable by design chemicals and materials,Commission,2026
http://publications.europa.eu/resource/cellar/07d14462-9cf9-11f0-97c8-01aa75ed71a1,corporate-body/JRC,resource-type/PUB_GEN,2025-09-23,Embodying the future : horizon scanning for emerging technologies and breakthrough innovations in the field of human-like AI systems.,Commission,2025
http://publications.europa.eu/resource/cellar/3519493c-9cf7-11f0-97c8-01aa75ed71a1,corporate-body/JRC,resource-type/PUB_GEN,2025-09-25,Energy justice for AI : a framework.,Commission,2025
http://publications.europa.eu/resource/cellar/ec9aac3e-9cf7-11f0-97c8-01aa75ed71a1,corporate-body/JRC,resource-type/PUB_GEN,2025-09-26,AI-driven assessment of uncertainty and quality terminology in Copernicus data to enable policy uptake : application to the Copernicus land monitoring system.,Commission,2025
http://publications.europa.eu/resource/cellar/ec9aac3e-9cf7-11f0-97c8-01aa75ed71a1,http://publications.europa.eu/resource/cellar/0f9a67b6-431b-11ef-865a-01aa75ed71a1,resource-type/PUB_GEN,2025-09-26,AI-driven assessment of uncertainty and quality terminology in Copernicus data to enable policy uptake : application to the Copernicus land monitoring system.,,2025
http://publications.europa.eu/resource/cellar/ec9aac3e-9cf7-11f0-97c8-01aa75ed71a1,http://publications.europa.eu/resource/cellar/e829e49b-9cf7-11f0-97c8-01aa75ed71a1,resource-type/PUB_GEN,2025-09-26,AI-driven assessment of uncertainty and quality terminology in Copernicus data to enable policy uptake : application to the Copernicus land monitoring system.,,2025
http://publications.europa.eu/resource/cellar/ec9aac3e-9cf7-11f0-97c8-01aa75ed71a1,corporate-body/JRC,resource-type/STU,2025-09-26,AI-driven assessment of uncertainty and quality terminology in Copernicus data to enable policy uptake : application to the Copernicus land monitoring system.,Commission,2025
http://publications.europa.eu/resource/cellar/ec9aac3e-9cf7-11f0-97c8-01aa75ed71a1,http://publications.europa.eu/resource/cellar/0f9a67b6-431b-11ef-865a-01aa75ed71a1,resource-type/STU,2025-09-26,AI-driven assessment of uncertainty and quality terminology in Copernicus data to enable policy uptake : application to the Copernicus land monitoring system.,,2025
http://publications.europa.eu/resource/cellar/ec9aac3e-9cf7-11f0-97c8-01aa75ed71a1,http://publications.europa.eu/resource/cellar/e829e49b-9cf7-11f0-97c8-01aa75ed71a1,resource-type/STU,2025-09-26,AI-driven assessment of uncertainty and quality terminology in Copernicus data to enable policy uptake : application to the Copernicus land monitoring system.,,2025
http://publications.europa.eu/resource/cellar/f7f61c66-9cf4-11f0-97c8-01aa75ed71a1,corporate-body/EMEA,resource-type/PUB_GEN,2025-09-22,EU Network Training Centre newsletter : training by the network for the network. September 2025.,,2025
http://publications.europa.eu/resource/cellar/1cb5610f-a3f1-11f0-97c8-01aa75ed71a1,corporate-body/EAC,resource-type/PUB_GEN,2025-09-22,Marie Sklodowska-Curie actions research in AI.,Commission,2025
http://publications.europa.eu/resource/cellar/925e256c-a3ef-11f0-97c8-01aa75ed71a1,corporate-body/JRC,resource-type/PUB_GEN,2025-10-07,AI skills supply and demand : an analysis through online job advertisements and education and training offer.,Commission,2025
http://publications.europa.eu/resource/cellar/925e256c-a3ef-11f0-97c8-01aa75ed71a1,http://publications.europa.eu/resource/cellar/10c33dd0-a95f-11eb-9585-01aa75ed71a1,resource-type/PUB_GEN,2025-10-07,AI skills supply and demand : an analysis through online job advertisements and education and training offer.,,2025
http://publications.europa.eu/resource/cellar/925e256c-a3ef-11f0-97c8-01aa75ed71a1,http://publications.europa.eu/resource/cellar/bd291db6-dd94-11ed-a05c-01aa75ed71a1,resource-type/PUB_GEN,2025-10-07,AI skills supply and demand : an analysis through online job advertisements and education and training offer.,,2025
http://publications.europa.eu/resource/cellar/925e256c-a3ef-11f0-97c8-01aa75ed71a1,http://publications.europa.eu/resource/cellar/2ef5468d-43e6-11ef-865a-01aa75ed71a1,resource-type/PUB_GEN,2025-10-07,AI skills supply and demand : an analysis through online job advertisements and education and training offer.,,2025
http://publications.europa.eu/resource/cellar/925e256c-a3ef-11f0-97c8-01aa75ed71a1,corporate-body/JRC,resource-type/STU,2025-10-07,AI skills supply and demand : an analysis through online job advertisements and education and training offer.,Commission,2025
http://publications.europa.eu/resource/cellar/925e256c-a3ef-11f0-97c8-01aa75ed71a1,http://publications.europa.eu/resource/cellar/10c33dd0-a95f-11eb-9585-01aa75ed71a1,resource-type/STU,2025-10-07,AI skills supply and demand : an analysis through online job advertisements and education and training offer.,,2025
http://publications.europa.eu/resource/cellar/925e256c-a3ef-11f0-97c8-01aa75ed71a1,http://publications.europa.eu/resource/cellar/bd291db6-dd94-11ed-a05c-01aa75ed71a1,resource-type/STU,2025-10-07,AI skills supply and demand : an analysis through online job advertisements and education and training offer.,,2025
http://publications.europa.eu/resource/cellar/925e256c-a3ef-11f0-97c8-01aa75ed71a1,http://publications.europa.eu/resource/cellar/2ef5468d-43e6-11ef-865a-01aa75ed71a1,resource-type/STU,2025-10-07,AI skills supply and demand : an analysis through online job advertisements and education and training offer.,,2025
http://publications.europa.eu/resource/cellar/1bc106de-a4bb-11f0-a7c5-01aa75ed71a1,corporate-body/RTD,resource-type/PUB_GEN,2025-10-08,European strategy for artificial intelligence in science.,Commission,2025
http://publications.europa.eu/resource/cellar/aba793c9-0598-11f1-825d-01aa75ed71a1,corporate-body/EP,resource-type/REPORT_DRAFT_EP_CMT,2026-02-05,"DRAFT REPORT - on the proposal for a regulation of the European Parliament and of the Council amending Regulations (EU) 2024/1689 and (EU) 2018/1139 as regards the simplification of the implementation of harmonised rules on artificial intelligence (Digital Omnibus on AI) - (COM(2025)0836 - C10-0304/2025 - 2025/0359(COD)) - Committee on the Internal Market and Consumer Protection - Committee on Civil Liberties, Justice and Home Affairs - (Joint committee procedure - Rule 59 of the Rules of Procedure) - Rapporteurs: Arba Kokalari, Michael McNamara",Parliament,2026
http://publications.europa.eu/resource/cellar/42a11fd0-fa62-11f0-8da5-01aa75ed71a1,corporate-body/GCEU,resource-type/INFO_JUDICIAL,2025-11-21,Case T-626/25: Order of the General Court of 21 November 2025 – Kira v EUIPO – Kiddinx Studios (KIRA),,2025
http://publications.europa.eu/resource/cellar/e43def60-fa5a-11f0-8da5-01aa75ed71a1,corporate-body/CJ,resource-type/INFO_JUDICIAL,2025-04-01,"Case C-245/25, DZI – OBSHTO ZASTRAHOVANE: Request for a preliminary ruling from the Sofiyski rayonen sad (Bulgaria) lodged on 1 April 2025 – DZI – OBSHTO ZASTRAHOVANE EAD v ZK LEV INS AD",,2025
http://publications.europa.eu/resource/cellar/78701706-a7e0-11f0-a7c5-01aa75ed71a1,corporate-body/JRC,resource-type/PUB_GEN,2025-10-13,"Digital monitoring, algorithmic management and the platformisation of work in Europe.",Commission,2025
http://publications.europa.eu/resource/cellar/78701706-a7e0-11f0-a7c5-01aa75ed71a1,http://publications.europa.eu/resource/cellar/05155f76-13a7-43f9-8acd-8e2c9d9a334a,resource-type/PUB_GEN,2025-10-13,"Digital monitoring, algorithmic management and the platformisation of work in Europe.",,2025
http://publications.europa.eu/resource/cellar/78701706-a7e0-11f0-a7c5-01aa75ed71a1,http://publications.europa.eu/resource/cellar/2f5db559-9ecf-11e9-9d01-01aa75ed71a1,resource-type/PUB_GEN,2025-10-13,"Digital monitoring, algorithmic management and the platformisation of work in Europe.",,2025
http://publications.europa.eu/resource/cellar/78701706-a7e0-11f0-a7c5-01aa75ed71a1,http://publications.europa.eu/resource/cellar/b67d8a21-42f7-11ee-a8b8-01aa75ed71a1,resource-type/PUB_GEN,2025-10-13,"Digital monitoring, algorithmic management and the platformisation of work in Europe.",,2025
http://publications.europa.eu/resource/cellar/78701706-a7e0-11f0-a7c5-01aa75ed71a1,http://publications.europa.eu/resource/cellar/be2a43c2-cfc2-11ee-b9d9-01aa75ed71a1,resource-type/PUB_GEN,2025-10-13,"Digital monitoring, algorithmic management and the platformisation of work in Europe.",,2025
http://publications.europa.eu/resource/cellar/78701706-a7e0-11f0-a7c5-01aa75ed71a1,corporate-body/JRC,resource-type/STU,2025-10-13,"Digital monitoring, algorithmic management and the platformisation of work in Europe.",Commission,2025
http://publications.europa.eu/resource/cellar/78701706-a7e0-11f0-a7c5-01aa75ed71a1,http://publications.europa.eu/resource/cellar/05155f76-13a7-43f9-8acd-8e2c9d9a334a,resource-type/STU,2025-10-13,"Digital monitoring, algorithmic management and the platformisation of work in Europe.",,2025
http://publications.europa.eu/resource/cellar/78701706-a7e0-11f0-a7c5-01aa75ed71a1,http://publications.europa.eu/resource/cellar/2f5db559-9ecf-11e9-9d01-01aa75ed71a1,resource-type/STU,2025-10-13,"Digital monitoring, algorithmic management and the platformisation of work in Europe.",,2025
http://publications.europa.eu/resource/cellar/78701706-a7e0-11f0-a7c5-01aa75ed71a1,http://publications.europa.eu/resource/cellar/b67d8a21-42f7-11ee-a8b8-01aa75ed71a1,resource-type/STU,2025-10-13,"Digital monitoring, algorithmic management and the platformisation of work in Europe.",,2025
http://publications.europa.eu/resource/cellar/78701706-a7e0-11f0-a7c5-01aa75ed71a1,http://publications.europa.eu/resource/cellar/be2a43c2-cfc2-11ee-b9d9-01aa75ed71a1,resource-type/STU,2025-10-13,"Digital monitoring, algorithmic management and the platformisation of work in Europe.",,2025
http://publications.europa.eu/resource/cellar/5d45ae56-b082-11f0-b37f-01aa75ed71a1,corporate-body/EUI,resource-type/PUB_GEN,2025-10-23,The rise of central bank talk : essays in central bank communication and independence.,,2025
http://publications.europa.eu/resource/cellar/5d45ae56-b082-11f0-b37f-01aa75ed71a1,http://publications.europa.eu/resource/cellar/5c51b165-b082-11f0-b37f-01aa75ed71a1,resource-type/PUB_GEN,2025-10-23,The rise of central bank talk : essays in central bank communication and independence.,,2025
http://publications.europa.eu/resource/cellar/5a25a11e-b54d-11f0-b37f-01aa75ed71a1,corporate-body/EUROPOL,resource-type/PUB_GEN,2025-10-29,EU Innovation Hub for Internal Security annual report.,,2025
http://publications.europa.eu/resource/cellar/0053708c-b3a1-11f0-b37f-01aa75ed71a1,corporate-body/EESC,resource-type/OPIN_EXPLOR,2025-07-16,Opinion of the European Economic and Social Committee – Regulatory simplification – The use of digital tools in better law-making (Exploratory opinion requested by the Danish Presidency),,2025
http://publications.europa.eu/resource/cellar/ee36b1bc-b553-11f0-b37f-01aa75ed71a1,corporate-body/EUROPOL,resource-type/PUB_GEN,2025-10-29,EU Innovation Hub for Internal Security : annual event report 2024.,,2025
http://publications.europa.eu/resource/cellar/f180c8ff-b552-11f0-b37f-01aa75ed71a1,corporate-body/ENER,resource-type/PUB_GEN,2025-10-29,Artificial intelligence : October 2025.,Commission,2025
http://publications.europa.eu/resource/cellar/f180c8ff-b552-11f0-b37f-01aa75ed71a1,corporate-body/CINEA,resource-type/PUB_GEN,2025-10-29,Artificial intelligence : October 2025.,Commission,2025
http://publications.europa.eu/resource/cellar/f180c8ff-b552-11f0-b37f-01aa75ed71a1,http://publications.europa.eu/resource/cellar/efcb29be-b552-11f0-b37f-01aa75ed71a1,resource-type/PUB_GEN,2025-10-29,Artificial intelligence : October 2025.,,2025
http://publications.europa.eu/resource/cellar/af030d28-b3c4-11f0-b37f-01aa75ed71a1,corporate-body/EP_RESEARCH,resource-type/PUB_GEN,2025-10-27,"Digitalisation, artificial intelligence and algorithmic management in the workplace : shaping the future of work : cost of non-Europe.",Parliament,2025
http://publications.europa.eu/resource/cellar/af030d28-b3c4-11f0-b37f-01aa75ed71a1,http://publications.europa.eu/resource/cellar/87f88f78-12af-11e7-808e-01aa75ed71a1,resource-type/PUB_GEN,2025-10-27,"Digitalisation, artificial intelligence and algorithmic management in the workplace : shaping the future of work : cost of non-Europe.",,2025
http://publications.europa.eu/resource/cellar/af030d28-b3c4-11f0-b37f-01aa75ed71a1,http://publications.europa.eu/resource/cellar/4eeed437-70c3-445f-884f-a9e44c0d4254,resource-type/PUB_GEN,2025-10-27,"Digitalisation, artificial intelligence and algorithmic management in the workplace : shaping the future of work : cost of non-Europe.",,2025
http://publications.europa.eu/resource/cellar/af030d28-b3c4-11f0-b37f-01aa75ed71a1,http://publications.europa.eu/resource/cellar/fc5b2ab0-7947-11e5-86db-01aa75ed71a1,resource-type/PUB_GEN,2025-10-27,"Digitalisation, artificial intelligence and algorithmic management in the workplace : shaping the future of work : cost of non-Europe.",,2025
http://publications.europa.eu/resource/cellar/af030d28-b3c4-11f0-b37f-01aa75ed71a1,http://publications.europa.eu/resource/cellar/f068a99e-705b-418f-bc37-2a435ae2c1a1,resource-type/PUB_GEN,2025-10-27,"Digitalisation, artificial intelligence and algorithmic management in the workplace : shaping the future of work : cost of non-Europe.",,2025
http://publications.europa.eu/resource/cellar/af030d28-b3c4-11f0-b37f-01aa75ed71a1,http://publications.europa.eu/resource/cellar/edc306d4-7c74-11e5-9fae-01aa75ed71a1,resource-type/PUB_GEN,2025-10-27,"Digitalisation, artificial intelligence and algorithmic management in the workplace : shaping the future of work : cost of non-Europe.",,2025
http://publications.europa.eu/resource/cellar/af030d28-b3c4-11f0-b37f-01aa75ed71a1,http://publications.europa.eu/resource/cellar/797bd8c1-95ed-11ec-b4e4-01aa75ed71a1,resource-type/PUB_GEN,2025-10-27,"Digitalisation, artificial intelligence and algorithmic management in the workplace : shaping the future of work : cost of non-Europe.",,2025
http://publications.europa.eu/resource/cellar/af030d28-b3c4-11f0-b37f-01aa75ed71a1,http://publications.europa.eu/resource/cellar/782adfb6-1745-11eb-b57e-01aa75ed71a1,resource-type/PUB_GEN,2025-10-27,"Digitalisation, artificial intelligence and algorithmic management in the workplace : shaping the future of work : cost of non-Europe.",,2025
http://publications.europa.eu/resource/cellar/af030d28-b3c4-11f0-b37f-01aa75ed71a1,http://publications.europa.eu/resource/cellar/151c6b88-47ed-11ef-aea6-01aa75ed71a1,resource-type/PUB_GEN,2025-10-27,"Digitalisation, artificial intelligence and algorithmic management in the workplace : shaping the future of work : cost of non-Europe.",,2025
http://publications.europa.eu/resource/cellar/af030d28-b3c4-11f0-b37f-01aa75ed71a1,http://publications.europa.eu/resource/cellar/3abb0732-91e1-11f0-97c8-01aa75ed71a1,resource-type/PUB_GEN,2025-10-27,"Digitalisation, artificial intelligence and algorithmic management in the workplace : shaping the future of work : cost of non-Europe.",,2025
http://publications.europa.eu/resource/cellar/af030d28-b3c4-11f0-b37f-01aa75ed71a1,http://publications.europa.eu/resource/cellar/ac585f86-b3c4-11f0-b37f-01aa75ed71a1,resource-type/PUB_GEN,2025-10-27,"Digitalisation, artificial intelligence and algorithmic management in the workplace : shaping the future of work : cost of non-Europe.",,2025
http://publications.europa.eu/resource/cellar/af030d28-b3c4-11f0-b37f-01aa75ed71a1,corporate-body/EP_RESEARCH,resource-type/STU,2025-10-27,"Digitalisation, artificial intelligence and algorithmic management in the workplace : shaping the future of work : cost of non-Europe.",Parliament,2025
http://publications.europa.eu/resource/cellar/af030d28-b3c4-11f0-b37f-01aa75ed71a1,http://publications.europa.eu/resource/cellar/87f88f78-12af-11e7-808e-01aa75ed71a1,resource-type/STU,2025-10-27,"Digitalisation, artificial intelligence and algorithmic management in the workplace : shaping the future of work : cost of non-Europe.",,2025
http://publications.europa.eu/resource/cellar/af030d28-b3c4-11f0-b37f-01aa75ed71a1,http://publications.europa.eu/resource/cellar/4eeed437-70c3-445f-884f-a9e44c0d4254,resource-type/STU,2025-10-27,"Digitalisation, artificial intelligence and algorithmic management in the workplace : shaping the future of work : cost of non-Europe.",,2025
http://publications.europa.eu/resource/cellar/af030d28-b3c4-11f0-b37f-01aa75ed71a1,http://publications.europa.eu/resource/cellar/fc5b2ab0-7947-11e5-86db-01aa75ed71a1,resource-type/STU,2025-10-27,"Digitalisation, artificial intelligence and algorithmic management in the workplace : shaping the future of work : cost of non-Europe.",,2025
http://publications.europa.eu/resource/cellar/af030d28-b3c4-11f0-b37f-01aa75ed71a1,http://publications.europa.eu/resource/cellar/f068a99e-705b-418f-bc37-2a435ae2c1a1,resource-type/STU,2025-10-27,"Digitalisation, artificial intelligence and algorithmic management in the workplace : shaping the future of work : cost of non-Europe.",,2025
http://publications.europa.eu/resource/cellar/af030d28-b3c4-11f0-b37f-01aa75ed71a1,http://publications.europa.eu/resource/cellar/edc306d4-7c74-11e5-9fae-01aa75ed71a1,resource-type/STU,2025-10-27,"Digitalisation, artificial intelligence and algorithmic management in the workplace : shaping the future of work : cost of non-Europe.",,2025
http://publications.europa.eu/resource/cellar/af030d28-b3c4-11f0-b37f-01aa75ed71a1,http://publications.europa.eu/resource/cellar/797bd8c1-95ed-11ec-b4e4-01aa75ed71a1,resource-type/STU,2025-10-27,"Digitalisation, artificial intelligence and algorithmic management in the workplace : shaping the future of work : cost of non-Europe.",,2025
http://publications.europa.eu/resource/cellar/af030d28-b3c4-11f0-b37f-01aa75ed71a1,http://publications.europa.eu/resource/cellar/782adfb6-1745-11eb-b57e-01aa75ed71a1,resource-type/STU,2025-10-27,"Digitalisation, artificial intelligence and algorithmic management in the workplace : shaping the future of work : cost of non-Europe.",,2025
http://publications.europa.eu/resource/cellar/af030d28-b3c4-11f0-b37f-01aa75ed71a1,http://publications.europa.eu/resource/cellar/151c6b88-47ed-11ef-aea6-01aa75ed71a1,resource-type/STU,2025-10-27,"Digitalisation, artificial intelligence and algorithmic management in the workplace : shaping the future of work : cost of non-Europe.",,2025
http://publications.europa.eu/resource/cellar/af030d28-b3c4-11f0-b37f-01aa75ed71a1,http://publications.europa.eu/resource/cellar/3abb0732-91e1-11f0-97c8-01aa75ed71a1,resource-type/STU,2025-10-27,"Digitalisation, artificial intelligence and algorithmic management in the workplace : shaping the future of work : cost of non-Europe.",,2025
http://publications.europa.eu/resource/cellar/af030d28-b3c4-11f0-b37f-01aa75ed71a1,http://publications.europa.eu/resource/cellar/ac585f86-b3c4-11f0-b37f-01aa75ed71a1,resource-type/STU,2025-10-27,"Digitalisation, artificial intelligence and algorithmic management in the workplace : shaping the future of work : cost of non-Europe.",,2025
http://publications.europa.eu/resource/cellar/5b3f19db-b858-11f0-b37f-01aa75ed71a1,corporate-body/GCEU,resource-type/INFO_JUDICIAL,2025-09-12,Case T-626/25: Action brought on 12 September 2025 – Kira v EUIPO – Kiddinx Studios (KIRA),,2025
http://publications.europa.eu/resource/cellar/ef4ecd46-c5fa-11f0-8da2-01aa75ed71a1,corporate-body/EURUN,resource-type/COMMUNIC,2025-11-20,"COMMUNICATION FROM THE COMMISSION TO THE EUROPEAN PARLIAMENT, THE COUNCIL, THE EUROPEAN ECONOMIC AND SOCIAL COMMITTEE AND THE COMMITTEE OF THE REGIONS European Judicial Training Strategy 2025 - 2030 Creating a supportive environment for DigitalJustice@2030",,2025
http://publications.europa.eu/resource/cellar/ef4ecd46-c5fa-11f0-8da2-01aa75ed71a1,corporate-body/JUST,resource-type/COMMUNIC,2025-11-20,"COMMUNICATION FROM THE COMMISSION TO THE EUROPEAN PARLIAMENT, THE COUNCIL, THE EUROPEAN ECONOMIC AND SOCIAL COMMITTEE AND THE COMMITTEE OF THE REGIONS European Judicial Training Strategy 2025 - 2030 Creating a supportive environment for DigitalJustice@2030",Commission,2025
http://publications.europa.eu/resource/cellar/4df219f1-bac9-11f0-b37f-01aa75ed71a1,corporate-body/CNECT,resource-type/PUB_GEN,2025-11-05,Common European data space for cultural heritage : annual report 2024/2025.,Commission,2025
http://publications.europa.eu/resource/cellar/39012a5a-bdf5-11f0-bfd0-01aa75ed71a1,corporate-body/JUST,resource-type/PUB_GEN,2025-11-07,Key guiding principles on public campaigning against hate speech and hate crime : step-by-step guidance for national authorities.,Commission,2025
http://publications.europa.eu/resource/cellar/3be49d7b-f27c-11f0-8d3c-01aa75ed71a1,corporate-body/EESC,resource-type/OPIN_EXPLOR,2025-09-18,"Opinion of the European Economic and Social Committee – AI, Big Data and rare diseases (exploratory opinion requested by the Danish Presidency of the Council of the EU)",,2025
http://publications.europa.eu/resource/cellar/9f1d5705-beba-11f0-a612-01aa75ed71a1,corporate-body/EESC,resource-type/PUB_GEN,2025-11-10,The digitalisation of agriculture : opportunities and drawbacks towards the reduction of GHG emissions in agriculture.,,2025
http://publications.europa.eu/resource/cellar/9f1d5705-beba-11f0-a612-01aa75ed71a1,http://publications.europa.eu/resource/cellar/9ca8f0dd-2681-4ee1-b403-5d855554c3e2,resource-type/PUB_GEN,2025-11-10,The digitalisation of agriculture : opportunities and drawbacks towards the reduction of GHG emissions in agriculture.,,2025
http://publications.europa.eu/resource/cellar/9f1d5705-beba-11f0-a612-01aa75ed71a1,http://publications.europa.eu/resource/cellar/9e1a3ee4-beba-11f0-a612-01aa75ed71a1,resource-type/PUB_GEN,2025-11-10,The digitalisation of agriculture : opportunities and drawbacks towards the reduction of GHG emissions in agriculture.,,2025
http://publications.europa.eu/resource/cellar/9f1d5705-beba-11f0-a612-01aa75ed71a1,corporate-body/EESC,resource-type/STU,2025-11-10,The digitalisation of agriculture : opportunities and drawbacks towards the reduction of GHG emissions in agriculture.,,2025
http://publications.europa.eu/resource/cellar/9f1d5705-beba-11f0-a612-01aa75ed71a1,http://publications.europa.eu/resource/cellar/9ca8f0dd-2681-4ee1-b403-5d855554c3e2,resource-type/STU,2025-11-10,The digitalisation of agriculture : opportunities and drawbacks towards the reduction of GHG emissions in agriculture.,,2025
http://publications.europa.eu/resource/cellar/9f1d5705-beba-11f0-a612-01aa75ed71a1,http://publications.europa.eu/resource/cellar/9e1a3ee4-beba-11f0-a612-01aa75ed71a1,resource-type/STU,2025-11-10,The digitalisation of agriculture : opportunities and drawbacks towards the reduction of GHG emissions in agriculture.,,2025
http://publications.europa.eu/resource/cellar/f4c0c2d9-c052-11f0-a612-01aa75ed71a1,corporate-body/CEDEFOP,resource-type/PUB_GEN,2025-11-12,Preparing for 2040 : four AI-powered scenarios for the future of continuing skills development.,,2025
http://publications.europa.eu/resource/cellar/a07903ec-c5f5-11f0-8da2-01aa75ed71a1,corporate-body/COM,resource-type/COMMUNIC,2025-11-20,"COMMUNICATION FROM THE COMMISSION TO THE EUROPEAN PARLIAMENT, THE COUNCIL, THE EUROPEAN ECONOMIC AND SOCIAL COMMITTEE AND THE COMMITTEE OF THE REGIONS DigitalJustice@2030",Commission,2025
http://publications.europa.eu/resource/cellar/a07903ec-c5f5-11f0-8da2-01aa75ed71a1,corporate-body/JUST,resource-type/COMMUNIC,2025-11-20,"COMMUNICATION FROM THE COMMISSION TO THE EUROPEAN PARLIAMENT, THE COUNCIL, THE EUROPEAN ECONOMIC AND SOCIAL COMMITTEE AND THE COMMITTEE OF THE REGIONS DigitalJustice@2030",Commission,2025
http://publications.europa.eu/resource/cellar/16c1b366-c56f-11f0-8da2-01aa75ed71a1,corporate-body/COM,resource-type/COMMUNIC,2025-11-19,COMMUNICATION FROM THE COMMISSION TO THE EUROPEAN PARLIAMENT AND THE COUNCIL DATA UNION STRATEGY UNLOCKING DATA FOR AI,Commission,2025
http://publications.europa.eu/resource/cellar/16c1b366-c56f-11f0-8da2-01aa75ed71a1,corporate-body/CNECT,resource-type/COMMUNIC,2025-11-19,COMMUNICATION FROM THE COMMISSION TO THE EUROPEAN PARLIAMENT AND THE COUNCIL DATA UNION STRATEGY UNLOCKING DATA FOR AI,Commission,2025
http://publications.europa.eu/resource/cellar/7ae82b77-c570-11f0-8da2-01aa75ed71a1,corporate-body/COM,resource-type/SWD,2025-11-19,"COMMISSION STAFF WORKING DOCUMENT Accompanying the documents Proposal for a REGULATION OF THE EUROPEAN PARLIAMENT AND OF THE COUNCIL Amending Regulations (EU) 2016/679, (EU) 2018/1724, (EU) 2018/1725, (EU) 2023/2854 and Directives 2002/58/EC, (EU) 2022/2555 and (EU) 2022/2557 as regards the simplification of the digital legislative framework, and repealing Regulations (EU) 2018/1807, (EU) 2019/1150, (EU) 2022/868, and Directive (EU) 2019/1024 (Digital Omnibus) Amending Regulations (EU) 2024/1689 and (EU) 2018/1139 as regards the simplification of the implementation of harmonised rules on artificial intelligence (Digital Omnibus on AI)",Commission,2025
http://publications.europa.eu/resource/cellar/7ae82b77-c570-11f0-8da2-01aa75ed71a1,corporate-body/CNECT,resource-type/SWD,2025-11-19,"COMMISSION STAFF WORKING DOCUMENT Accompanying the documents Proposal for a REGULATION OF THE EUROPEAN PARLIAMENT AND OF THE COUNCIL Amending Regulations (EU) 2016/679, (EU) 2018/1724, (EU) 2018/1725, (EU) 2023/2854 and Directives 2002/58/EC, (EU) 2022/2555 and (EU) 2022/2557 as regards the simplification of the digital legislative framework, and repealing Regulations (EU) 2018/1807, (EU) 2019/1150, (EU) 2022/868, and Directive (EU) 2019/1024 (Digital Omnibus) Amending Regulations (EU) 2024/1689 and (EU) 2018/1139 as regards the simplification of the implementation of harmonised rules on artificial intelligence (Digital Omnibus on AI)",Commission,2025
http://publications.europa.eu/resource/cellar/6b108cfc-d0ff-11f0-8da2-01aa75ed71a1,corporate-body/COM,resource-type/COMMUNIC,2025-12-04,"COMMUNICATION FROM THE COMMISSION TO THE EUROPEAN PARLIAMENT, THE COUNCIL, THE EUROPEAN ECONOMIC AND SOCIAL COMMITTEE AND THE COMMITTEE OF THE REGIONS Quality Jobs Roadmap",Commission,2025
http://publications.europa.eu/resource/cellar/6b108cfc-d0ff-11f0-8da2-01aa75ed71a1,corporate-body/EMPL,resource-type/COMMUNIC,2025-12-04,"COMMUNICATION FROM THE COMMISSION TO THE EUROPEAN PARLIAMENT, THE COUNCIL, THE EUROPEAN ECONOMIC AND SOCIAL COMMITTEE AND THE COMMITTEE OF THE REGIONS Quality Jobs Roadmap",Commission,2025
http://publications.europa.eu/resource/cellar/05b02231-f280-11f0-8d3c-01aa75ed71a1,corporate-body/EESC,resource-type/OWNINI_OPIN,2025-09-18,Opinion of the European Economic and Social Committee – Interdependences between AI applications and liberal professions services: addressing urgent societal needs (own-initiative opinion),,2025
http://publications.europa.eu/resource/cellar/100477bf-f27c-11f0-8d3c-01aa75ed71a1,corporate-body/EESC,resource-type/OWNINI_OPIN,2025-09-18,Opinion of the European Economic and Social Committee – How apprenticeships and dual learning schemes can bolster the skills that businesses need in order to face the challenges of the green and digital transitions (own-initiative opinion),,2025
http://publications.europa.eu/resource/cellar/a402c3b2-f282-11f0-8d3c-01aa75ed71a1,corporate-body/EESC,resource-type/OWNINI_OPIN,2025-09-18,"Opinion of the European Economic and Social Committee – Water resilience and the twin transitions: Industrial approaches addressing the relationship between water, digitalisation and decarbonisation (own-initiative opinion)",,2025
http://publications.europa.eu/resource/cellar/b992c792-f6ab-11f0-b9bc-01aa75ed71a1,corporate-body/COM,resource-type/REPORT,2026-01-21,REPORT FROM THE COMMISSION TO THE EUROPEAN PARLIAMENT AND THE COUNCIL Evaluation of BEREC and the BEREC Office,Commission,2026
http://publications.europa.eu/resource/cellar/b992c792-f6ab-11f0-b9bc-01aa75ed71a1,corporate-body/CNECT,resource-type/REPORT,2026-01-21,REPORT FROM THE COMMISSION TO THE EUROPEAN PARLIAMENT AND THE COUNCIL Evaluation of BEREC and the BEREC Office,Commission,2026
http://publications.europa.eu/resource/cellar/79233450-dc06-11f0-8da2-01aa75ed71a1,corporate-body/COM,resource-type/REPORT,2025-12-18,"REPORT FROM THE COMMISSION TO THE EUROPEAN PARLIAMENT, THE COUNCIL, THE EUROPEAN ECONOMIC AND SOCIAL COMMITTEE AND THE COMMITTEE OF THE REGIONS The Digital Europe Programme: Main findings of the interim evaluation",Commission,2025
http://publications.europa.eu/resource/cellar/79233450-dc06-11f0-8da2-01aa75ed71a1,corporate-body/CNECT,resource-type/REPORT,2025-12-18,"REPORT FROM THE COMMISSION TO THE EUROPEAN PARLIAMENT, THE COUNCIL, THE EUROPEAN ECONOMIC AND SOCIAL COMMITTEE AND THE COMMITTEE OF THE REGIONS The Digital Europe Programme: Main findings of the interim evaluation",Commission,2025
http://publications.europa.eu/resource/cellar/7df04cc1-dc06-11f0-8da2-01aa75ed71a1,corporate-body/COM,resource-type/EVL,2025-12-18,"COMMISSION STAFF WORKING DOCUMENT EVALUATION Interim Evaluation of the Digital Europe Programme Accompanying the document REPORT FROM THE COMMISSION TO THE EUROPEAN PARLIAMENT, THE COUNCIL, THE EUROPEAN ECONOMIC AND SOCIAL COMMITTEE AND THE COMMITTEE OF THE REGIONS The Digital Europe Programme: Main findings of the interim evaluation",Commission,2025
http://publications.europa.eu/resource/cellar/7df04cc1-dc06-11f0-8da2-01aa75ed71a1,corporate-body/CNECT,resource-type/EVL,2025-12-18,"COMMISSION STAFF WORKING DOCUMENT EVALUATION Interim Evaluation of the Digital Europe Programme Accompanying the document REPORT FROM THE COMMISSION TO THE EUROPEAN PARLIAMENT, THE COUNCIL, THE EUROPEAN ECONOMIC AND SOCIAL COMMITTEE AND THE COMMITTEE OF THE REGIONS The Digital Europe Programme: Main findings of the interim evaluation",Commission,2025
http://publications.europa.eu/resource/cellar/d9d5c073-f6ab-11f0-b9bc-01aa75ed71a1,corporate-body/COM,resource-type/EVL,2026-01-21,COMMISSION STAFF WORKING DOCUMENT EVALUATION Accompanying the document REPORT FROM THE COMMISSION TO THE EUROPEAN PARLIAMENT AND THE COUNCIL Evaluation of BEREC and the BEREC Office,Commission,2026
http://publications.europa.eu/resource/cellar/d9d5c073-f6ab-11f0-b9bc-01aa75ed71a1,corporate-body/CNECT,resource-type/EVL,2026-01-21,COMMISSION STAFF WORKING DOCUMENT EVALUATION Accompanying the document REPORT FROM THE COMMISSION TO THE EUROPEAN PARLIAMENT AND THE COUNCIL Evaluation of BEREC and the BEREC Office,Commission,2026
http://publications.europa.eu/resource/cellar/1cc94bc2-1e7f-11f1-8c3a-01aa75ed71a1,corporate-body/CONSIL,resource-type/RECO,2026-03-09,Council Recommendation of 9 March 2026 on human capital in the European Union,Council,2026
http://publications.europa.eu/resource/cellar/fa1e1408-2335-11f1-8c3a-01aa75ed71a1,corporate-body/COM,resource-type/NOTICE,2026-03-19,Commission Notice – The 2026 annual Union work programme for European standardisation,Commission,2026
http://publications.europa.eu/resource/cellar/fa1e1408-2335-11f1-8c3a-01aa75ed71a1,corporate-body/GROW,resource-type/NOTICE,2026-03-19,Commission Notice – The 2026 annual Union work programme for European standardisation,Commission,2026
http://publications.europa.eu/resource/cellar/28f1db4d-1d3f-11f1-8c3a-01aa75ed71a1,corporate-body/EP,resource-type/REPORT,2025-11-26,"REPORT on the proposal for a Council regulation on amending Council Regulation (EU) 2021/1173 of 13 July 2021 on establishing the European High Performance Computing Joint Undertaking and repealing Regulation (EU) 2018/1488 (COM(2025)0414 - C10-0204/2025 - 2025/0229(NLE)) Committee on Industry, Research and Energy Rapporteur: Borys Budka",Parliament,2025
http://publications.europa.eu/resource/cellar/28f1db4d-1d3f-11f1-8c3a-01aa75ed71a1,corporate-body/EP_ITRE,resource-type/REPORT,2025-11-26,"REPORT on the proposal for a Council regulation on amending Council Regulation (EU) 2021/1173 of 13 July 2021 on establishing the European High Performance Computing Joint Undertaking and repealing Regulation (EU) 2018/1488 (COM(2025)0414 - C10-0204/2025 - 2025/0229(NLE)) Committee on Industry, Research and Energy Rapporteur: Borys Budka",Parliament,2025
http://publications.europa.eu/resource/cellar/d5b71802-1d3e-11f1-8c3a-01aa75ed71a1,corporate-body/EP,resource-type/ADOPT_TEXT,2025-12-17,European Parliament legislative resolution of 17 December 2025 on the proposal for a Council regulation on amending Council Regulation (EU) 2021/1173 of 13 July 2021 on establishing the European High Performance Computing Joint Undertaking and repealing Regulation (EU) 2018/1488 (COM(2025)0414 – C10-0204/2025 – 2025/0229(NLE)),Parliament,2025
http://publications.europa.eu/resource/cellar/74c8573a-1123-11f1-8870-01aa75ed71a1,corporate-body/COR,resource-type/OWNINI_OPIN,2025-12-10,Opinion of the European Committee of the Regions – AI Continent Action Plan,,2025
http://publications.europa.eu/resource/cellar/74c8573a-1123-11f1-8870-01aa75ed71a1,corporate-body/COR_ECON,resource-type/OWNINI_OPIN,2025-12-10,Opinion of the European Committee of the Regions – AI Continent Action Plan,,2025
http://publications.europa.eu/resource/cellar/9c98c178-1389-11f1-8870-01aa75ed71a1,corporate-body/EESC,resource-type/OWNINI_OPIN,2025-12-03,Opinion of the European Economic and Social Committee – Labour rights for journalists and media professionals as a safeguard for independence and truthful information (own-initiative opinion),,2025
http://publications.europa.eu/resource/cellar/42a122d6-1a23-11f1-9769-01aa75ed71a1,corporate-body/EP,resource-type/ADOPT_TEXT,2024-04-24,European Parliament legislative resolution of 24 April 2024 on the proposal for a Council regulation amending Regulation (EU) 2021/1173 as regards an EuroHPC initiative for start-ups to boost European leadership in trustworthy Artificial Intelligence (COM(2024)0029 – C9-0013/2024 – 2024/0016(CNS)),Parliament,2024
http://publications.europa.eu/resource/cellar/6fae7de9-1a23-11f1-9769-01aa75ed71a1,corporate-body/EP,resource-type/REPORT,2024-03-25,"REPORT on the proposal for a Council regulation amending Regulation (EU) 2021/1173 as regards an EuroHPC initiative for start-ups to boost European leadership in trustworthy Artificial Intelligence (COM(2024)0029 - C9-0013/2024 - 2024/0016(CNS)) Committee on Industry, Research and Energy Rapporteur: Maria da Graça Carvalho",Parliament,2024
http://publications.europa.eu/resource/cellar/6fae7de9-1a23-11f1-9769-01aa75ed71a1,corporate-body/EP_ITRE,resource-type/REPORT,2024-03-25,"REPORT on the proposal for a Council regulation amending Regulation (EU) 2021/1173 as regards an EuroHPC initiative for start-ups to boost European leadership in trustworthy Artificial Intelligence (COM(2024)0029 - C9-0013/2024 - 2024/0016(CNS)) Committee on Industry, Research and Energy Rapporteur: Maria da Graça Carvalho",Parliament,2024
http://publications.europa.eu/resource/cellar/44f3a665-1f96-11f1-8c3a-01aa75ed71a1,corporate-body/EP,resource-type/ADOPT_TEXT,2026-03-11,"European Parliament legislative resolution of 11 March 2026 on the draft Council decision on the conclusion, on behalf of the European Union, of the Council of Europe Framework Convention on Artificial Intelligence and Human Rights, Democracy and the Rule of Law (11361/2025– C10-0183/2025 – 2025/0136(NLE))",Parliament,2026
http://publications.europa.eu/resource/cellar/66016957-1f96-11f1-8c3a-01aa75ed71a1,corporate-body/EP,resource-type/REPORT,2026-02-02,"RECOMMENDATION on the draft Council decision on the conclusion, on behalf of the European Union, of the Council of Europe Framework Convention on Artificial Intelligence and Human Rights, Democracy and the Rule of Law (11361/2025- C10-0183/2025 - 2025/0136(NLE)) Committee on the Internal Market and Consumer Protection Committee on Civil Liberties, Justice and Home Affairs Co-Rapporteurs: José Cepeda, Paulo Cunha",Parliament,2026
http://publications.europa.eu/resource/cellar/66016957-1f96-11f1-8c3a-01aa75ed71a1,corporate-body/EP_IMCO,resource-type/REPORT,2026-02-02,"RECOMMENDATION on the draft Council decision on the conclusion, on behalf of the European Union, of the Council of Europe Framework Convention on Artificial Intelligence and Human Rights, Democracy and the Rule of Law (11361/2025- C10-0183/2025 - 2025/0136(NLE)) Committee on the Internal Market and Consumer Protection Committee on Civil Liberties, Justice and Home Affairs Co-Rapporteurs: José Cepeda, Paulo Cunha",Parliament,2026
http://publications.europa.eu/resource/cellar/66016957-1f96-11f1-8c3a-01aa75ed71a1,corporate-body/EP_LIBE,resource-type/REPORT,2026-02-02,"RECOMMENDATION on the draft Council decision on the conclusion, on behalf of the European Union, of the Council of Europe Framework Convention on Artificial Intelligence and Human Rights, Democracy and the Rule of Law (11361/2025- C10-0183/2025 - 2025/0136(NLE)) Committee on the Internal Market and Consumer Protection Committee on Civil Liberties, Justice and Home Affairs Co-Rapporteurs: José Cepeda, Paulo Cunha",Parliament,2026
http://publications.europa.eu/resource/cellar/d0eb4417-2540-11f1-a7dd-01aa75ed71a1,corporate-body/EP,resource-type/OPIN_LETTER_EP_CMT,2026-03-18,Opinion on Amending Regulations (EU) 2024/1689 and (EU) 2018/1139 as regards the simplification of the implementation of harmonised rules on artificial intelligence (Digital Omnibus on AI) (COM(2025)0836 - C10-0304/2025- 2025/0359(COD)),Parliament,2026
http://publications.europa.eu/resource/cellar/f7f5a958-2541-11f1-a7dd-01aa75ed71a1,corporate-body/EP,resource-type/REPORT_EP,2026-03-19,"REPORT - on the proposal for a regulation of the European Parliament and of the Council amending Regulations (EU) 2024/1689 and (EU) 2018/1139 as regards the simplification of the implementation of harmonised rules on artificial intelligence (Digital Omnibus on AI) - (COM(2025)0836 - C10-0304/2025 - 2025/0359(COD)) - Committee on the Internal Market and Consumer Protection - Committee on Civil Liberties, Justice and Home Affairs - (Joint committee procedure - Rule 59 of the Rules of Procedure) - Rapporteurs: Arba Kokalari, Michael McNamara",Parliament,2026
http://publications.europa.eu/resource/cellar/d02dd0e8-4364-11f1-8095-01aa75ed71a1,corporate-body/EP,resource-type/OWNINI_RES,2025-10-21,P10_TA(2025)0242 – A new legislative framework for products that is fit for the digital and sustainable transition – European Parliament resolution of 21 October 2025 on a new legislative framework for products that is fit for the digital and sustainable transition (2024/2119(INI)),Parliament,2025
http://publications.europa.eu/resource/cellar/d02dd0e8-4364-11f1-8095-01aa75ed71a1,corporate-body/EP_IMCO,resource-type/OWNINI_RES,2025-10-21,P10_TA(2025)0242 – A new legislative framework for products that is fit for the digital and sustainable transition – European Parliament resolution of 21 October 2025 on a new legislative framework for products that is fit for the digital and sustainable transition (2024/2119(INI)),Parliament,2025
http://publications.europa.eu/resource/cellar/caf111ae-3863-11f1-be39-01aa75ed71a1,corporate-body/ECB,resource-type/OWNINI_OPIN,2026-03-13,Opinion of the European Central Bank of 13 March 2026 on a proposal for a regulation as regards the simplification of the implementation of harmonised rules on artificial intelligence (CON/2026/10),,2026
http://publications.europa.eu/resource/cellar/d6eaaab7-3f76-11f1-8095-01aa75ed71a1,corporate-body/EP,resource-type/OWNINI_RES,2025-11-25,P10_TA(2025)0286 – Impact of artificial intelligence on the financial sector – European Parliament resolution of 25 November 2025 on the impact of artificial intelligence on the financial sector (2025/2056(INI)),Parliament,2025
http://publications.europa.eu/resource/cellar/d6eaaab7-3f76-11f1-8095-01aa75ed71a1,corporate-body/EP_ECON,resource-type/OWNINI_RES,2025-11-25,P10_TA(2025)0286 – Impact of artificial intelligence on the financial sector – European Parliament resolution of 25 November 2025 on the impact of artificial intelligence on the financial sector (2025/2056(INI)),Parliament,2025
http://publications.europa.eu/resource/cellar/7b2a3e7a-3f77-11f1-8095-01aa75ed71a1,corporate-body/EP,resource-type/OWNINI_RES,2025-11-26,P10_TA(2025)0299 – Protection of minors online – European Parliament resolution of 26 November 2025 on the protection of minors online (2025/2060(INI)),Parliament,2025
http://publications.europa.eu/resource/cellar/7b2a3e7a-3f77-11f1-8095-01aa75ed71a1,corporate-body/EP_CULT,resource-type/OWNINI_RES,2025-11-26,P10_TA(2025)0299 – Protection of minors online – European Parliament resolution of 26 November 2025 on the protection of minors online (2025/2060(INI)),Parliament,2025
http://publications.europa.eu/resource/cellar/7b2a3e7a-3f77-11f1-8095-01aa75ed71a1,corporate-body/EP_IMCO,resource-type/OWNINI_RES,2025-11-26,P10_TA(2025)0299 – Protection of minors online – European Parliament resolution of 26 November 2025 on the protection of minors online (2025/2060(INI)),Parliament,2025
http://publications.europa.eu/resource/cellar/7b2a3e7a-3f77-11f1-8095-01aa75ed71a1,corporate-body/EP_LIBE,resource-type/OWNINI_RES,2025-11-26,P10_TA(2025)0299 – Protection of minors online – European Parliament resolution of 26 November 2025 on the protection of minors online (2025/2060(INI)),Parliament,2025
http://publications.europa.eu/resource/cellar/201a3cbd-799e-11f1-bf5e-01aa75ed71a1,corporate-body/COM,resource-type/ANNOUNC,2026-07-07,Prior notification of a concentration (Case M.12417 – SAUDI ARAMCO / PIF / HUMAIN) – Candidate case for simplified procedure,Commission,2026
http://publications.europa.eu/resource/cellar/201a3cbd-799e-11f1-bf5e-01aa75ed71a1,corporate-body/COMP,resource-type/ANNOUNC,2026-07-07,Prior notification of a concentration (Case M.12417 – SAUDI ARAMCO / PIF / HUMAIN) – Candidate case for simplified procedure,Commission,2026
http://publications.europa.eu/resource/cellar/be1a7ff8-7ad0-11f1-bf5e-01aa75ed71a1,corporate-body/COM,resource-type/COMMUNIC,2026-07-07,"COMMUNICATION FROM THE COMMISSION TO THE EUROPEAN PARLIAMENT, THE COUNCIL, THE EUROPEAN ECONOMIC AND SOCIAL COMMITTEE AND THE COMMITTEE OF THE REGIONS Action Plan on Cybersecurity and Artificial Intelligence",Commission,2026
http://publications.europa.eu/resource/cellar/be1a7ff8-7ad0-11f1-bf5e-01aa75ed71a1,corporate-body/CNECT,resource-type/COMMUNIC,2026-07-07,"COMMUNICATION FROM THE COMMISSION TO THE EUROPEAN PARLIAMENT, THE COUNCIL, THE EUROPEAN ECONOMIC AND SOCIAL COMMITTEE AND THE COMMITTEE OF THE REGIONS Action Plan on Cybersecurity and Artificial Intelligence",Commission,2026
http://publications.europa.eu/resource/cellar/0ac0e899-285d-11f1-a7dd-01aa75ed71a1,corporate-body/EP,resource-type/OPIN_EP_CMT,2026-04-09,"OPINION - of the Committee on Security and Defence - for the Committee on Industry, Research and Energy - on the proposal for a regulation of the European Parliament and of the Council on establishing Horizon Europe, the Framework Programme for Research and Innovation, for the period 2028-2034 laying down its rules for participation and dissemination, and repealing Regulation (EU) 2021/695 - (COM(2025/0543 - C10-0164/2025 - 2025/0543(COD)) - Rapporteur for opinion: Costas Mavrides",Parliament,2026
http://publications.europa.eu/resource/cellar/fbd2c0b9-2a96-11f1-906d-01aa75ed71a1,corporate-body/EP,resource-type/ADOPT_TEXT,2026-03-26,Amendments adopted by the European Parliament on 26 March 2026 on the proposal for a regulation of the European Parliament and of the Council amending Regulations (EU) 2024/1689 and (EU) 2018/1139 as regards the simplification of the implementation of harmonised rules on artificial intelligence (Digital Omnibus on AI) (COM(2025)0836 – C10-0304/2025 – 2025/0359(COD)),Parliament,2026
http://publications.europa.eu/resource/cellar/b3a1598c-2c69-11f1-906d-01aa75ed71a1,corporate-body/EP,resource-type/OPIN_EP_CMT,2026-04-16,"OPINION - of the Committee on Culture and Education - for the Committee on Industry, Research and Energy - on the proposal for a regulation of the European Parliament and of the Council establishing Horizon Europe, the Framework Programme for Research and Innovation, for the period 2028-2034 laying down its rules for participation and dissemination, and repealing Regulation (EU) 2021/695 - (COM(2025)0543 - C10-0164/2025 - 2025/0543(COD)) - Rapporteur for opinion: Laurence Farreng",Parliament,2026
http://publications.europa.eu/resource/cellar/07685fd2-48e4-11f1-8095-01aa75ed71a1,corporate-body/EP,resource-type/RES_LEGIS,2025-12-16,"P10_TA(2025)0320 – Incentivising defence-related investments in the EU budget to implement the ReArm Europe Plan – European Parliament legislative resolution of 16 December 2025 on the proposal for a regulation of the European Parliament and of the Council amending Regulations (EU) 2021/694, (EU) 2021/695, (EU) 2021/697, (EU) 2021/1153, (EU) 2023/1525 and 2024/795, as regards incentivising defence-related investments in the EU budget to implement the ReArm Europe Plan (COM(2025)0188 – C10-0070/2025 – 2025/0103(COD)) (Ordinary legislative procedure: first reading)",Parliament,2025
http://publications.europa.eu/resource/cellar/07685fd2-48e4-11f1-8095-01aa75ed71a1,corporate-body/EP_ITRE,resource-type/RES_LEGIS,2025-12-16,"P10_TA(2025)0320 – Incentivising defence-related investments in the EU budget to implement the ReArm Europe Plan – European Parliament legislative resolution of 16 December 2025 on the proposal for a regulation of the European Parliament and of the Council amending Regulations (EU) 2021/694, (EU) 2021/695, (EU) 2021/697, (EU) 2021/1153, (EU) 2023/1525 and 2024/795, as regards incentivising defence-related investments in the EU budget to implement the ReArm Europe Plan (COM(2025)0188 – C10-0070/2025 – 2025/0103(COD)) (Ordinary legislative procedure: first reading)",Parliament,2025
http://publications.europa.eu/resource/cellar/07685fd2-48e4-11f1-8095-01aa75ed71a1,corporate-body/EP_TRAN,resource-type/RES_LEGIS,2025-12-16,"P10_TA(2025)0320 – Incentivising defence-related investments in the EU budget to implement the ReArm Europe Plan – European Parliament legislative resolution of 16 December 2025 on the proposal for a regulation of the European Parliament and of the Council amending Regulations (EU) 2021/694, (EU) 2021/695, (EU) 2021/697, (EU) 2021/1153, (EU) 2023/1525 and 2024/795, as regards incentivising defence-related investments in the EU budget to implement the ReArm Europe Plan (COM(2025)0188 – C10-0070/2025 – 2025/0103(COD)) (Ordinary legislative procedure: first reading)",Parliament,2025
http://publications.europa.eu/resource/cellar/07685fd2-48e4-11f1-8095-01aa75ed71a1,corporate-body/EP_BUDG,resource-type/RES_LEGIS,2025-12-16,"P10_TA(2025)0320 – Incentivising defence-related investments in the EU budget to implement the ReArm Europe Plan – European Parliament legislative resolution of 16 December 2025 on the proposal for a regulation of the European Parliament and of the Council amending Regulations (EU) 2021/694, (EU) 2021/695, (EU) 2021/697, (EU) 2021/1153, (EU) 2023/1525 and 2024/795, as regards incentivising defence-related investments in the EU budget to implement the ReArm Europe Plan (COM(2025)0188 – C10-0070/2025 – 2025/0103(COD)) (Ordinary legislative procedure: first reading)",Parliament,2025
http://publications.europa.eu/resource/cellar/07685fd2-48e4-11f1-8095-01aa75ed71a1,corporate-body/EP_JURI,resource-type/RES_LEGIS,2025-12-16,"P10_TA(2025)0320 – Incentivising defence-related investments in the EU budget to implement the ReArm Europe Plan – European Parliament legislative resolution of 16 December 2025 on the proposal for a regulation of the European Parliament and of the Council amending Regulations (EU) 2021/694, (EU) 2021/695, (EU) 2021/697, (EU) 2021/1153, (EU) 2023/1525 and 2024/795, as regards incentivising defence-related investments in the EU budget to implement the ReArm Europe Plan (COM(2025)0188 – C10-0070/2025 – 2025/0103(COD)) (Ordinary legislative procedure: first reading)",Parliament,2025
http://publications.europa.eu/resource/cellar/07685fd2-48e4-11f1-8095-01aa75ed71a1,corporate-body/EP_SEDE,resource-type/RES_LEGIS,2025-12-16,"P10_TA(2025)0320 – Incentivising defence-related investments in the EU budget to implement the ReArm Europe Plan – European Parliament legislative resolution of 16 December 2025 on the proposal for a regulation of the European Parliament and of the Council amending Regulations (EU) 2021/694, (EU) 2021/695, (EU) 2021/697, (EU) 2021/1153, (EU) 2023/1525 and 2024/795, as regards incentivising defence-related investments in the EU budget to implement the ReArm Europe Plan (COM(2025)0188 – C10-0070/2025 – 2025/0103(COD)) (Ordinary legislative procedure: first reading)",Parliament,2025
http://publications.europa.eu/resource/cellar/c651aa91-48e4-11f1-8095-01aa75ed71a1,corporate-body/EP,resource-type/RES_LEGIS,2025-12-17,P10_TA(2025)0333 – European High Performance Computing Joint Undertaking (EuroHPC) – European Parliament legislative resolution of 17 December 2025 on the proposal for a Council regulation on amending Council Regulation (EU) 2021/1173 of 13 July 2021 on establishing the European High Performance Computing Joint Undertaking and repealing Regulation (EU) 2018/1488 (COM(2025)0414 – C10-0204/2025 – 2025/0229(NLE)) (Consultation),Parliament,2025
http://publications.europa.eu/resource/cellar/c651aa91-48e4-11f1-8095-01aa75ed71a1,corporate-body/EP_ITRE,resource-type/RES_LEGIS,2025-12-17,P10_TA(2025)0333 – European High Performance Computing Joint Undertaking (EuroHPC) – European Parliament legislative resolution of 17 December 2025 on the proposal for a Council regulation on amending Council Regulation (EU) 2021/1173 of 13 July 2021 on establishing the European High Performance Computing Joint Undertaking and repealing Regulation (EU) 2018/1488 (COM(2025)0414 – C10-0204/2025 – 2025/0229(NLE)) (Consultation),Parliament,2025
http://publications.europa.eu/resource/cellar/c651aa91-48e4-11f1-8095-01aa75ed71a1,corporate-body/EP_BUDG,resource-type/RES_LEGIS,2025-12-17,P10_TA(2025)0333 – European High Performance Computing Joint Undertaking (EuroHPC) – European Parliament legislative resolution of 17 December 2025 on the proposal for a Council regulation on amending Council Regulation (EU) 2021/1173 of 13 July 2021 on establishing the European High Performance Computing Joint Undertaking and repealing Regulation (EU) 2018/1488 (COM(2025)0414 – C10-0204/2025 – 2025/0229(NLE)) (Consultation),Parliament,2025
http://publications.europa.eu/resource/cellar/0bf089e6-48e5-11f1-8095-01aa75ed71a1,corporate-body/EP,resource-type/OWNINI_RES,2025-12-17,"P10_TA(2025)0337 – Digitalisation, artificial intelligence and algorithmic management in the workplace – shaping the future of work – European Parliament resolution of 17 December 2025 with recommendations to the Commission on digitalisation, artificial intelligence and algorithmic management in the workplace – shaping the future of work (2025/2080(INL))",Parliament,2025
http://publications.europa.eu/resource/cellar/0bf089e6-48e5-11f1-8095-01aa75ed71a1,corporate-body/EP_EMPL,resource-type/OWNINI_RES,2025-12-17,"P10_TA(2025)0337 – Digitalisation, artificial intelligence and algorithmic management in the workplace – shaping the future of work – European Parliament resolution of 17 December 2025 with recommendations to the Commission on digitalisation, artificial intelligence and algorithmic management in the workplace – shaping the future of work (2025/2080(INL))",Parliament,2025
http://publications.europa.eu/resource/cellar/0bf089e6-48e5-11f1-8095-01aa75ed71a1,corporate-body/EP_LIBE,resource-type/OWNINI_RES,2025-12-17,"P10_TA(2025)0337 – Digitalisation, artificial intelligence and algorithmic management in the workplace – shaping the future of work – European Parliament resolution of 17 December 2025 with recommendations to the Commission on digitalisation, artificial intelligence and algorithmic management in the workplace – shaping the future of work (2025/2080(INL))",Parliament,2025
http://publications.europa.eu/resource/cellar/0bf089e6-48e5-11f1-8095-01aa75ed71a1,corporate-body/EP_JURI,resource-type/OWNINI_RES,2025-12-17,"P10_TA(2025)0337 – Digitalisation, artificial intelligence and algorithmic management in the workplace – shaping the future of work – European Parliament resolution of 17 December 2025 with recommendations to the Commission on digitalisation, artificial intelligence and algorithmic management in the workplace – shaping the future of work (2025/2080(INL))",Parliament,2025
http://publications.europa.eu/resource/cellar/6847a2e7-33ad-11f1-be39-01aa75ed71a1,corporate-body/EP,resource-type/OWNINI_RES,2025-09-11,P10_TA(2025)0197 – Implementation and streamlining of EU internal market rules to strengthen the single market – European Parliament resolution of 11 September 2025 on the implementation and streamlining of EU internal market rules to strengthen the single market (2025/2009(INI)),Parliament,2025
http://publications.europa.eu/resource/cellar/6847a2e7-33ad-11f1-be39-01aa75ed71a1,corporate-body/EP_IMCO,resource-type/OWNINI_RES,2025-09-11,P10_TA(2025)0197 – Implementation and streamlining of EU internal market rules to strengthen the single market – European Parliament resolution of 11 September 2025 on the implementation and streamlining of EU internal market rules to strengthen the single market (2025/2009(INI)),Parliament,2025
http://publications.europa.eu/resource/cellar/3f5b1dd8-39f6-11f1-814f-01aa75ed71a1,corporate-body/COM,resource-type/ANNOUNC,2026-04-17,Prior notification of a concentration (Case M.12391 – OAI / SBG / SB OAI JV) – Candidate case for simplified procedure,Commission,2026
http://publications.europa.eu/resource/cellar/3f5b1dd8-39f6-11f1-814f-01aa75ed71a1,corporate-body/COMP,resource-type/ANNOUNC,2026-04-17,Prior notification of a concentration (Case M.12391 – OAI / SBG / SB OAI JV) – Candidate case for simplified procedure,Commission,2026
http://publications.europa.eu/resource/cellar/b897a9ff-429a-11f1-8095-01aa75ed71a1,corporate-body/EESC,resource-type/OPIN,2026-01-21,Opinion of the European Economic and Social Committee – Communication from the Commission to the European Parliament and the Council – Apply AI Strategy (COM(2025) 723 final),,2026
http://publications.europa.eu/resource/cellar/1cba1cf9-4311-11f1-8095-01aa75ed71a1,corporate-body/COM,resource-type/REPORT,2026-04-28,"REPORT FROM THE COMMISSION TO THE EUROPEAN PARLIAMENT, THE COUNCIL AND THE EUROPEAN ECONOMIC AND SOCIAL COMMITTEE on the Review of Regulation (EU) 2022/1925 of the European Parliament and of the Council on contestable and fair markets in the digital sector and amending Directives (EU) 2019/1937 and (EU) 2020/1828 (Digital Markets Act), in accordance with Article 53 thereof",Commission,2026
http://publications.europa.eu/resource/cellar/1cba1cf9-4311-11f1-8095-01aa75ed71a1,corporate-body/CNECT,resource-type/REPORT,2026-04-28,"REPORT FROM THE COMMISSION TO THE EUROPEAN PARLIAMENT, THE COUNCIL AND THE EUROPEAN ECONOMIC AND SOCIAL COMMITTEE on the Review of Regulation (EU) 2022/1925 of the European Parliament and of the Council on contestable and fair markets in the digital sector and amending Directives (EU) 2019/1937 and (EU) 2020/1828 (Digital Markets Act), in accordance with Article 53 thereof",Commission,2026
http://publications.europa.eu/resource/cellar/5de8d1db-4311-11f1-8095-01aa75ed71a1,corporate-body/COM,resource-type/SWD,2026-04-28,"COMMISSION STAFF WORKING DOCUMENT Accompanying the document Report from the Commission to the European Parliament, the Council and the European Economic and Social Committee on the Review of Regulation (EU) 2022/1925 of the European Parliament and of the Council on contestable and fair markets in the digital sector and amending Directives (EU) 2019/1937 and (EU) 2020/1828 (Digital Markets Act), in accordance with Article 53 thereof",Commission,2026
http://publications.europa.eu/resource/cellar/5de8d1db-4311-11f1-8095-01aa75ed71a1,corporate-body/CNECT,resource-type/SWD,2026-04-28,"COMMISSION STAFF WORKING DOCUMENT Accompanying the document Report from the Commission to the European Parliament, the Council and the European Economic and Social Committee on the Review of Regulation (EU) 2022/1925 of the European Parliament and of the Council on contestable and fair markets in the digital sector and amending Directives (EU) 2019/1937 and (EU) 2020/1828 (Digital Markets Act), in accordance with Article 53 thereof",Commission,2026
http://publications.europa.eu/resource/cellar/c29ab1d1-4e64-11f1-b3e2-01aa75ed71a1,country/GBR,resource-type/CONVENTION,2024-09-05,"Council of Europe Framework Convention on Artificial Intelligence and Human Rights, Democracy and the Rule of Law",,2024
http://publications.europa.eu/resource/cellar/c29ab1d1-4e64-11f1-b3e2-01aa75ed71a1,country/MKD,resource-type/CONVENTION,2024-09-05,"Council of Europe Framework Convention on Artificial Intelligence and Human Rights, Democracy and the Rule of Law",,2024
http://publications.europa.eu/resource/cellar/c29ab1d1-4e64-11f1-b3e2-01aa75ed71a1,country/NOR,resource-type/CONVENTION,2024-09-05,"Council of Europe Framework Convention on Artificial Intelligence and Human Rights, Democracy and the Rule of Law",,2024
http://publications.europa.eu/resource/cellar/c29ab1d1-4e64-11f1-b3e2-01aa75ed71a1,country/CHE,resource-type/CONVENTION,2024-09-05,"Council of Europe Framework Convention on Artificial Intelligence and Human Rights, Democracy and the Rule of Law",,2024
http://publications.europa.eu/resource/cellar/c29ab1d1-4e64-11f1-b3e2-01aa75ed71a1,country/EUR,resource-type/CONVENTION,2024-09-05,"Council of Europe Framework Convention on Artificial Intelligence and Human Rights, Democracy and the Rule of Law",,2024
http://publications.europa.eu/resource/cellar/c29ab1d1-4e64-11f1-b3e2-01aa75ed71a1,country/GEO,resource-type/CONVENTION,2024-09-05,"Council of Europe Framework Convention on Artificial Intelligence and Human Rights, Democracy and the Rule of Law",,2024
http://publications.europa.eu/resource/cellar/c29ab1d1-4e64-11f1-b3e2-01aa75ed71a1,country/LIE,resource-type/CONVENTION,2024-09-05,"Council of Europe Framework Convention on Artificial Intelligence and Human Rights, Democracy and the Rule of Law",,2024
http://publications.europa.eu/resource/cellar/c29ab1d1-4e64-11f1-b3e2-01aa75ed71a1,country/ISL,resource-type/CONVENTION,2024-09-05,"Council of Europe Framework Convention on Artificial Intelligence and Human Rights, Democracy and the Rule of Law",,2024
http://publications.europa.eu/resource/cellar/c29ab1d1-4e64-11f1-b3e2-01aa75ed71a1,country/URY,resource-type/CONVENTION,2024-09-05,"Council of Europe Framework Convention on Artificial Intelligence and Human Rights, Democracy and the Rule of Law",,2024
http://publications.europa.eu/resource/cellar/c29ab1d1-4e64-11f1-b3e2-01aa75ed71a1,country/CAN,resource-type/CONVENTION,2024-09-05,"Council of Europe Framework Convention on Artificial Intelligence and Human Rights, Democracy and the Rule of Law",,2024
http://publications.europa.eu/resource/cellar/c29ab1d1-4e64-11f1-b3e2-01aa75ed71a1,country/UKR,resource-type/CONVENTION,2024-09-05,"Council of Europe Framework Convention on Artificial Intelligence and Human Rights, Democracy and the Rule of Law",,2024
http://publications.europa.eu/resource/cellar/c29ab1d1-4e64-11f1-b3e2-01aa75ed71a1,country/ARM,resource-type/CONVENTION,2024-09-05,"Council of Europe Framework Convention on Artificial Intelligence and Human Rights, Democracy and the Rule of Law",,2024
http://publications.europa.eu/resource/cellar/c29ab1d1-4e64-11f1-b3e2-01aa75ed71a1,country/JPN,resource-type/CONVENTION,2024-09-05,"Council of Europe Framework Convention on Artificial Intelligence and Human Rights, Democracy and the Rule of Law",,2024
http://publications.europa.eu/resource/cellar/c29ab1d1-4e64-11f1-b3e2-01aa75ed71a1,country/MDA,resource-type/CONVENTION,2024-09-05,"Council of Europe Framework Convention on Artificial Intelligence and Human Rights, Democracy and the Rule of Law",,2024
http://publications.europa.eu/resource/cellar/c29ab1d1-4e64-11f1-b3e2-01aa75ed71a1,country/USA,resource-type/CONVENTION,2024-09-05,"Council of Europe Framework Convention on Artificial Intelligence and Human Rights, Democracy and the Rule of Law",,2024
http://publications.europa.eu/resource/cellar/c29ab1d1-4e64-11f1-b3e2-01aa75ed71a1,country/AND,resource-type/CONVENTION,2024-09-05,"Council of Europe Framework Convention on Artificial Intelligence and Human Rights, Democracy and the Rule of Law",,2024
http://publications.europa.eu/resource/cellar/c29ab1d1-4e64-11f1-b3e2-01aa75ed71a1,country/ISR,resource-type/CONVENTION,2024-09-05,"Council of Europe Framework Convention on Artificial Intelligence and Human Rights, Democracy and the Rule of Law",,2024
http://publications.europa.eu/resource/cellar/c29ab1d1-4e64-11f1-b3e2-01aa75ed71a1,country/SMR,resource-type/CONVENTION,2024-09-05,"Council of Europe Framework Convention on Artificial Intelligence and Human Rights, Democracy and the Rule of Law",,2024
http://publications.europa.eu/resource/cellar/c29ab1d1-4e64-11f1-b3e2-01aa75ed71a1,country/BIH,resource-type/CONVENTION,2024-09-05,"Council of Europe Framework Convention on Artificial Intelligence and Human Rights, Democracy and the Rule of Law",,2024
http://publications.europa.eu/resource/cellar/c29ab1d1-4e64-11f1-b3e2-01aa75ed71a1,country/MNE,resource-type/CONVENTION,2024-09-05,"Council of Europe Framework Convention on Artificial Intelligence and Human Rights, Democracy and the Rule of Law",,2024
http://publications.europa.eu/resource/cellar/c54893c6-4e64-11f1-b3e2-01aa75ed71a1,corporate-body/CONSIL,resource-type/DEC,2026-04-21,"Council Decision (EU) 2026/1080 of 21 April 2026 on the conclusion, on behalf of the European Union, of the Council of Europe Framework Convention on Artificial Intelligence and Human Rights, Democracy and the Rule of Law",Council,2026
http://publications.europa.eu/resource/cellar/36e25180-531b-11f1-b3e2-01aa75ed71a1,corporate-body/COM,resource-type/NOTICE,2026-05-04,Non-opposition to a notified concentration (Case M.12391 – OAI / SBG / SB OAI JV),Commission,2026
http://publications.europa.eu/resource/cellar/36e25180-531b-11f1-b3e2-01aa75ed71a1,corporate-body/COMP,resource-type/NOTICE,2026-05-04,Non-opposition to a notified concentration (Case M.12391 – OAI / SBG / SB OAI JV),Commission,2026
http://publications.europa.eu/resource/cellar/b397c30e-6a63-11f1-ae88-01aa75ed71a1,corporate-body/COM,resource-type/COMMUNIC,2026-06-17,"COMMUNICATION FROM THE COMMISSION TO THE EUROPEAN PARLIAMENT, THE COUNCIL, THE EUROPEAN ECONOMIC AND SOCIAL COMMITTEE AND THE COMMITTEE OF THE REGIONS State of the Digital Decade 2026: Closing structural gaps and mobilising investments for 2030 and beyond",Commission,2026
http://publications.europa.eu/resource/cellar/b397c30e-6a63-11f1-ae88-01aa75ed71a1,corporate-body/CNECT,resource-type/COMMUNIC,2026-06-17,"COMMUNICATION FROM THE COMMISSION TO THE EUROPEAN PARLIAMENT, THE COUNCIL, THE EUROPEAN ECONOMIC AND SOCIAL COMMITTEE AND THE COMMITTEE OF THE REGIONS State of the Digital Decade 2026: Closing structural gaps and mobilising investments for 2030 and beyond",Commission,2026
http://publications.europa.eu/resource/cellar/bae9637f-6a63-11f1-ae88-01aa75ed71a1,corporate-body/COM,resource-type/SWD,2026-06-17,"COMMISSION STAFF WORKING DOCUMENT DESI 2026 methodological note Accompanying the document Communication from the Commission to the European Parliament, the Council, the European Economic and Social Committee, the Committee of the Regions State of the Digital Decade 2026: Closing structural gaps and mobilising investments for 2030 and beyond",Commission,2026
http://publications.europa.eu/resource/cellar/bae9637f-6a63-11f1-ae88-01aa75ed71a1,corporate-body/CNECT,resource-type/SWD,2026-06-17,"COMMISSION STAFF WORKING DOCUMENT DESI 2026 methodological note Accompanying the document Communication from the Commission to the European Parliament, the Council, the European Economic and Social Committee, the Committee of the Regions State of the Digital Decade 2026: Closing structural gaps and mobilising investments for 2030 and beyond",Commission,2026
http://publications.europa.eu/resource/cellar/bd380e70-6a63-11f1-ae88-01aa75ed71a1,corporate-body/COM,resource-type/SWD,2026-06-17,"COMMISSION STAFF WORKING DOCUMENT Digital Decade 2026 country report Accompanying the document COMMUNICATION FROM THE COMMISSION TO THE EUROPEAN PARLIAMENT, THE COUNCIL, THE EUROPEAN ECONOMIC AND SOCIAL COMMITTEE AND THE COMMITTEE OF THE REGIONS State of the Digital Decade 2026: Closing structural gaps and mobilising investments for 2030 and beyond",Commission,2026
http://publications.europa.eu/resource/cellar/bd380e70-6a63-11f1-ae88-01aa75ed71a1,corporate-body/CNECT,resource-type/SWD,2026-06-17,"COMMISSION STAFF WORKING DOCUMENT Digital Decade 2026 country report Accompanying the document COMMUNICATION FROM THE COMMISSION TO THE EUROPEAN PARLIAMENT, THE COUNCIL, THE EUROPEAN ECONOMIC AND SOCIAL COMMITTEE AND THE COMMITTEE OF THE REGIONS State of the Digital Decade 2026: Closing structural gaps and mobilising investments for 2030 and beyond",Commission,2026
http://publications.europa.eu/resource/cellar/c45de3f1-6a63-11f1-ae88-01aa75ed71a1,corporate-body/COM,resource-type/SWD,2026-06-17,"COMMISSION STAFF WORKING DOCUMENT Monitoring of EU-level recommendations 2025 Accompanying the document Communication from the Commission to the European Parliament, the Council, the European Economic and Social Committee, the Committee of the Regions State of the Digital Decade 2026: Closing structural gaps and mobilising investments for 2030 and beyond",Commission,2026
http://publications.europa.eu/resource/cellar/c45de3f1-6a63-11f1-ae88-01aa75ed71a1,corporate-body/CNECT,resource-type/SWD,2026-06-17,"COMMISSION STAFF WORKING DOCUMENT Monitoring of EU-level recommendations 2025 Accompanying the document Communication from the Commission to the European Parliament, the Council, the European Economic and Social Committee, the Committee of the Regions State of the Digital Decade 2026: Closing structural gaps and mobilising investments for 2030 and beyond",Commission,2026
http://publications.europa.eu/resource/cellar/c6b4f352-6a63-11f1-ae88-01aa75ed71a1,corporate-body/COM,resource-type/SWD,2026-06-17,"COMMISSION STAFF WORKING DOCUMENT Progress report on multi-country projects Accompanying the document COMMUNICATION FROM THE COMMISSION TO THE EUROPEAN PARLIAMENT, THE COUNCIL, THE EUROPEAN ECONOMIC AND SOCIAL COMMITTEE AND THE COMMITTEE OF THE REGIONS State of the Digital Decade 2026: Closing structural gaps and mobilising investments for 2030 and beyond",Commission,2026
http://publications.europa.eu/resource/cellar/c6b4f352-6a63-11f1-ae88-01aa75ed71a1,corporate-body/CNECT,resource-type/SWD,2026-06-17,"COMMISSION STAFF WORKING DOCUMENT Progress report on multi-country projects Accompanying the document COMMUNICATION FROM THE COMMISSION TO THE EUROPEAN PARLIAMENT, THE COUNCIL, THE EUROPEAN ECONOMIC AND SOCIAL COMMITTEE AND THE COMMITTEE OF THE REGIONS State of the Digital Decade 2026: Closing structural gaps and mobilising investments for 2030 and beyond",Commission,2026
http://publications.europa.eu/resource/cellar/e3e0548e-6a7a-11f1-ae88-01aa75ed71a1,corporate-body/EP,resource-type/ADOPT_TEXT,2026-06-16,European Parliament legislative resolution of 16 June 2026 on the proposal for a regulation of the European Parliament and of the Council amending Regulations (EU) 2024/1689 and (EU) 2018/1139 as regards the simplification of the implementation of harmonised rules on artificial intelligence (Digital Omnibus on AI) (COM(2025)0836 – C10-0304/2025 – 2025/0359(COD)),Parliament,2026
http://publications.europa.eu/resource/cellar/97d86437-5425-11f1-b3e2-01aa75ed71a1,corporate-body/COM,resource-type/REPORT,2026-05-20,REPORT FROM THE COMMISSION TO THE EUROPEAN PARLIAMENT AND THE COUNCIL REPORT ADOPTED PURSUANT TO ARTICLE 112(1) OF REGULATION (EU) 2024/1689 ON THE NEED TO REVIEW THE LIST OF PROHIBITED AI PRACTICES AND OF HIGH-RISK AI SYSTEMS LISTED IN ANNEX III,Commission,2026
http://publications.europa.eu/resource/cellar/97d86437-5425-11f1-b3e2-01aa75ed71a1,corporate-body/CNECT,resource-type/REPORT,2026-05-20,REPORT FROM THE COMMISSION TO THE EUROPEAN PARLIAMENT AND THE COUNCIL REPORT ADOPTED PURSUANT TO ARTICLE 112(1) OF REGULATION (EU) 2024/1689 ON THE NEED TO REVIEW THE LIST OF PROHIBITED AI PRACTICES AND OF HIGH-RISK AI SYSTEMS LISTED IN ANNEX III,Commission,2026
http://publications.europa.eu/resource/cellar/f8aefac9-589e-11f1-b3e2-01aa75ed71a1,corporate-body/CONSIL,resource-type/CONCL,2026-05-11,Council conclusions on teachers in the era of artificial intelligence (AI),Council,2026
http://publications.europa.eu/resource/cellar/05ba2702-5f3f-11f1-aa6d-01aa75ed71a1,corporate-body/COM,resource-type/COMMUNIC,2026-06-03,"COMMUNICATION FROM THE COMMISSION TO THE EUROPEAN PARLIAMENT, THE COUNCIL, THE EUROPEAN ECONOMIC AND SOCIAL COMMITTEE AND THE COMMITTEE OF THE REGIONS Strategic Roadmap for Digitalisation and AI in the Energy Sector",Commission,2026
http://publications.europa.eu/resource/cellar/05ba2702-5f3f-11f1-aa6d-01aa75ed71a1,corporate-body/ENER,resource-type/COMMUNIC,2026-06-03,"COMMUNICATION FROM THE COMMISSION TO THE EUROPEAN PARLIAMENT, THE COUNCIL, THE EUROPEAN ECONOMIC AND SOCIAL COMMITTEE AND THE COMMITTEE OF THE REGIONS Strategic Roadmap for Digitalisation and AI in the Energy Sector",Commission,2026
http://publications.europa.eu/resource/cellar/3586aca6-5f40-11f1-aa6d-01aa75ed71a1,corporate-body/COM,resource-type/COMMUNIC,2026-06-03,"COMMUNICATION FROM THE COMMISSION TO THE EUROPEAN PARLIAMENT, THE COUNCIL, THE EUROPEAN ECONOMIC AND SOCIAL COMMITTEE AND THE COMMITTEE OF THE REGIONS on European Tech Sovereignty, accompanied by an EU Open Source Strategy",Commission,2026
http://publications.europa.eu/resource/cellar/3586aca6-5f40-11f1-aa6d-01aa75ed71a1,corporate-body/CNECT,resource-type/COMMUNIC,2026-06-03,"COMMUNICATION FROM THE COMMISSION TO THE EUROPEAN PARLIAMENT, THE COUNCIL, THE EUROPEAN ECONOMIC AND SOCIAL COMMITTEE AND THE COMMITTEE OF THE REGIONS on European Tech Sovereignty, accompanied by an EU Open Source Strategy",Commission,2026
http://publications.europa.eu/resource/cellar/6e73e2db-5f40-11f1-aa6d-01aa75ed71a1,corporate-body/COM,resource-type/PROP_REG,2026-06-03,Proposal for a REGULATION OF THE EUROPEAN PARLIAMENT AND OF THE COUNCIL establishing a framework of measures for strengthening Europe’s cloud and AI ecosystem (Cloud and AI Development Act),Commission,2026
http://publications.europa.eu/resource/cellar/6e73e2db-5f40-11f1-aa6d-01aa75ed71a1,corporate-body/CNECT,resource-type/PROP_REG,2026-06-03,Proposal for a REGULATION OF THE EUROPEAN PARLIAMENT AND OF THE COUNCIL establishing a framework of measures for strengthening Europe’s cloud and AI ecosystem (Cloud and AI Development Act),Commission,2026
http://publications.europa.eu/resource/cellar/94e9297d-5f40-11f1-aa6d-01aa75ed71a1,corporate-body/COM,resource-type/IMPACT_ASSESS_SUM,2026-06-03,COMMISSION STAFF WORKING DOCUMENT EXECUTIVE SUMMARY OF THE IMPACT ASSESSMENT REPORT Accompanying the document Proposal for a REGULATION OF THE EUROPEAN PARLIAMENT AND OF THE COUNCIL establishing a framework of measures for strengthening Europe's cloud and AI ecosystem (Cloud and AI Development Act),Commission,2026
http://publications.europa.eu/resource/cellar/94e9297d-5f40-11f1-aa6d-01aa75ed71a1,corporate-body/CNECT,resource-type/IMPACT_ASSESS_SUM,2026-06-03,COMMISSION STAFF WORKING DOCUMENT EXECUTIVE SUMMARY OF THE IMPACT ASSESSMENT REPORT Accompanying the document Proposal for a REGULATION OF THE EUROPEAN PARLIAMENT AND OF THE COUNCIL establishing a framework of measures for strengthening Europe's cloud and AI ecosystem (Cloud and AI Development Act),Commission,2026
http://publications.europa.eu/resource/cellar/a6802eee-5f40-11f1-aa6d-01aa75ed71a1,corporate-body/COM,resource-type/IMPACT_ASSESS,2026-06-03,COMMISSION STAFF WORKING DOCUMENT IMPACT ASSESSMENT REPORT Accompanying the document Proposal for a REGULATION OF THE EUROPEAN PARLIAMENT AND OF THE COUNCIL establishing a framework of measures for strengthening Europe’s cloud and AI ecosystem (Cloud and AI Development Act),Commission,2026
http://publications.europa.eu/resource/cellar/a6802eee-5f40-11f1-aa6d-01aa75ed71a1,corporate-body/CNECT,resource-type/IMPACT_ASSESS,2026-06-03,COMMISSION STAFF WORKING DOCUMENT IMPACT ASSESSMENT REPORT Accompanying the document Proposal for a REGULATION OF THE EUROPEAN PARLIAMENT AND OF THE COUNCIL establishing a framework of measures for strengthening Europe’s cloud and AI ecosystem (Cloud and AI Development Act),Commission,2026
http://publications.europa.eu/resource/cellar/d4f4259d-9066-11f1-9262-01aa75ed71a1,corporate-body/EP,resource-type/OWNINI_RES,2026-01-22,P10_TA(2026)0022 – European technological sovereignty and digital infrastructure – European Parliament resolution of 22 January 2026 on European technological sovereignty and digital infrastructure (2025/2007(INI)),Parliament,2026
http://publications.europa.eu/resource/cellar/d4f4259d-9066-11f1-9262-01aa75ed71a1,corporate-body/EP_ITRE,resource-type/OWNINI_RES,2026-01-22,P10_TA(2026)0022 – European technological sovereignty and digital infrastructure – European Parliament resolution of 22 January 2026 on European technological sovereignty and digital infrastructure (2025/2007(INI)),Parliament,2026
http://publications.europa.eu/resource/cellar/5e586838-a4d4-11f1-b25c-01aa75ed71a1,corporate-body/GCEU,resource-type/INFO_JUDICIAL,2026-07-15,Case T-555/25: Judgment of the General Court of 15 July 2026 – OpenAI v EUIPO(OPENAI) (EU trade mark – Application for the EU word mark OPENAI – Absolute grounds for refusal – Lack of distinctive character – Descriptive character – Article 7(1)(b) and (c) of Regulation (EU) 2017/1001 – Equal treatment – Principle of sound administration),,2026
http://publications.europa.eu/resource/cellar/cd806b9d-7bf7-11f1-bf5e-01aa75ed71a1,corporate-body/CONSIL,resource-type/RES,2026-07-10,Council Resolution on the second cycle of the strategic framework for European cooperation in education and training towards the European Education Area (2026-2030),Council,2026
http://publications.europa.eu/resource/cellar/a78b51b3-75b2-11f1-bf5e-01aa75ed71a1,corporate-body/EESC,resource-type/OPIN,2026-03-18,"Opinion of the European Economic and Social Committee a) Proposal for a Regulation of the European Parliament and of the Council amending Regulations (EU) 2024/1689 and (EU) 2018/1139 as regards the simplification of the implementation of harmonised rules on artificial intelligence (Digital Omnibus on AI) (COM(2025) 836 final – 2025/0359 (COD)) and b) Proposal for a Regulation of the European Parliament and of the Council amending Regulations (EU) 2016/679, (EU) 2018/1724, (EU) 2018/1725, (EU) 2023/2854 and Directives 2002/58/EC, (EU) 2022/2555 and (EU) 2022/2557 as regards the simplification of the digital legislative framework, and repealing Regulations (EU) 2018/1807, (EU) 2019/1150, (EU) 2022/868 and Directive (EU) 2019/1024 (Digital Omnibus) (COM(2025) 837 final – 2025/0360 (COD))",,2026
http://publications.europa.eu/resource/cellar/0c415fa3-75b4-11f1-bf5e-01aa75ed71a1,corporate-body/EESC,resource-type/OPIN_EXPLOR,2026-03-18,Opinion of the European Economic and Social Committee – Enhancing quality in employment and working conditions by introducing and promoting related tools (including AI) and strengthening social dialogue and collective bargaining (exploratory opinion requested by the Cypriot presidency),,2026
http://publications.europa.eu/resource/cellar/a811a084-80b1-11f1-bf5e-01aa75ed71a1,corporate-body/ESRB,resource-type/WARN,2026-06-25,Warning of the European Systemic Risk Board of 25 June 2026 on systemic cyber risks stemming from frontier artificial intelligence models (ESRB/2026/3),,2026
http://publications.europa.eu/resource/cellar/b459c07f-86fb-11f1-bf5e-01aa75ed71a1,corporate-body/CONSIL,resource-type/REG,2026-07-08,"Regulation (EU) 2026/1744 of the European Parliament and of the Council of 8 July 2026 amending Regulations (EU) 2024/1689, (EU) 2018/1139 and (EU) 2023/1230 as regards the simplification of the implementation of harmonised rules on artificial intelligence (Digital Omnibus on AI) (Text with EEA relevance)",Council,2026
http://publications.europa.eu/resource/cellar/b459c07f-86fb-11f1-bf5e-01aa75ed71a1,corporate-body/EP,resource-type/REG,2026-07-08,"Regulation (EU) 2026/1744 of the European Parliament and of the Council of 8 July 2026 amending Regulations (EU) 2024/1689, (EU) 2018/1139 and (EU) 2023/1230 as regards the simplification of the implementation of harmonised rules on artificial intelligence (Digital Omnibus on AI) (Text with EEA relevance)",Parliament,2026
http://publications.europa.eu/resource/cellar/a8113879-86fb-11f1-bf5e-01aa75ed71a1,corporate-body/COR,resource-type/OPIN,2026-05-07,Opinion of the European Committee of the Regions – Digital simplification and Data Union Strategy,,2026
http://publications.europa.eu/resource/cellar/a8113879-86fb-11f1-bf5e-01aa75ed71a1,corporate-body/COR_ECON,resource-type/OPIN,2026-05-07,Opinion of the European Committee of the Regions – Digital simplification and Data Union Strategy,,2026
http://publications.europa.eu/resource/cellar/6730fc62-86fc-11f1-bf5e-01aa75ed71a1,corporate-body/COR,resource-type/OWNINI_OPIN,2026-05-06,Opinion of the European Committee of the Regions – The Protection of Youth and Minors in the Digital Sphere,,2026
http://publications.europa.eu/resource/cellar/6730fc62-86fc-11f1-bf5e-01aa75ed71a1,corporate-body/COR_SEDEC,resource-type/OWNINI_OPIN,2026-05-06,Opinion of the European Committee of the Regions – The Protection of Youth and Minors in the Digital Sphere,,2026
http://publications.europa.eu/resource/cellar/b8c9e6d4-849c-11f1-bf5e-01aa75ed71a1,corporate-body/COM,resource-type/REG_IMPL,2026-07-20,Commission Implementing Regulation (EU) 2026/1755 of 20 July 2026 on detailed arrangements for the conduct of certain proceedings by the Commission pursuant to Regulation (EU) 2024/1689 of the European Parliament and of the Council,Commission,2026
http://publications.europa.eu/resource/cellar/b8c9e6d4-849c-11f1-bf5e-01aa75ed71a1,corporate-body/CNECT,resource-type/REG_IMPL,2026-07-20,Commission Implementing Regulation (EU) 2026/1755 of 20 July 2026 on detailed arrangements for the conduct of certain proceedings by the Commission pursuant to Regulation (EU) 2024/1689 of the European Parliament and of the Council,Commission,2026
http://publications.europa.eu/resource/cellar/14de9abd-8ae6-11f1-910d-01aa75ed71a1,corporate-body/COM,resource-type/NOTICE,2026-07-22,Non-opposition to a notified concentration (Case M.12417 – SAUDI ARAMCO / PIF / HUMAIN),Commission,2026
http://publications.europa.eu/resource/cellar/14de9abd-8ae6-11f1-910d-01aa75ed71a1,corporate-body/COMP,resource-type/NOTICE,2026-07-22,Non-opposition to a notified concentration (Case M.12417 – SAUDI ARAMCO / PIF / HUMAIN),Commission,2026
http://publications.europa.eu/resource/cellar/c2a810f9-9778-11f1-9262-01aa75ed71a1,corporate-body/COM,resource-type/ANNOUNC,2026-08-14,Prior notification of a concentration (Case M.12575 – ACCENTURE / VTS) – Candidate case for simplified procedure,Commission,2026
http://publications.europa.eu/resource/cellar/c2a810f9-9778-11f1-9262-01aa75ed71a1,corporate-body/COMP,resource-type/ANNOUNC,2026-08-14,Prior notification of a concentration (Case M.12575 – ACCENTURE / VTS) – Candidate case for simplified procedure,Commission,2026
http://publications.europa.eu/resource/cellar/60cb6359-a0e6-11f1-b25c-01aa75ed71a1,corporate-body/EP,resource-type/RES_LEGIS,2026-03-11,"P10_TA(2026)0071 – Council of Europe Framework Convention on Artificial Intelligence and Human Rights, Democracy and the Rule of Law – European Parliament legislative resolution of 11 March 2026 on the draft Council decision on the conclusion, on behalf of the European Union, of the Council of Europe Framework Convention on Artificial Intelligence and Human Rights, Democracy and the Rule of Law (11361/2025– C10-0183/2025 – 2025/0136(NLE)) (Consent)",Parliament,2026
http://publications.europa.eu/resource/cellar/60cb6359-a0e6-11f1-b25c-01aa75ed71a1,corporate-body/EP_CULT,resource-type/RES_LEGIS,2026-03-11,"P10_TA(2026)0071 – Council of Europe Framework Convention on Artificial Intelligence and Human Rights, Democracy and the Rule of Law – European Parliament legislative resolution of 11 March 2026 on the draft Council decision on the conclusion, on behalf of the European Union, of the Council of Europe Framework Convention on Artificial Intelligence and Human Rights, Democracy and the Rule of Law (11361/2025– C10-0183/2025 – 2025/0136(NLE)) (Consent)",Parliament,2026
http://publications.europa.eu/resource/cellar/60cb6359-a0e6-11f1-b25c-01aa75ed71a1,corporate-body/EP_IMCO,resource-type/RES_LEGIS,2026-03-11,"P10_TA(2026)0071 – Council of Europe Framework Convention on Artificial Intelligence and Human Rights, Democracy and the Rule of Law – European Parliament legislative resolution of 11 March 2026 on the draft Council decision on the conclusion, on behalf of the European Union, of the Council of Europe Framework Convention on Artificial Intelligence and Human Rights, Democracy and the Rule of Law (11361/2025– C10-0183/2025 – 2025/0136(NLE)) (Consent)",Parliament,2026
http://publications.europa.eu/resource/cellar/60cb6359-a0e6-11f1-b25c-01aa75ed71a1,corporate-body/EP_ITRE,resource-type/RES_LEGIS,2026-03-11,"P10_TA(2026)0071 – Council of Europe Framework Convention on Artificial Intelligence and Human Rights, Democracy and the Rule of Law – European Parliament legislative resolution of 11 March 2026 on the draft Council decision on the conclusion, on behalf of the European Union, of the Council of Europe Framework Convention on Artificial Intelligence and Human Rights, Democracy and the Rule of Law (11361/2025– C10-0183/2025 – 2025/0136(NLE)) (Consent)",Parliament,2026
http://publications.europa.eu/resource/cellar/60cb6359-a0e6-11f1-b25c-01aa75ed71a1,corporate-body/EP_LIBE,resource-type/RES_LEGIS,2026-03-11,"P10_TA(2026)0071 – Council of Europe Framework Convention on Artificial Intelligence and Human Rights, Democracy and the Rule of Law – European Parliament legislative resolution of 11 March 2026 on the draft Council decision on the conclusion, on behalf of the European Union, of the Council of Europe Framework Convention on Artificial Intelligence and Human Rights, Democracy and the Rule of Law (11361/2025– C10-0183/2025 – 2025/0136(NLE)) (Consent)",Parliament,2026
http://publications.europa.eu/resource/cellar/60cb6359-a0e6-11f1-b25c-01aa75ed71a1,corporate-body/EP_BUDG,resource-type/RES_LEGIS,2026-03-11,"P10_TA(2026)0071 – Council of Europe Framework Convention on Artificial Intelligence and Human Rights, Democracy and the Rule of Law – European Parliament legislative resolution of 11 March 2026 on the draft Council decision on the conclusion, on behalf of the European Union, of the Council of Europe Framework Convention on Artificial Intelligence and Human Rights, Democracy and the Rule of Law (11361/2025– C10-0183/2025 – 2025/0136(NLE)) (Consent)",Parliament,2026
http://publications.europa.eu/resource/cellar/60cb6359-a0e6-11f1-b25c-01aa75ed71a1,corporate-body/EP_JURI,resource-type/RES_LEGIS,2026-03-11,"P10_TA(2026)0071 – Council of Europe Framework Convention on Artificial Intelligence and Human Rights, Democracy and the Rule of Law – European Parliament legislative resolution of 11 March 2026 on the draft Council decision on the conclusion, on behalf of the European Union, of the Council of Europe Framework Convention on Artificial Intelligence and Human Rights, Democracy and the Rule of Law (11361/2025– C10-0183/2025 – 2025/0136(NLE)) (Consent)",Parliament,2026
http://publications.europa.eu/resource/cellar/6502082f-a0e6-11f1-b25c-01aa75ed71a1,corporate-body/EP,resource-type/OWNINI_RES,2026-03-10,P10_TA(2026)0066 – Copyright and generative artificial intelligence – opportunities and challenges – European Parliament resolution of 10 March 2026 on copyright and generative artificial intelligence – opportunities and challenges (2025/2058(INI)),Parliament,2026
http://publications.europa.eu/resource/cellar/6502082f-a0e6-11f1-b25c-01aa75ed71a1,corporate-body/EP_JURI,resource-type/OWNINI_RES,2026-03-10,P10_TA(2026)0066 – Copyright and generative artificial intelligence – opportunities and challenges – European Parliament resolution of 10 March 2026 on copyright and generative artificial intelligence – opportunities and challenges (2025/2058(INI)),Parliament,2026
http://publications.europa.eu/resource/cellar/b362fd9c-a666-11f1-b25c-01aa75ed71a1,corporate-body/EP,resource-type/RES_LEGIS,2026-03-26,P10_TA(2026)0098 – Simplification of the implementation of harmonised rules on artificial intelligence (Digital Omnibus on AI) – Amendments adopted by the European Parliament on 26 March 2026 on the proposal for a regulation of the European Parliament and of the Council amending Regulations (EU) 2024/1689 and (EU) 2018/1139 as regards the simplification of the implementation of harmonised rules on artificial intelligence (Digital Omnibus on AI) (COM(2025)0836 – C10-0304/2025 – 2025/0359(COD)) (Ordinary legislative procedure: first reading),Parliament,2026
http://publications.europa.eu/resource/cellar/b362fd9c-a666-11f1-b25c-01aa75ed71a1,corporate-body/EP_CULT,resource-type/RES_LEGIS,2026-03-26,P10_TA(2026)0098 – Simplification of the implementation of harmonised rules on artificial intelligence (Digital Omnibus on AI) – Amendments adopted by the European Parliament on 26 March 2026 on the proposal for a regulation of the European Parliament and of the Council amending Regulations (EU) 2024/1689 and (EU) 2018/1139 as regards the simplification of the implementation of harmonised rules on artificial intelligence (Digital Omnibus on AI) (COM(2025)0836 – C10-0304/2025 – 2025/0359(COD)) (Ordinary legislative procedure: first reading),Parliament,2026
http://publications.europa.eu/resource/cellar/b362fd9c-a666-11f1-b25c-01aa75ed71a1,corporate-body/EP_IMCO,resource-type/RES_LEGIS,2026-03-26,P10_TA(2026)0098 – Simplification of the implementation of harmonised rules on artificial intelligence (Digital Omnibus on AI) – Amendments adopted by the European Parliament on 26 March 2026 on the proposal for a regulation of the European Parliament and of the Council amending Regulations (EU) 2024/1689 and (EU) 2018/1139 as regards the simplification of the implementation of harmonised rules on artificial intelligence (Digital Omnibus on AI) (COM(2025)0836 – C10-0304/2025 – 2025/0359(COD)) (Ordinary legislative procedure: first reading),Parliament,2026
http://publications.europa.eu/resource/cellar/b362fd9c-a666-11f1-b25c-01aa75ed71a1,corporate-body/EP_ITRE,resource-type/RES_LEGIS,2026-03-26,P10_TA(2026)0098 – Simplification of the implementation of harmonised rules on artificial intelligence (Digital Omnibus on AI) – Amendments adopted by the European Parliament on 26 March 2026 on the proposal for a regulation of the European Parliament and of the Council amending Regulations (EU) 2024/1689 and (EU) 2018/1139 as regards the simplification of the implementation of harmonised rules on artificial intelligence (Digital Omnibus on AI) (COM(2025)0836 – C10-0304/2025 – 2025/0359(COD)) (Ordinary legislative procedure: first reading),Parliament,2026
http://publications.europa.eu/resource/cellar/b362fd9c-a666-11f1-b25c-01aa75ed71a1,corporate-body/EP_LIBE,resource-type/RES_LEGIS,2026-03-26,P10_TA(2026)0098 – Simplification of the implementation of harmonised rules on artificial intelligence (Digital Omnibus on AI) – Amendments adopted by the European Parliament on 26 March 2026 on the proposal for a regulation of the European Parliament and of the Council amending Regulations (EU) 2024/1689 and (EU) 2018/1139 as regards the simplification of the implementation of harmonised rules on artificial intelligence (Digital Omnibus on AI) (COM(2025)0836 – C10-0304/2025 – 2025/0359(COD)) (Ordinary legislative procedure: first reading),Parliament,2026
http://publications.europa.eu/resource/cellar/b362fd9c-a666-11f1-b25c-01aa75ed71a1,corporate-body/EP_TRAN,resource-type/RES_LEGIS,2026-03-26,P10_TA(2026)0098 – Simplification of the implementation of harmonised rules on artificial intelligence (Digital Omnibus on AI) – Amendments adopted by the European Parliament on 26 March 2026 on the proposal for a regulation of the European Parliament and of the Council amending Regulations (EU) 2024/1689 and (EU) 2018/1139 as regards the simplification of the implementation of harmonised rules on artificial intelligence (Digital Omnibus on AI) (COM(2025)0836 – C10-0304/2025 – 2025/0359(COD)) (Ordinary legislative procedure: first reading),Parliament,2026
http://publications.europa.eu/resource/cellar/b362fd9c-a666-11f1-b25c-01aa75ed71a1,corporate-body/EP_BUDG,resource-type/RES_LEGIS,2026-03-26,P10_TA(2026)0098 – Simplification of the implementation of harmonised rules on artificial intelligence (Digital Omnibus on AI) – Amendments adopted by the European Parliament on 26 March 2026 on the proposal for a regulation of the European Parliament and of the Council amending Regulations (EU) 2024/1689 and (EU) 2018/1139 as regards the simplification of the implementation of harmonised rules on artificial intelligence (Digital Omnibus on AI) (COM(2025)0836 – C10-0304/2025 – 2025/0359(COD)) (Ordinary legislative procedure: first reading),Parliament,2026
http://publications.europa.eu/resource/cellar/b362fd9c-a666-11f1-b25c-01aa75ed71a1,corporate-body/EP_JURI,resource-type/RES_LEGIS,2026-03-26,P10_TA(2026)0098 – Simplification of the implementation of harmonised rules on artificial intelligence (Digital Omnibus on AI) – Amendments adopted by the European Parliament on 26 March 2026 on the proposal for a regulation of the European Parliament and of the Council amending Regulations (EU) 2024/1689 and (EU) 2018/1139 as regards the simplification of the implementation of harmonised rules on artificial intelligence (Digital Omnibus on AI) (COM(2025)0836 – C10-0304/2025 – 2025/0359(COD)) (Ordinary legislative procedure: first reading),Parliament,2026
http://publications.europa.eu/resource/cellar/4834d390-a4db-11f0-a7c5-01aa75ed71a1,corporate-body/CONSIL,resource-type/REG,2025-10-09,,Council,2025
http://publications.europa.eu/resource/cellar/4834d390-a4db-11f0-a7c5-01aa75ed71a1,corporate-body/EP,resource-type/REG,2025-10-09,,Parliament,2025
http://publications.europa.eu/resource/cellar/4834d390-a4db-11f0-a7c5-01aa75ed71a1,corporate-body/CONSIL,resource-type/CORRIGENDUM,2025-10-09,,Council,2025
http://publications.europa.eu/resource/cellar/4834d390-a4db-11f0-a7c5-01aa75ed71a1,corporate-body/EP,resource-type/CORRIGENDUM,2025-10-09,,Parliament,2025
http://publications.europa.eu/resource/cellar/95537542-dc7e-11f0-8da2-01aa75ed71a1,corporate-body/CONSIL,resource-type/REG,2025-12-19,,Council,2025
http://publications.europa.eu/resource/cellar/95537542-dc7e-11f0-8da2-01aa75ed71a1,corporate-body/EP,resource-type/REG,2025-12-19,,Parliament,2025
http://publications.europa.eu/resource/cellar/95537542-dc7e-11f0-8da2-01aa75ed71a1,corporate-body/CONSIL,resource-type/CORRIGENDUM,2025-12-19,,Council,2025
http://publications.europa.eu/resource/cellar/95537542-dc7e-11f0-8da2-01aa75ed71a1,corporate-body/EP,resource-type/CORRIGENDUM,2025-12-19,,Parliament,2025
http://publications.europa.eu/resource/cellar/e0c26715-b9f8-11f0-b37f-01aa75ed71a1,corporate-body/DGT,resource-type/PUB_GEN,2025-11-03,,,2025
http://publications.europa.eu/resource/cellar/e5e96bd2-02fc-11f1-825d-01aa75ed71a1,corporate-body/CONSIL,resource-type/CORRIGENDUM,2026-02-06,,Council,2026
http://publications.europa.eu/resource/cellar/e5e96bd2-02fc-11f1-825d-01aa75ed71a1,corporate-body/CONSIL,resource-type/REG,2026-02-06,,Council,2026
http://publications.europa.eu/resource/cellar/dd979e03-f66b-11f0-b9bc-01aa75ed71a1,corporate-body/COM,resource-type/CORRIGENDUM,2026-01-21,,Commission,2026
http://publications.europa.eu/resource/cellar/dd979e03-f66b-11f0-b9bc-01aa75ed71a1,corporate-body/DGT,resource-type/CORRIGENDUM,2026-01-21,,,2026
http://publications.europa.eu/resource/cellar/dd979e03-f66b-11f0-b9bc-01aa75ed71a1,corporate-body/COM,resource-type/RECO,2026-01-21,,Commission,2026
http://publications.europa.eu/resource/cellar/dd979e03-f66b-11f0-b9bc-01aa75ed71a1,corporate-body/DGT,resource-type/RECO,2026-01-21,,,2026
http://publications.europa.eu/resource/cellar/9ec49b3a-fb22-11f0-8da5-01aa75ed71a1,corporate-body/CONSIL,resource-type/CORRIGENDUM,2026-01-27,,Council,2026
http://publications.europa.eu/resource/cellar/9ec49b3a-fb22-11f0-8da5-01aa75ed71a1,corporate-body/CONSIL,resource-type/REG,2026-01-27,,Council,2026
