work,institution,type,date,title,joint,in_scope
http://publications.europa.eu/resource/cellar/0020c74c-7402-11f0-9af8-01aa75ed71a1,Commission,PUB_GEN,2025-08-07,Explainable AI in education : fostering human oversight and shared responsibility : by the European Digital Education Hub’s Squad on artificial intelligence in education.,False,False
http://publications.europa.eu/resource/cellar/00a224b5-7ec4-11ee-99ba-01aa75ed71a1,Commission,PUB_GEN,2023-11-08,Artificial intelligence for healthcare and well-being during exceptional times : a recent landscape from a European perspective.,False,False
http://publications.europa.eu/resource/cellar/00c53883-0fa9-11f0-b1a3-01aa75ed71a1,Commission,PUB_GEN,2025-04-02,Scientific Advice Mechanism : outputs and impacts 2019-2024.,False,False
http://publications.europa.eu/resource/cellar/0145f2f7-a373-11eb-9585-01aa75ed71a1,Commission,IMPACT_ASSESS_SUM,2021-04-21,COMMISSION STAFF WORKING DOCUMENT EXECUTIVE SUMMARY OF THE IMPACT ASSESSMENT REPORT Accompanying the Proposal for a Regulation of the European Parliament and of the Council LAYING DOWN HARMONISED RULES ON ARTIFICIAL INTELLIGENCE (ARTIFICIAL INTELLIGENCE ACT) AND AMENDING CERTAIN UNION LEGISLATIVE ACTS,False,True
http://publications.europa.eu/resource/cellar/019d21c9-11af-11f1-8870-01aa75ed71a1,Council,NOTE_COVER,2026-02-24,Proposal for a REGULATION OF THE EUROPEAN PARLIAMENT AND OF THE COUNCIL amending Regulations (EU) 2024/1689 and (EU) 2018/1139 as regards the simplification of the implementation of harmonised rules on artificial intelligence (Digital Omnibus on AI) [15708/25 - COM(2025)836] - Opinion on the application of the Principles of Subsidiarity and Proportionality,False,False
http://publications.europa.eu/resource/cellar/01c28e02-67d0-11ee-9220-01aa75ed71a1,Commission,RECO,2023-10-03,Commission Recommendation (EU) 2023/2113 of 3 October 2023 on critical technology areas for the EU’s economic security for further risk assessment with Member States,False,True
http://publications.europa.eu/resource/cellar/01ff45fa-a375-11eb-9585-01aa75ed71a1,Commission,COMMUNIC,2021-04-21,"COMMUNICATION FROM THE COMMISSION TO THE EUROPEAN PARLIAMENT, THE COUNCIL, THE EUROPEAN ECONOMIC AND SOCIAL COMMITTEE AND THE COMMITTEE OF THE REGIONS Fostering a European approach to Artificial Intelligence",False,True
http://publications.europa.eu/resource/cellar/02159674-4754-11f1-8095-01aa75ed71a1,Council,CORRIGENDUM,2026-05-04,,True,False
http://publications.europa.eu/resource/cellar/0269e2d1-479c-11f1-8095-01aa75ed71a1,Council,NOTE,2026-04-30,Proposal for a REGULATION OF THE EUROPEAN PARLIAMENT AND OF THE COUNCIL amending Regulations (EU) 2024/1689 and (EU) 2018/1139 as regards the simplification of the implementation of harmonised rules on artificial intelligence (Digital Omnibus on AI) - Preparation for the trilogue,False,True
http://publications.europa.eu/resource/cellar/029ad408-8d61-11ef-a130-01aa75ed71a1,Commission,REG_IMPL_DRAFT,2024-10-18,COMMISSION IMPLEMENTING REGULATION (EU) …/... laying down the rules for the application of Regulation (EU) 2024/1689 of the European Parliament and of the Council as regards the establishment of a scientific panel of independent experts in the field of artificial intelligence,False,False
http://publications.europa.eu/resource/cellar/03af1d4e-582b-11ee-9220-01aa75ed71a1,Commission,PUB_GEN,2023-09-20,Issue paper on citizenship education.,False,False
http://publications.europa.eu/resource/cellar/05ba2702-5f3f-11f1-aa6d-01aa75ed71a1,Commission,COMMUNIC,2026-06-03,"COMMUNICATION FROM THE COMMISSION TO THE EUROPEAN PARLIAMENT, THE COUNCIL, THE EUROPEAN ECONOMIC AND SOCIAL COMMITTEE AND THE COMMITTEE OF THE REGIONS Strategic Roadmap for Digitalisation and AI in the Energy Sector",False,True
http://publications.europa.eu/resource/cellar/0648478c-c192-11ee-b164-01aa75ed71a1,Commission,PUB_GEN,2024-02-01,Report on the evolution of eInvoicing in the digital age.,False,False
http://publications.europa.eu/resource/cellar/0694be88-a373-11eb-9585-01aa75ed71a1,Commission,IMPACT_ASSESS,2021-04-21,COMMISSION STAFF WORKING DOCUMENT IMPACT ASSESSMENT Accompanying the Proposal for a Regulation of the European Parliament and of the Council LAYING DOWN HARMONISED RULES ON ARTIFICIAL INTELLIGENCE (ARTIFICIAL INTELLIGENCE ACT) AND AMENDING CERTAIN UNION LEGISLATIVE ACTS,False,True
http://publications.europa.eu/resource/cellar/06d23b63-cae0-11ee-95d9-01aa75ed71a1,Commission,DEC,2024-01-24,Commission Decision of 24 January 2024 establishing the European Artificial Intelligence Office,False,False
http://publications.europa.eu/resource/cellar/0767aad8-170e-11ef-a251-01aa75ed71a1,Commission,NOTICE,2024-05-08,Non-opposition to a notified concentration (Case M.11508 – ARAMCO DIGITAL / LTIMINDTREE / JV),False,False
http://publications.europa.eu/resource/cellar/07685fd2-48e4-11f1-8095-01aa75ed71a1,Parliament,RES_LEGIS,2025-12-16,"P10_TA(2025)0320 – Incentivising defence-related investments in the EU budget to implement the ReArm Europe Plan – European Parliament legislative resolution of 16 December 2025 on the proposal for a regulation of the European Parliament and of the Council amending Regulations (EU) 2021/694, (EU) 2021/695, (EU) 2021/697, (EU) 2021/1153, (EU) 2023/1525 and 2024/795, as regards incentivising defence-related investments in the EU budget to implement the ReArm Europe Plan (COM(2025)0188 – C10-0070/2025 – 2025/0103(COD)) (Ordinary legislative procedure: first reading)",False,True
http://publications.europa.eu/resource/cellar/07d14462-9cf9-11f0-97c8-01aa75ed71a1,Commission,PUB_GEN,2025-09-23,Embodying the future : horizon scanning for emerging technologies and breakthrough innovations in the field of human-like AI systems.,False,False
http://publications.europa.eu/resource/cellar/0857c8f9-9ef9-11ee-b164-01aa75ed71a1,Commission,PUB_GEN,2023-12-19,Use of Large Language Models for location detection on the example of the terrorism and extremism event database.,False,False
http://publications.europa.eu/resource/cellar/086a99ee-98f7-11eb-b85c-01aa75ed71a1,Council,STAT_REASON,2021-04-09,Statement of the Council’s reasons: Position (EU) No 3/2021 of the Council at first reading with a view to the adoption of a Regulation of the European Parliament and of the Council establishing the Digital Europe Programme and repealing Decision (EU) 2015/2240,False,True
http://publications.europa.eu/resource/cellar/094c045c-9e21-11ee-b164-01aa75ed71a1,Commission,PUB_GEN,2023-12-14,AI in science : harnessing the power of AI to accelerate discovery and foster innovation : policy brief.,False,False
http://publications.europa.eu/resource/cellar/0991ec6a-ed1f-11ec-a534-01aa75ed71a1,Commission,PUB_GEN,2022-06-15,Artificial intelligence and the rights of the child : young people’s views and perspectives : outcomes of dedicated workshops.,False,False
http://publications.europa.eu/resource/cellar/099ce834-37a7-11f1-be39-01aa75ed71a1,Commission,PUB_GEN,2026-04-13,"International IP Helpdesk’s comprehensive guide on artificial intelligence & IP in China, India, Latin America, and South-East Asia",False,False
http://publications.europa.eu/resource/cellar/09d26a7f-91dd-11f0-97c8-01aa75ed71a1,Commission,PUB_GEN,2025-09-12,Work in the digital era : how technology is transforming work and occupations.,False,False
http://publications.europa.eu/resource/cellar/0ac0e899-285d-11f1-a7dd-01aa75ed71a1,Parliament,OPIN_EP_CMT,2026-04-09,"OPINION - of the Committee on Security and Defence - for the Committee on Industry, Research and Energy - on the proposal for a regulation of the European Parliament and of the Council on establishing Horizon Europe, the Framework Programme for Research and Innovation, for the period 2028-2034 laying down its rules for participation and dissemination, and repealing Regulation (EU) 2021/695 - (COM(2025/0543 - C10-0164/2025 - 2025/0543(COD)) - Rapporteur for opinion: Costas Mavrides",False,True
http://publications.europa.eu/resource/cellar/0b4dbcdb-e831-11ef-b5e9-01aa75ed71a1,Commission,PUB_GEN,2025-02-10,Europe’s beating cancer plan : supporting actions to reduce inequalities : EUCanScreen : implementing national cancer screening programmes.,False,False
http://publications.europa.eu/resource/cellar/0b85c304-a426-11eb-9585-01aa75ed71a1,Council,NOTE_COVER,2021-04-23,COMMISSION STAFF WORKING DOCUMENT IMPACT ASSESSMENT ANNEXES Accompanying the Proposal for a Regulation of the European Parliament and of the Council LAYING DOWN HARMONISED RULES ON ARTIFICIAL INTELLIGENCE (ARTIFICIAL INTELLIGENCE ACT) AND AMENDING CERTAIN UNION LEGISLATIVE ACTS,False,False
http://publications.europa.eu/resource/cellar/0bcbf86d-f041-11ec-a534-01aa75ed71a1,Commission,PUB_GEN,2022-06-17,Benchmarking the role of the public sector and location intelligence in smart spaces.,False,False
http://publications.europa.eu/resource/cellar/0bf089e6-48e5-11f1-8095-01aa75ed71a1,Parliament,OWNINI_RES,2025-12-17,"P10_TA(2025)0337 – Digitalisation, artificial intelligence and algorithmic management in the workplace – shaping the future of work – European Parliament resolution of 17 December 2025 with recommendations to the Commission on digitalisation, artificial intelligence and algorithmic management in the workplace – shaping the future of work (2025/2080(INL))",False,True
http://publications.europa.eu/resource/cellar/0d017b78-1658-11f1-8870-01aa75ed71a1,Parliament,OPIN_EP_CMT,2026-02-26,"OPINION - of the Committee on Legal Affairs - for the Committee on the Internal Market and Consumer Protection and the Committee on Civil Liberties, Justice and Home Affairs - on the proposal for a regulation of the European Parliament and of the Council amending Regulations (EU) 2024/1689 and (EU) 2018/1139 as regards the simplification of the implementation of harmonised rules on artificial intelligence (Digital Omnibus on AI) - (COM(2025)0836 - C10-0304/2025 - 2025/0359(COD)) - Rapporteur for opinion: Sergey Lagodinsky",False,True
http://publications.europa.eu/resource/cellar/0ec5514c-a9f7-11ea-bb7a-01aa75ed71a1,Commission,PUB_GEN,2020-06-08,"AI watch, artificial intelligence for the public sector : report of the “1st Peer Learning Workshop on the use and impact of AI in public services”, Brussels 11-12 February 2020.",False,False
http://publications.europa.eu/resource/cellar/0f11f494-1767-11ef-a251-01aa75ed71a1,Commission,PUB_GEN,2024-05-16,European Centre for Algorithmic Transparency (ECAT). May 2024.,False,False
http://publications.europa.eu/resource/cellar/0f4615e0-bb90-11ee-b164-01aa75ed71a1,Commission,COMMUNIC,2024-01-24,"COMMUNICATION FROM THE COMMISSION TO THE EUROPEAN PARLIAMENT, THE COUNCIL, THE EUROPEAN ECONOMIC AND SOCIAL COMMITTEE AND THE COMMITTEE OF THE REGIONS on boosting startups and innovation in trustworthy artificial intelligence",False,True
http://publications.europa.eu/resource/cellar/0f738be1-5911-11ed-92ed-01aa75ed71a1,Commission,PUB_GEN,2022-10-28,Behavioural study on the link between challenges of artificial intelligence for Member States’ civil liability rules and consumer attitudes towards AI-enabled products and services : final report.,False,False
http://publications.europa.eu/resource/cellar/0f91b3d8-466a-11f0-b9f2-01aa75ed71a1,Commission,PUB_GEN,2025-06-10,"Agrinnovation : digital tools and technologies for future-proof EU farming, forestry and rural areas. 11/2025.",False,False
http://publications.europa.eu/resource/cellar/0f9edc7e-6bfa-11ef-a8ba-01aa75ed71a1,Commission,PUB_GEN,2024-09-05,(Dis)entangling the future : horizon scanning for emerging technologies and breakthrough innovations in the field of quantum technologies.,False,False
http://publications.europa.eu/resource/cellar/0fb59a42-55f6-11ef-acbc-01aa75ed71a1,Commission,PUB_GEN,2024-08-08,"Artificial intelligence : economic impact, opportunities, challenges, implications for policy.",False,False
http://publications.europa.eu/resource/cellar/0fbc1944-068f-11ef-a251-01aa75ed71a1,Commission,CORRIGENDUM,2024-04-30,,False,False
http://publications.europa.eu/resource/cellar/0fdfe75f-58a6-11ec-91ac-01aa75ed71a1,Commission,PUB_GEN,2021-12-08,"A guide for fostering women’s entrepreneurship : five key actions towards a digital, green and resilient Europe.",False,False
http://publications.europa.eu/resource/cellar/10220a8a-6fa1-11f1-ae88-01aa75ed71a1,Council,ITEM_IA_NOTE,2026-06-22,"Draft REGULATION OF THE EUROPEAN PARLIAMENT AND OF THE COUNCIL amending Regulations (EU) 2024/1689, (EU) 2018/1139 and (EU) 2023/1230 as regards the simplification of the implementation of harmonised rules on artificial intelligence (Digital Omnibus on AI) (first reading) - Adoption of the legislative act",False,True
http://publications.europa.eu/resource/cellar/103c182c-6a56-11ef-a8ba-01aa75ed71a1,Council,DEC,2024-08-28,"Council Decision (EU) 2024/2218 of 28 August 2024 on the signing, on behalf of the European Union, of the Council of Europe Framework Convention on Artificial Intelligence and Human Rights, Democracy and the Rule of Law",False,False
http://publications.europa.eu/resource/cellar/106e70eb-f983-11ef-b7db-01aa75ed71a1,Commission,PUB_GEN,2025-03-03,Artificial intelligence and the future of work : Eurobarometer data annex.,False,False
http://publications.europa.eu/resource/cellar/10ba86b1-7c63-11ee-99ba-01aa75ed71a1,Commission,PUB_GEN,2023-11-03,"Proceedings of the 2023 conference on Big Data from Space (BiDS’23) : from foresight to impact : 6-9 November 2023, Austrian Center, Vienna.",False,False
http://publications.europa.eu/resource/cellar/117bc4ef-2a69-11ed-975d-01aa75ed71a1,Parliament,PUB_GEN,2022-09-01,Auditing the quality of datasets used in algorithmic decision-making systems.,False,False
http://publications.europa.eu/resource/cellar/11923574-fdd1-11ed-a05c-01aa75ed71a1,Commission,PUB_GEN,2023-05-24,Artificial intelligence for the public sector.,False,False
http://publications.europa.eu/resource/cellar/12616c1d-ab15-11ec-83e1-01aa75ed71a1,Parliament,OWNINI_RES,2021-10-06,European Parliament resolution of 6 October 2021 on artificial intelligence in criminal law and its use by the police and judicial authorities in criminal matters (2020/2016(INI)),False,True
http://publications.europa.eu/resource/cellar/12db7f68-73f2-11f0-9af8-01aa75ed71a1,Commission,NOTICE,2025-07-31,Non-opposition to a notified concentration (Case M.12037 – DEUTSCHE BAHN / SCHWARZ GROUP / DATAHUB EUROPE),False,False
http://publications.europa.eu/resource/cellar/1357ec30-b940-11f0-b37f-01aa75ed71a1,Parliament,PUB_GEN,2025-10-31,Interplay between the AI Act and the EU digital legislative framework.,False,False
http://publications.europa.eu/resource/cellar/1392a7ca-d78e-11ee-b9d9-01aa75ed71a1,Parliament,PUB_GEN,2024-02-29,The future of digitalisation in budgetary control.,False,False
http://publications.europa.eu/resource/cellar/147cb8b8-c962-11ee-95d9-01aa75ed71a1,Commission,PUB_GEN,2024-02-09,European Centre for Algorithmic Transparency (ECAT). February 2024.,False,False
http://publications.europa.eu/resource/cellar/14b416df-eb8f-11ec-a534-01aa75ed71a1,Commission,PUB_GEN,2022-06-09,AI Watch : estimating AI investments in the European Union.,False,False
http://publications.europa.eu/resource/cellar/14de9abd-8ae6-11f1-910d-01aa75ed71a1,Commission,NOTICE,2026-07-22,Non-opposition to a notified concentration (Case M.12417 – SAUDI ARAMCO / PIF / HUMAIN),False,False
http://publications.europa.eu/resource/cellar/158912db-8ea8-11f0-bfe2-01aa75ed71a1,Commission,ANNOUNC,2025-09-11,Prior notification of a concentration (Case M.12070 – META / RELIANCE / JV) – Candidate case for simplified procedure,False,False
http://publications.europa.eu/resource/cellar/15c39dce-7ae7-11ef-bbbe-01aa75ed71a1,Parliament,PUB_GEN,2024-09-24,Proposal for a directive on adapting non-contractual civil liability rules to artificial intelligence : complementary impact assessment.,False,False
http://publications.europa.eu/resource/cellar/160f6449-acec-11ed-8912-01aa75ed71a1,Commission,PUB_GEN,2023-02-14,Trustworthy artificial intelligence for a fair and democratic Europe.,False,False
http://publications.europa.eu/resource/cellar/16b4afba-3ff9-11ed-92ed-01aa75ed71a1,Commission,PROP_DIR,2022-09-28,Proposal for a DIRECTIVE OF THE EUROPEAN PARLIAMENT AND OF THE COUNCIL on adapting non-contractual civil liability rules to artificial intelligence (AI Liability Directive),False,True
http://publications.europa.eu/resource/cellar/16c1b366-c56f-11f0-8da2-01aa75ed71a1,Commission,COMMUNIC,2025-11-19,COMMUNICATION FROM THE COMMISSION TO THE EUROPEAN PARLIAMENT AND THE COUNCIL DATA UNION STRATEGY UNLOCKING DATA FOR AI,False,True
http://publications.europa.eu/resource/cellar/16dd9004-82b3-11ee-99ba-01aa75ed71a1,Commission,PUB_GEN,2023-11-13,"Study to support the technical, legal and financial conceptualisation of a European security data space for innovation.",False,False
http://publications.europa.eu/resource/cellar/16e69072-409c-11f0-b9f2-01aa75ed71a1,Council,PROP_ACT,2025-06-03,"ANNEXES to the Proposal for a Council Decision on the conclusion, on behalf of the European Union, of the Council of Europe Framework Convention on Artificial Intelligence and Human Rights, Democracy and the Rule of Law",False,False
http://publications.europa.eu/resource/cellar/16f4db01-91e1-11f0-97c8-01aa75ed71a1,Commission,PUB_GEN,2025-09-12,Artificial intelligence and employment in the EU.,False,False
http://publications.europa.eu/resource/cellar/179e7382-b564-11ec-b6f4-01aa75ed71a1,Commission,PUB_GEN,2022-03-31,"Study on health data, digital health and artificial intelligence in healthcare.",False,False
http://publications.europa.eu/resource/cellar/187429fa-2a33-11f0-8a44-01aa75ed71a1,Commission,PUB_GEN,2025-05-05,AI Continent Action Plan.,False,False
http://publications.europa.eu/resource/cellar/1923c62a-2640-11ec-bd8e-01aa75ed71a1,Parliament,OWNINI_RES,2020-10-20,European Parliament resolution of 20 October 2020 with recommendations to the Commission on a civil liability regime for artificial intelligence (2020/2014(INL)),False,True
http://publications.europa.eu/resource/cellar/194ae542-a421-11f0-97c8-01aa75ed71a1,Commission,COMMUNIC,2025-10-08,COMMUNICATION FROM THE COMMISSION TO THE EUROPEAN PARLIAMENT AND THE COUNCIL Apply AI Strategy,False,True
http://publications.europa.eu/resource/cellar/194b2202-e778-11ee-9ea8-01aa75ed71a1,Parliament,OPIN_EP_CMT,2022-09-12,"OPINION - of the Committee on Legal Affairs - for the Committee on the Internal Market and Consumer Protection and the Committee on Civil Liberties, Justice and Home Affairs - on the proposal for a regulation of the European Parliament and of the Council laying down harmonised rules on artificial intelligence (Artificial Intelligence Act) and amending certain Union Legislative Acts - (COM(2021)0206 - C9-0146/2021 - 2021/0106(COD)) - Rapporteur for opinion: Axel Voss",False,True
http://publications.europa.eu/resource/cellar/1a24158a-2640-11f0-8a44-01aa75ed71a1,Commission,PUB_GEN,2025-04-30,Framework conditions and funding for AI in science : mutual learning exercise on national policies for AI in science : first thematic report.,False,False
http://publications.europa.eu/resource/cellar/1b401959-9369-11f0-97c8-01aa75ed71a1,Parliament,RES_LEGIS,2024-04-24,P9_TA(2024)0359 – EuroHPC initiative for start-ups to boost European leadership in trustworthy Artificial Intelligence – European Parliament legislative resolution of 24 April 2024 on the proposal for a Council regulation amending Regulation (EU) 2021/1173 as regards an EuroHPC initiative for start-ups to boost European leadership in trustworthy Artificial Intelligence (COM(2024)0029 – C9-0013/2024 – 2024/0016(CNS)) (Special legislative procedure – consultation),False,True
http://publications.europa.eu/resource/cellar/1b45054b-4331-11ed-92ed-01aa75ed71a1,Council,NOTE_COVER,2022-10-03,REGULATORY SCRUTINY BOARD OPINION Impact assessment / Liability rules for Artificial Intelligence,False,False
http://publications.europa.eu/resource/cellar/1bc106de-a4bb-11f0-a7c5-01aa75ed71a1,Commission,PUB_GEN,2025-10-08,European strategy for artificial intelligence in science.,False,False
http://publications.europa.eu/resource/cellar/1c4da5fb-d2e1-11ef-be2a-01aa75ed71a1,Commission,STAT,2025-01-15,Statement by the Commission,False,True
http://publications.europa.eu/resource/cellar/1c510c89-eb3d-11ee-bf53-01aa75ed71a1,Commission,PUB_GEN,2024-03-25,"Study on poverty and income inequality in the context of the digital transformation : final report. Part B, Use of digital technologies (including AI) by the public sector for improving the delivery and design of social policies and active labour market policies, as well as for complementing the monitoring of poverty and income inequality.",False,False
http://publications.europa.eu/resource/cellar/1c819996-41c9-11ec-89db-01aa75ed71a1,Parliament,OWNINI_RES,2021-01-20,European Parliament resolution of 20 January 2021 on artificial intelligence: questions of interpretation and application of international law in so far as the EU is affected in the areas of civil and military uses and of state authority outside the scope of criminal justice (2020/2013(INI)),False,True
http://publications.europa.eu/resource/cellar/1c9d9d3d-2980-11f1-8803-01aa75ed71a1,Council,CORRIGENDUM,2026-03-27,,True,False
http://publications.europa.eu/resource/cellar/1cb5610f-a3f1-11f0-97c8-01aa75ed71a1,Commission,PUB_GEN,2025-09-22,Marie Sklodowska-Curie actions research in AI.,False,False
http://publications.europa.eu/resource/cellar/1cba1cf9-4311-11f1-8095-01aa75ed71a1,Commission,REPORT,2026-04-28,"REPORT FROM THE COMMISSION TO THE EUROPEAN PARLIAMENT, THE COUNCIL AND THE EUROPEAN ECONOMIC AND SOCIAL COMMITTEE on the Review of Regulation (EU) 2022/1925 of the European Parliament and of the Council on contestable and fair markets in the digital sector and amending Directives (EU) 2019/1937 and (EU) 2020/1828 (Digital Markets Act), in accordance with Article 53 thereof",False,True
http://publications.europa.eu/resource/cellar/1cc94bc2-1e7f-11f1-8c3a-01aa75ed71a1,Council,RECO,2026-03-09,Council Recommendation of 9 March 2026 on human capital in the European Union,False,True
http://publications.europa.eu/resource/cellar/1dc752cb-5f02-11ef-a8ba-01aa75ed71a1,Council,ACT_LEGIS,2024-08-20,"COUNCIL DECISION on the signing, on behalf of the European Union, of the Council of Europe Framework Convention on Artificial Intelligence and Human Rights, Democracy and the Rule of Law",False,False
http://publications.europa.eu/resource/cellar/1de3df22-2c0e-11ec-bd8e-01aa75ed71a1,Commission,IMPACT_ASSESS_INCEP,2021-06-30,Proposal for a Directive adapting liability rules to the digital age and Artificial Intelligence,False,True
http://publications.europa.eu/resource/cellar/1e0fd213-6940-11ed-b14f-01aa75ed71a1,Council,DEC,2022-11-18,Council Decision (CFSP) 2022/2269 of 18 November 2022 on Union support for the implementation of a project ‘Promoting Responsible Innovation in Artificial Intelligence for Peace and Security’,False,False
http://publications.europa.eu/resource/cellar/201a3cbd-799e-11f1-bf5e-01aa75ed71a1,Commission,ANNOUNC,2026-07-07,Prior notification of a concentration (Case M.12417 – SAUDI ARAMCO / PIF / HUMAIN) – Candidate case for simplified procedure,False,False
http://publications.europa.eu/resource/cellar/20cd754a-8523-11ef-a67d-01aa75ed71a1,Commission,PUB_GEN,2024-10-08,Horizon projects using environmental observations and artificial intelligence for the benefit of science and society.,False,False
http://publications.europa.eu/resource/cellar/21952f87-4587-11ed-92ed-01aa75ed71a1,Commission,CORRIGENDUM,2022-09-28,,False,False
http://publications.europa.eu/resource/cellar/21ea0fab-c631-11f0-8da2-01aa75ed71a1,Council,PROP_ACT,2025-11-20,Proposal for a REGULATION OF THE EUROPEAN PARLIAMENT AND OF THE COUNCIL amending Regulations (EU) 2024/1689 and (EU) 2018/1139 as regards the simplification of the implementation of harmonised rules on artificial intelligence (Digital Omnibus on AI),False,False
http://publications.europa.eu/resource/cellar/2260326c-6573-11f1-9b18-01aa75ed71a1,Parliament,AMEND_LIST_EP,2026-06-10,"Amendment  - Anna Cavazzini, Javier Zarzalejos - Simplification of the implementation of harmonised rules on artificial intelligence (Digital Omnibus on AI)",False,True
http://publications.europa.eu/resource/cellar/226afe19-6f99-11ed-9887-01aa75ed71a1,Commission,PUB_GEN,2022-11-25,Synthetic data pilot with Banco de España : findings and recommendations.,False,False
http://publications.europa.eu/resource/cellar/2300f0fd-321c-11ec-bd8e-01aa75ed71a1,Parliament,PUB_GEN,2021-10-20,Artificial intelligence in smart cities and urban mobility : how can artificial intelligence applications be used in urban mobility and smart cities and how can their deployment be facilitated.,False,False
http://publications.europa.eu/resource/cellar/234ab8a6-5819-11ee-9220-01aa75ed71a1,Commission,ANNOUNC,2023-09-21,Prior notification of a concentration (Case M.11270 – KKR / THE FUCHS FAMILY FOUNDATION / OHB) Candidate case for simplified procedure (Text with EEA relevance) 2023/C 332/06,False,False
http://publications.europa.eu/resource/cellar/2458267c-08df-11ee-b12e-01aa75ed71a1,Commission,PUB_GEN,2023-06-09,Trends in the use of AI in science : a bibliometric analysis.,False,False
http://publications.europa.eu/resource/cellar/24a59a10-c193-11ee-b164-01aa75ed71a1,Commission,PUB_GEN,2024-02-01,Preparatory study on the effects of the Directive 2014/55/EU on electronic invoicing in public procurement.,False,False
http://publications.europa.eu/resource/cellar/24e3c750-a423-11eb-9585-01aa75ed71a1,Council,NOTE_COVER,2021-04-23,ANNEXES to the Proposal for a Regulation of the European Parliament and of the Council LAYING DOWN HARMONISED RULES ON ARTIFICIAL INTELLIGENCE (ARTIFICIAL INTELLIGENCE ACT) AND AMENDING CERTAIN UNION LEGISLATIVE ACTS,False,False
http://publications.europa.eu/resource/cellar/257ae66f-23c7-11ef-a195-01aa75ed71a1,Commission,PUB_GEN,2024-06-05,Benchmarking the impact of the next generation internet initiative : final study report.,False,False
http://publications.europa.eu/resource/cellar/25df6ab0-cddc-11eb-ac72-01aa75ed71a1,Council,ITEM_I_NOTE,2021-06-15,Proposal for a Regulation of the European Parliament and of the Council laying down harmonised rules on artificial intelligence (Artificial Intelligence Act) and amending certain Union legislative acts - Optional consultation of the Committee of the Regions,False,False
http://publications.europa.eu/resource/cellar/272d38c5-9a88-11f0-97c8-01aa75ed71a1,Commission,PUB_GEN,2025-09-25,"Studies and meetings on health emergency preparedness and response for HERA : scientific background document : AI for production scale-up, medical countermeasures distribution and decision-making in crisis preparedness and response.",False,False
http://publications.europa.eu/resource/cellar/27e1257b-a229-11ef-85f0-01aa75ed71a1,Commission,ANNOUNC,2024-11-14,Prior notification of a concentration (Case M.11798 – PATIENT SQUARE / CARLYLE / CORROHEALTH) – Candidate case for simplified procedure,False,False
http://publications.europa.eu/resource/cellar/2803c1c4-ec56-11ec-a534-01aa75ed71a1,Commission,PUB_GEN,2022-06-14,Multipurpose synthetic population for policy applications.,False,False
http://publications.europa.eu/resource/cellar/28702dc2-2f21-11ed-975d-01aa75ed71a1,Commission,PUB_GEN,2022-09-07,Glossary of human-centric artificial intelligence.,False,False
http://publications.europa.eu/resource/cellar/28f1db4d-1d3f-11f1-8c3a-01aa75ed71a1,Parliament,REPORT,2025-11-26,"REPORT on the proposal for a Council regulation on amending Council Regulation (EU) 2021/1173 of 13 July 2021 on establishing the European High Performance Computing Joint Undertaking and repealing Regulation (EU) 2018/1488 (COM(2025)0414 - C10-0204/2025 - 2025/0229(NLE)) Committee on Industry, Research and Energy Rapporteur: Borys Budka",False,True
http://publications.europa.eu/resource/cellar/29040769-1d38-11f1-8c3a-01aa75ed71a1,Council,NOTE,2026-01-28,Proposal for a Directive on combating sexual abuse and sexual exploitation of children and child sexual aubse material (recast) – Additional information on artificial intelligence systems (provided by the European Parliament),False,True
http://publications.europa.eu/resource/cellar/294e3cd5-78a7-11f0-9af8-01aa75ed71a1,Commission,NOTICE,2025-08-05,Non-opposition to a notified concentration (Case M.12060 – ALPHABET / FOXCONN / JV),False,False
http://publications.europa.eu/resource/cellar/299f0eeb-4a59-11f0-85ba-01aa75ed71a1,Commission,PUB_GEN,2025-06-13,MLE on national policies for AI in science.,False,False
http://publications.europa.eu/resource/cellar/2abcc0ca-5ba5-11f0-a9d0-01aa75ed71a1,Commission,PUB_GEN,2025-07-07,National policies for AI in science.,False,False
http://publications.europa.eu/resource/cellar/2b6d6e4e-b5d8-11ef-acb1-01aa75ed71a1,Commission,NOTICE,2024-12-03,Non-opposition to a notified concentration (Case M.11798 – PATIENT SQUARE / CARLYLE / CORROHEALTH),False,False
http://publications.europa.eu/resource/cellar/2c47f2d2-b978-11ed-8912-01aa75ed71a1,Commission,PUB_GEN,2023-03-02,Innovation in life and health sciences.,False,False
http://publications.europa.eu/resource/cellar/2d1b83a4-482a-11f1-8095-01aa75ed71a1,Commission,REPORT,2026-05-04,"The futures of artificial intelligence : implications for Europe's R&I ecosystem. Part 2, Mapping the current state of adoption in the European industrial landscape",False,True
http://publications.europa.eu/resource/cellar/2d40e968-6a2c-11f1-ae88-01aa75ed71a1,Parliament,PLENARY_MINUTES_EP,2026-06-16,7.9. Simplification of the implementation of harmonised rules on artificial intelligence (Digital Omnibus on AI) ***I (vote),False,False
http://publications.europa.eu/resource/cellar/2d8b897c-12d8-11ef-a251-01aa75ed71a1,Council,ACT_LEGIS,2024-03-05,"REGULATION OF THE EUROPEAN PARLIAMENT AND OF THE COUNCIL laying down harmonised rules on artificial intelligence and amending Regulations (EC) No 300/2008, (EU) No 167/2013, (EU) No 168/2013, (EU) 2018/858, (EU) 2018/1139 and (EU) 2019/2144 and Directives 2014/90/EU, (EU) 2016/797 and (EU) 2020/1828 (Artificial Intelligence Act)",False,False
http://publications.europa.eu/resource/cellar/2d9f4247-2798-11f1-a7dd-01aa75ed71a1,Council,NOTE_COVER,2026-03-24,Proposal for a REGULATION OF THE EUROPEAN PARLIAMENT AND OF THE COUNCIL amending Regulations (EU) 2024/1689 and (EU) 2018/1139 as regards the simplification of the implementation of harmonised rules on artificial intelligence (Digital Omnibus on AI) [15708/25 - COM(2025)836] - Opinion on the application of the Principles of Subsidiarity and Proportionality,False,False
http://publications.europa.eu/resource/cellar/2db28929-856c-11ec-8c40-01aa75ed71a1,Commission,PUB_GEN,2022-01-31,State-of-play report on digital public administration and interoperability 2021.,False,False
http://publications.europa.eu/resource/cellar/2e3eb75f-5882-11f0-a9d0-01aa75ed71a1,Commission,PUB_GEN,2025-07-03,European IP helpdesk case study : scaling AI-driven weed control technology for more sustainable agriculture : how the Czech-based start-up Ullmanna leverages artificial intelligence to advance forward-thinking precision agriculture solutions.,False,False
http://publications.europa.eu/resource/cellar/2ef2a7b3-3366-11ef-b441-01aa75ed71a1,Commission,PUB_GEN,2024-06-25,Policy brief on citizenship education.,False,False
http://publications.europa.eu/resource/cellar/2f65adf0-4aa4-11f0-85ba-01aa75ed71a1,Commission,COMMUNIC,2025-06-16,"COMMUNICATION FROM THE COMMISSION TO THE EUROPEAN PARLIAMENT, THE COUNCIL, THE EUROPEAN ECONOMIC AND SOCIAL COMMITTEE AND THE COMMITTEE OF THE REGIONS State of the Digital Decade 2025: Keep building the EU's sovereignty and digital future",False,True
http://publications.europa.eu/resource/cellar/2fcad39a-e777-11ee-9ea8-01aa75ed71a1,Parliament,ADOPT_TEXT,2024-03-13,European Parliament legislative resolution of 13 March 2024 on the proposal for a regulation of the European Parliament and of the Council on laying down harmonised rules on Artificial Intelligence (Artificial Intelligence Act) and amending certain Union Legislative Acts (COM(2021)0206 – C9-0146/2021 – 2021/0106(COD)),False,True
http://publications.europa.eu/resource/cellar/301396d6-24a1-11f0-ac85-01aa75ed71a1,Commission,PUB_GEN,2025-04-28,European Centre for Algorithmic Transparency (ECAT). February 2025.,False,False
http://publications.europa.eu/resource/cellar/302bd6cc-bdbe-11ef-91ed-01aa75ed71a1,Commission,PUB_GEN,2024-12-18,Pathfinder portfolio : awareness inside : overview of activities carried out in 2nd year of the portfolio and overview of activities planned for the 3rd year.,False,False
http://publications.europa.eu/resource/cellar/320f5f62-eb3b-11ee-bf53-01aa75ed71a1,Commission,PUB_GEN,2024-03-25,"Study on poverty and income inequality in the context of the digital transformation : final report. Part A, Ensuring a socially fair digital transformation.",False,False
http://publications.europa.eu/resource/cellar/32cadf2f-3cc3-11ef-ab8f-01aa75ed71a1,Commission,ANNOUNC,2024-07-08,Prior notification of a concentration (Case M.11457 – HPE / JUNIPER),False,False
http://publications.europa.eu/resource/cellar/32fa9035-167d-11f0-b1a3-01aa75ed71a1,Commission,PUB_GEN,2025-04-11,European Digital Innovation Hubs Network's activities and customers : state of play report 2024.,False,False
http://publications.europa.eu/resource/cellar/33fab622-f4d7-11f0-b9bc-01aa75ed71a1,Council,REG,2026-01-16,Council Regulation (EU) 2026/150 of 16 January 2026 amending Regulation (EU) 2021/1173 on establishing the European High Performance Computing Joint Undertaking,False,False
http://publications.europa.eu/resource/cellar/34148981-2911-11f1-a7dd-01aa75ed71a1,Parliament,AMEND_LIST_EP,2026-03-26,"Amendment 001-083 - Arba Kokalari, Michael McNamara - Report A10-0073/2026 - Simplification of the implementation of harmonised rules on artificial intelligence (Digital Omnibus on AI)",False,True
http://publications.europa.eu/resource/cellar/34251428-dc12-11ec-a534-01aa75ed71a1,Commission,PUB_GEN,2022-05-25,"AI Watch, road to the adoption of artificial intelligence by the public sector : a handbook for policymakers, public administrations and relevant stakeholders.",False,False
http://publications.europa.eu/resource/cellar/35059497-849b-11ef-a67d-01aa75ed71a1,Commission,PUB_GEN,2024-10-04,"Horizon Europe and the digital & industrial transition : interim evaluation support study : phase 2 : Horizon Europe : co-programmed partnership report : AI, data and robotics (ADRA).",False,False
http://publications.europa.eu/resource/cellar/3516175c-3ff9-11ed-92ed-01aa75ed71a1,Commission,IMPACT_ASSESS_SUM,2022-09-28,COMMISSION STAFF WORKING DOCUMENT EXECUTIVE SUMMARY OF THE IMPACT ASSESSMENT REPORT Accompanying the document Proposal for a Directive of the European Parliament and of the Council on adapting non-contractual civil liability rules to artificial intelligence (AI Liability Directive),False,True
http://publications.europa.eu/resource/cellar/3519493c-9cf7-11f0-97c8-01aa75ed71a1,Commission,PUB_GEN,2025-09-25,Energy justice for AI : a framework.,False,False
http://publications.europa.eu/resource/cellar/3581dac0-b9ac-11ee-b164-01aa75ed71a1,Commission,PUB_GEN,2024-01-22,YOU&AI.,False,False
http://publications.europa.eu/resource/cellar/3586aca6-5f40-11f1-aa6d-01aa75ed71a1,Commission,COMMUNIC,2026-06-03,"COMMUNICATION FROM THE COMMISSION TO THE EUROPEAN PARLIAMENT, THE COUNCIL, THE EUROPEAN ECONOMIC AND SOCIAL COMMITTEE AND THE COMMITTEE OF THE REGIONS on European Tech Sovereignty, accompanied by an EU Open Source Strategy",False,True
http://publications.europa.eu/resource/cellar/359880c1-a4dc-11ec-83e1-01aa75ed71a1,Commission,PUB_GEN,2022-03-16,Opportunities and challenges of artificial intelligence technologies for the cultural and creative sectors.,False,False
http://publications.europa.eu/resource/cellar/35a495f0-313d-11f0-8a44-01aa75ed71a1,Commission,PUB_GEN,2025-05-13,Digital skills in Europe : a methodological and empirical assessment.,False,False
http://publications.europa.eu/resource/cellar/36418eac-f28a-11f0-8d3c-01aa75ed71a1,Commission,PUB_GEN,2026-01-15,The future employment impact of artificial intelligence and emerging digital technologies in Europe,False,False
http://publications.europa.eu/resource/cellar/365f3cd2-a2dc-11ee-b164-01aa75ed71a1,Commission,PUB_GEN,2023-12-22,Transformational education in poly-crisis.,False,False
http://publications.europa.eu/resource/cellar/366b7c4d-d87d-11ef-be2a-01aa75ed71a1,Commission,PUB_GEN,2025-01-21,In-space operations and services (ISOS) : an overview of EU-funded R&I projects supporting the development of ISOS capabilities.,False,False
http://publications.europa.eu/resource/cellar/367cfd13-aae8-11ef-acb1-01aa75ed71a1,Commission,PUB_GEN,2024-11-25,What factors influence perceived AI adoption by public managers? : a survey among public managers in seven EU countries.,False,False
http://publications.europa.eu/resource/cellar/36c6f78c-7273-11f0-bf4e-01aa75ed71a1,Commission,PUB_GEN,2025-08-05,Harnessing AI for organisational transformation in science-policy interfaces.,False,False
http://publications.europa.eu/resource/cellar/36e25180-531b-11f1-b3e2-01aa75ed71a1,Commission,NOTICE,2026-05-04,Non-opposition to a notified concentration (Case M.12391 – OAI / SBG / SB OAI JV),False,False
http://publications.europa.eu/resource/cellar/372efc5e-7e43-11f0-9af8-01aa75ed71a1,Commission,PUB_GEN,2025-08-20,Unleashing the potential of the cultural and creative industries.,False,False
http://publications.europa.eu/resource/cellar/37937497-6b1d-11f1-ae88-01aa75ed71a1,Council,NOTE_INFO,2026-06-17,"Proposal for a REGULATION OF THE EUROPEAN PARLIAMENT AND OF THE COUNCIL amending Regulations (EU) 2024/1689 and (EU) 2018/1139 as regards the simplification of the implementation of harmonised rules on artificial intelligence (Digital Omnibus on AI) - Outcome of the European Parliament’s first reading (Strasbourg, 15 to 18 June 2026)",False,True
http://publications.europa.eu/resource/cellar/3807bddf-7ae7-11ef-bbbe-01aa75ed71a1,Parliament,PUB_GEN,2024-09-24,"The impact of EU legislation in the area of digital and green transition, particularly on SMEs.",False,False
http://publications.europa.eu/resource/cellar/3874fc76-f87f-11ee-a251-01aa75ed71a1,Commission,PUB_GEN,2024-04-11,The European Innovation Council : impact report 2023 : accelerating Deep Tech in Europe.,False,False
http://publications.europa.eu/resource/cellar/39012a5a-bdf5-11f0-bfd0-01aa75ed71a1,Commission,PUB_GEN,2025-11-07,Key guiding principles on public campaigning against hate speech and hate crime : step-by-step guidance for national authorities.,False,False
http://publications.europa.eu/resource/cellar/394345a1-2ecf-11eb-b27b-01aa75ed71a1,Commission,PUB_GEN,2020-11-25,Trends and developments in artificial intelligence : challenges to the intellectual property rights framework : final report.,False,False
http://publications.europa.eu/resource/cellar/3956eb64-4b02-11ef-acbc-01aa75ed71a1,Parliament,PUB_GEN,2024-07-25,"The protection of mental privacy in the area of neuroscience : societal, legal and ethical challenges.",False,False
http://publications.europa.eu/resource/cellar/3a15d900-9df2-11ed-b508-01aa75ed71a1,Commission,PUB_GEN,2023-01-18,Case study analysis of the use of emerging technologies for regulatory reporting : report on the use of new technologies in regulatory reporting.,False,False
http://publications.europa.eu/resource/cellar/3a2d3031-12e7-11ef-a251-01aa75ed71a1,Council,ITEM_IA_NOTE,2024-05-15,"Draft REGULATION OF THE EUROPEAN PARLIAMENT AND OF THE COUNCIL laying down harmonised rules on artificial intelligence and amending Regulations (EC) No 300/2008, (EU) No 167/2013, (EU) No 168/2013, (EU) 2018/858, (EU) 2018/1139 and (EU) 2019/2144 and Directives 2014/90/EU, (EU) 2016/797 and (EU) 2020/1828 (Artificial Intelligence Act) (first reading) - Adoption of the legislative act = Statements",False,True
http://publications.europa.eu/resource/cellar/3afbaed2-4aa4-11f0-85ba-01aa75ed71a1,Commission,SWD,2025-06-16,"COMMISSION STAFF WORKING DOCUMENT DESI 2025 methodological note Accompanying the document Communication from the Commission to the European Parliament, the Council, the European Economic and Social Committee, the Committee of the Regions State of the Digital Decade 2025: Keep building the EU's sovereignty and digital future",False,True
http://publications.europa.eu/resource/cellar/3bddb039-909e-11ed-b508-01aa75ed71a1,Commission,PUB_GEN,2023-01-09,AI Watch : artificial intelligence standardisation landscape update.,False,False
http://publications.europa.eu/resource/cellar/3c29908c-9839-11f0-97c8-01aa75ed71a1,Commission,PUB_GEN,2025-09-22,"Explainable AI in cardiovascular health : methods, applications, and innovations.",False,False
http://publications.europa.eu/resource/cellar/3c2e9d55-482a-11f1-8095-01aa75ed71a1,Commission,REPORT,2026-05-04,"The futures of artificial intelligence : implications for Europe’s R&I ecosystem. Part 3, A forward-looking analysis of European industries’ artificial intelligence use",False,True
http://publications.europa.eu/resource/cellar/3d152efc-04ee-11ee-87ec-01aa75ed71a1,Commission,PUB_GEN,2023-06-06,Survey on interoperability of energy smart appliances : supporting the development of policy proposals for energy smart appliances.,False,False
http://publications.europa.eu/resource/cellar/3e2cf0e2-a34b-11ec-83e1-01aa75ed71a1,Commission,PUB_GEN,2022-03-02,Cancer screening in the European Union : executive summary.,False,False
http://publications.europa.eu/resource/cellar/3e5f3199-c254-11ec-b6f4-01aa75ed71a1,Council,NOTE_COVER,2022-04-22,Proposal for a Regulation of the European Parliament and of the Council laying down harmonised rules on artificial intelligence (Artificial Intelligence Act) and amending certain Union legislative acts [8115/21 - COM(2021) 206 final] - Opinion on the application of the Principles of Subsidiarity and Proportionality,False,False
http://publications.europa.eu/resource/cellar/3e89b793-4aa4-11f0-85ba-01aa75ed71a1,Commission,SWD,2025-06-16,"COMMISSION STAFF WORKING DOCUMENT Digital Decade 2025 country reports Accompanying the document Communication from the Commission to the European Parliament, the Council and the European Economic and Social Committee and the Committee of the Regions State of the Digital Decade 2025: Keep building the EU's sovereignty and digital future",False,True
http://publications.europa.eu/resource/cellar/3f1ca47c-ede8-11ec-a534-01aa75ed71a1,Parliament,PUB_GEN,2022-06-16,Artificial intelligence and the fisheries sector.,False,False
http://publications.europa.eu/resource/cellar/3f44deb6-8937-11f0-9af8-01aa75ed71a1,Commission,PUB_GEN,2025-09-03,Artificial intelligence in the sport sector : a paper from the SHARE 2.0 initiative.,False,False
http://publications.europa.eu/resource/cellar/3f4e211c-2640-11ec-bd8e-01aa75ed71a1,Parliament,OWNINI_RES,2020-10-20,European Parliament resolution of 20 October 2020 on intellectual property rights for the development of artificial intelligence technologies (2020/2015(INI)),False,True
http://publications.europa.eu/resource/cellar/3f5b1dd8-39f6-11f1-814f-01aa75ed71a1,Commission,ANNOUNC,2026-04-17,Prior notification of a concentration (Case M.12391 – OAI / SBG / SB OAI JV) – Candidate case for simplified procedure,False,False
http://publications.europa.eu/resource/cellar/3f7f2c72-c6b3-11f0-8da2-01aa75ed71a1,Parliament,REPORT_DRAFT_EP_CMT,2022-04-20,"DRAFT REPORT - on the proposal for a regulation of the European Parliament and of the Council on harmonised rules on Artificial Intelligence (Artificial Intelligence Act) and amending certain Union Legislative Acts - (COM2021/0206 - C9-0146/2021 - 2021/0106(COD)) - Committee on the Internal Market and Consumer Protection - Committee on Civil Liberties, Justice and Home Affairs - Rapporteur: Brando Benifei, Ioan-Dragoş Tudorache",False,True
http://publications.europa.eu/resource/cellar/3f94b728-640c-11ee-9220-01aa75ed71a1,Commission,PUB_GEN,2023-10-05,Artificial Intelligence for interoperability in the European public sector : an exploratory study.,False,False
http://publications.europa.eu/resource/cellar/41c8182a-27f1-11f1-a7dd-01aa75ed71a1,Parliament,AMEND_LIST_EP,2026-03-25,"Amendment 001-083 - Arba Kokalari, Michael McNamara - Report A10-0073/2026 - Simplification of the implementation of harmonised rules on artificial intelligence (Digital Omnibus on AI)",False,True
http://publications.europa.eu/resource/cellar/42a122d6-1a23-11f1-9769-01aa75ed71a1,Parliament,ADOPT_TEXT,2024-04-24,European Parliament legislative resolution of 24 April 2024 on the proposal for a Council regulation amending Regulation (EU) 2021/1173 as regards an EuroHPC initiative for start-ups to boost European leadership in trustworthy Artificial Intelligence (COM(2024)0029 – C9-0013/2024 – 2024/0016(CNS)),False,True
http://publications.europa.eu/resource/cellar/430522cf-5e06-11f0-a9d0-01aa75ed71a1,Parliament,PUB_GEN,2025-07-10,"Generative AI and copyright : training, creation, regulation.",False,False
http://publications.europa.eu/resource/cellar/4306dceb-8c20-11ef-a130-01aa75ed71a1,Parliament,OWNINI_RES,2024-01-17,"P9_TA(2024)0032 – Virtual worlds – opportunities, risks and policy implications for the single market – European Parliament resolution of 17 January 2024 on virtual worlds – opportunities, risks and policy implications for the single market (2022/2198(INI))",False,True
http://publications.europa.eu/resource/cellar/4358a089-b8b0-11ed-8912-01aa75ed71a1,Commission,PUB_GEN,2023-03-01,Trustworthy artificial intelligence for a fair and democratic Europe.,False,False
http://publications.europa.eu/resource/cellar/43c6ebae-a34a-11ec-83e1-01aa75ed71a1,Commission,PUB_GEN,2022-03-02,Scientific opinion on cancer screening in the European Union.,False,False
http://publications.europa.eu/resource/cellar/43ea2afa-1d38-11f1-8c3a-01aa75ed71a1,Council,NOTE,2026-01-26,Proposal for a Directive on combating sexual abuse and sexual exploitation of children and child sexual aubse material (recast) – Additional information on artificial intelligence systems (provided by the European Parliament),False,True
http://publications.europa.eu/resource/cellar/441f168b-3463-11f0-8a44-01aa75ed71a1,Commission,PUB_GEN,2025-05-19,Joint Research Centre work programme 2025-2027.,False,False
http://publications.europa.eu/resource/cellar/4422b153-e778-11ee-9ea8-01aa75ed71a1,Parliament,OPIN_EP_CMT,2022-07-12,"OPINION - of the Committee on Transport and Tourism - for the Committee on the Internal Market and Consumer Protection and the Committee on Civil Liberties, Justice and Home Affairs - on the proposal for a regulation of the European Parliament and of the Council laying down harmonised rules on artificial intelligence (artificial intelligence act) and amending certain union legislative acts - (COM(2021)0206 - C9-0146/2021 - 2021/0106(COD)) - Rapporteur for opinion: Josianne Cutajar",False,True
http://publications.europa.eu/resource/cellar/44df3cc7-1f54-11f0-b1a3-01aa75ed71a1,Commission,PROP_REG,2025-04-22,"Proposal for a REGULATION OF THE EUROPEAN PARLIAMENT AND OF THE COUNCIL amending Regulations (EU) 2021/694, (EU) 2021/695, (EU) 2021/697, (EU) 2021/1153, (EU) 2023/1525 and 2024/795, as regards incentivising defence-related investments in the EU budget to implement the ReArm Europe Plan",False,True
http://publications.europa.eu/resource/cellar/44f0ed1f-285f-11f1-a7dd-01aa75ed71a1,Council,NOTE,2026-03-06,Proposal for a REGULATION OF THE EUROPEAN PARLIAMENT AND OF THE COUNCIL amending Regulations (EU) 2024/1689 and (EU) 2018/1139 as regards the simplification of the implementation of harmonised rules on artificial intelligence (Digital Omnibus on AI). - Third Presidency compromise text,False,True
http://publications.europa.eu/resource/cellar/44f3a665-1f96-11f1-8c3a-01aa75ed71a1,Parliament,ADOPT_TEXT,2026-03-11,"European Parliament legislative resolution of 11 March 2026 on the draft Council decision on the conclusion, on behalf of the European Union, of the Council of Europe Framework Convention on Artificial Intelligence and Human Rights, Democracy and the Rule of Law (11361/2025– C10-0183/2025 – 2025/0136(NLE))",False,True
http://publications.europa.eu/resource/cellar/4524af28-acea-11ed-8912-01aa75ed71a1,Commission,PUB_GEN,2023-02-15,Innovation in life and health sciences.,False,False
http://publications.europa.eu/resource/cellar/4559c9e2-a426-11f0-97c8-01aa75ed71a1,Commission,COMMUNIC,2025-10-08,COMMUNICATION FROM THE COMMISSION TO THE EUROPEAN PARLIAMENT AND THE COUNCIL A European Strategy for Artificial Intelligence in Science Paving the way for the Resource for AI Science in Europe (RAISE),False,True
http://publications.europa.eu/resource/cellar/45bf1f16-343c-11ef-b441-01aa75ed71a1,Commission,PUB_GEN,2024-06-26,Digital European platform of quality content providers : final reports phase 1 & 2.,False,False
http://publications.europa.eu/resource/cellar/463dca49-b3c0-11ec-9d96-01aa75ed71a1,Commission,PUB_GEN,2022-04-01,AI watch index 2021.,False,False
http://publications.europa.eu/resource/cellar/467c96bc-0d53-11ed-b11c-01aa75ed71a1,Parliament,PUB_GEN,2022-07-26,Governing data and artificial intelligence for all : models for sustainable and just data governance.,False,False
http://publications.europa.eu/resource/cellar/4696772d-f5be-11ec-b976-01aa75ed71a1,Commission,PUB_GEN,2022-06-24,"AI watch, AI uptake in manufacturing.",False,False
http://publications.europa.eu/resource/cellar/46ee9215-3571-11ed-9c68-01aa75ed71a1,Parliament,PUB_GEN,2022-09-15,"The many faces of translation : machine translation : driven by humans, powered by technology.",False,False
http://publications.europa.eu/resource/cellar/47054003-fa3d-11ef-b7db-01aa75ed71a1,Commission,PUB_GEN,2025-03-05,Artificial intelligence and the future of work.,False,False
http://publications.europa.eu/resource/cellar/4784df9c-ee71-11ef-b5e9-01aa75ed71a1,Commission,PUB_GEN,2025-02-17,European Network of Public Employment Services annual report 2024.,False,False
http://publications.europa.eu/resource/cellar/4834d390-a4db-11f0-a7c5-01aa75ed71a1,Council,REG,2025-10-09,,True,False
http://publications.europa.eu/resource/cellar/483742ae-104d-11ec-9151-01aa75ed71a1,Parliament,DEC,2020-06-18,"European Parliament decision of 18 June 2020 on setting up a special committee on artificial intelligence in a digital age, and defining its responsibilities, numerical strength and term of office (2020/2684(RSO))",False,False
http://publications.europa.eu/resource/cellar/498ec314-4aa4-11f0-85ba-01aa75ed71a1,Commission,SWD,2025-06-16,"COMMISSION STAFF WORKING DOCUMENT Digital Decade in 2025: progress and outlook Accompanying the document Communication from the Commission to the European Parliament, the Council and the European Economic and Social Committee and the Committee of the Regions State of the Digital Decade 2025: Keep building the EU's sovereignty and digital future",False,True
http://publications.europa.eu/resource/cellar/49afffaa-22e9-11ef-a251-01aa75ed71a1,Commission,PUB_GEN,2024-06-03,12th international conference on improving energy efficiency in commercial buildings and smart communities.,False,False
http://publications.europa.eu/resource/cellar/49fbb2ad-33d4-11ef-b441-01aa75ed71a1,Council,PROP_ACT,2024-06-26,"Proposal for a COUNCIL DECISION on the signing, on behalf of the European Union, of the Council of Europe Framework Convention on Artificial Intelligence, Human Rights, Democracy and the Rule of Law",False,False
http://publications.europa.eu/resource/cellar/4a2d8679-c0c2-11ee-b164-01aa75ed71a1,Commission,PUB_GEN,2024-01-31,"Destination CCAM : insights, trends, and expectations for connected, cooperative and automated mobility in Europe.",False,False
http://publications.europa.eu/resource/cellar/4a5594d1-4ee3-11ef-acbc-01aa75ed71a1,Commission,PUB_GEN,2024-07-30,ERA industrial technologies roadmap on human-centric research and innovation for the manufacturing sector.,False,False
http://publications.europa.eu/resource/cellar/4a59ddb9-895d-11ec-8c40-01aa75ed71a1,Parliament,PUB_GEN,2022-02-03,"A framework for foresight intelligence. Part 1, Horizon scanning tailored to STOA needs.",False,False
http://publications.europa.eu/resource/cellar/4b0a4eef-81e3-11ee-99ba-01aa75ed71a1,Commission,PUB_GEN,2023-11-09,Report on the outcome of the JRC Summer School 2023 on non-animal approaches in science : towards sustainable innovation.,False,False
http://publications.europa.eu/resource/cellar/4b7998fd-3ff9-11ed-92ed-01aa75ed71a1,Commission,IMPACT_ASSESS,2022-09-28,COMMISSION STAFF WORKING DOCUMENT IMPACT ASSESSMENT REPORT Accompanying the document Proposal for a Directive of the European Parliament and of the Council on adapting non-contractual civil liability rules to artificial intelligence,False,True
http://publications.europa.eu/resource/cellar/4b82d1b8-eb11-11ee-bf53-01aa75ed71a1,Commission,RECO,2024-03-19,Commission Recommendation (EU) 2024/915 of 19 March 2024 on measures to combat counterfeiting and enhance the enforcement of intellectual property rights,False,True
http://publications.europa.eu/resource/cellar/4c43465c-837a-11ee-99ba-01aa75ed71a1,Commission,PUB_GEN,2023-11-13,EU aquaculture sector : socioeconomic development (2008-2020).,False,False
http://publications.europa.eu/resource/cellar/4ce205b8-53d2-11ea-aece-01aa75ed71a1,Commission,REPORT,2020-02-19,"REPORT FROM THE COMMISSION TO THE EUROPEAN PARLIAMENT, THE COUNCIL AND THE EUROPEAN ECONOMIC AND SOCIAL COMMITTEE Report on the safety and liability implications of Artificial Intelligence, the Internet of Things and robotics",False,True
http://publications.europa.eu/resource/cellar/4d3584f8-5115-11ee-9220-01aa75ed71a1,Commission,PUB_GEN,2023-09-11,European digital innovation hubs : leading the digital transformation of small and midsize businesses (SMEs).,False,False
http://publications.europa.eu/resource/cellar/4d905a62-8760-11ee-99ba-01aa75ed71a1,Commission,PUB_GEN,2023-11-16,Demographic change in Europe.,False,False
http://publications.europa.eu/resource/cellar/4df219f1-bac9-11f0-b37f-01aa75ed71a1,Commission,PUB_GEN,2025-11-05,Common European data space for cultural heritage : annual report 2024/2025.,False,False
http://publications.europa.eu/resource/cellar/4e01fbb5-4aa4-11f0-85ba-01aa75ed71a1,Commission,SWD,2025-06-16,"COMMISSION STAFF WORKING DOCUMENT Monitoring of horizontal recommendations 2024 Accompanying the document Communication from the Commission to the European Parliament, the Council and the European Economic and Social Committee and the Committee of the Regions State of the Digital Decade 2025: Keep building the EU's sovereignty and digital future",False,True
http://publications.europa.eu/resource/cellar/4e1b48bc-bb60-11ef-91ed-01aa75ed71a1,Commission,PUB_GEN,2024-12-13,Data innovation toolkit.,False,False
http://publications.europa.eu/resource/cellar/4ee8799e-142c-11f0-b1a3-01aa75ed71a1,Commission,PUB_GEN,2025-04-07,Artificial intelligence in science : promises or perils for creativity?,False,False
http://publications.europa.eu/resource/cellar/5056e36b-e777-11ee-9ea8-01aa75ed71a1,Parliament,REPORT_EP,2023-05-22,"REPORT - on the proposal for a regulation of the European Parliament and of the Council on laying down harmonised rules on Artificial Intelligence (Artificial Intelligence Act) and amending certain Union Legislative Acts - (COM(2021)0206 - C9-0146/2021 - 2021/0106(COD)) - Committee on the Internal Market and Consumer Protection - Committee on Civil Liberties, Justice and Home Affairs - Rapporteur: Brando Benifei, Ioan-Dragoş Tudorache",False,True
http://publications.europa.eu/resource/cellar/505e2fe1-92ae-11f0-97c8-01aa75ed71a1,Commission,PUB_GEN,2025-09-15,Artificial intelligence and employment in the EU.,False,False
http://publications.europa.eu/resource/cellar/515a58ff-409e-11ee-952f-01aa75ed71a1,Commission,PUB_GEN,2023-08-21,AI Watch : adoption of autonomous machines.,False,False
http://publications.europa.eu/resource/cellar/519a9bf4-9f5b-11ec-83e1-01aa75ed71a1,Commission,PUB_GEN,2022-03-02,Cancer screening in the European Union.,False,False
http://publications.europa.eu/resource/cellar/51e75c0d-eb50-11eb-93a8-01aa75ed71a1,Parliament,RES,2020-02-12,European Parliament resolution of 12 February 2020 on automated decision-making processes: ensuring consumer protection and free movement of goods and services (2019/2915(RSP)),False,True
http://publications.europa.eu/resource/cellar/52028928-482a-11f1-8095-01aa75ed71a1,Commission,REPORT,2026-05-04,"The futures of artificial intelligence : implications for Europe’s R&I ecosystem. Part 5, Final report",False,True
http://publications.europa.eu/resource/cellar/524071d9-ab81-11ee-b164-01aa75ed71a1,Commission,PUB_GEN,2024-01-04,Assessing open strategic autonomy.,False,False
http://publications.europa.eu/resource/cellar/5305a847-2dba-11ed-975d-01aa75ed71a1,Parliament,OWNINI_RES,2022-02-17,European Parliament resolution of 17 February 2022 on tackling non-tariff and non-tax barriers in the single market (2021/2043(INI)),False,True
http://publications.europa.eu/resource/cellar/543241bd-d0ab-11f0-8da2-01aa75ed71a1,Parliament,OPIN_LETTER_EP_CMT,2025-12-03,"Opinion on the legal basis of the Proposal for a Regulation of the European Parliament and of the Council amending Regulations (EU) 2021/694, (EU) 2021/695, (EU) 2021/697, (EU) 2021/1153, (EU) 2023/1525 and 2024/795, as regards incentivising defence-related investments in the EU budget to implement the ReArm Europe Plan (COM(2025)0188 - C10-0070/2025 - 2025/0103(COD))",False,True
http://publications.europa.eu/resource/cellar/545688d9-cd10-11eb-ac72-01aa75ed71a1,Council,NOTE_COVER,2021-06-14,Proposal for a REGULATION OF THE EUROPEAN PARLIAMENT AND OF THE COUNCIL - Laying down harmonised rules on artificial intelligence (Artificial Intelligence Act) and amending certain union legislative acts [doc. 8115/21 - COM(2021) 206 final] - Opinion on the application of the Principles of Subsidiarity and Proportionality,False,False
http://publications.europa.eu/resource/cellar/54e385d8-eac0-11ec-a534-01aa75ed71a1,Commission,PUB_GEN,2022-05-31,"AI watch, national strategies on artificial intelligence : a European perspective.",False,False
http://publications.europa.eu/resource/cellar/5530c8ca-7a1f-11ef-bbbe-01aa75ed71a1,Commission,PUB_GEN,2024-09-23,Competition in generative AI and virtual worlds.,False,False
http://publications.europa.eu/resource/cellar/55341464-b3bd-11ec-9d96-01aa75ed71a1,Commission,PUB_GEN,2022-03-29,Directive 2004/113/EC on gender equality in goods and services : in search of the potential of a forgotten directive.,False,False
http://publications.europa.eu/resource/cellar/55e8b036-4aa4-11f0-85ba-01aa75ed71a1,Commission,SWD,2025-06-16,"COMMISSION STAFF WORKING DOCUMENT Monitoring of the European Declaration on Digital Rights and Principles Accompanying the document Communication from the Commission to the European Parliament, the Council and the European Economic and Social Committee and the Committee of the Regions State of the Digital Decade 2025: Keep building the EU's sovereignty and digital future",False,True
http://publications.europa.eu/resource/cellar/572230f4-2896-11f1-a7dd-01aa75ed71a1,Parliament,AMEND_LIST_EP,2026-03-25,"Amendment 001-083 - Arba Kokalari, Michael McNamara - Report A10-0073/2026 - Simplification of the implementation of harmonised rules on artificial intelligence (Digital Omnibus on AI)",False,True
http://publications.europa.eu/resource/cellar/582d12a8-e38c-11ef-be2a-01aa75ed71a1,Commission,PUB_GEN,2025-02-04,Interrogating the research and development pipeline of artificial intelligence (AI) in health : diagnosis and prediction-based diagnosis.,False,False
http://publications.europa.eu/resource/cellar/58767f54-4290-11f0-b9f2-01aa75ed71a1,Commission,PUB_GEN,2025-06-04,European Centre for Algorithmic Transparency (ECAT). May 2025.,False,False
http://publications.europa.eu/resource/cellar/59d27837-cc8a-11ea-adf7-01aa75ed71a1,Parliament,PUB_GEN,2020-07-17,The legal framework for e-commerce in the internal market.,False,False
http://publications.europa.eu/resource/cellar/5a83419b-19bc-11ec-b4fe-01aa75ed71a1,Commission,PUB_GEN,2021-09-17,Advanced technologies for industry : international reports : report on Canada : technological capacities and key policy measures.,False,False
http://publications.europa.eu/resource/cellar/5aef16ec-208d-11ee-94cb-01aa75ed71a1,Commission,COMMUNIC,2023-07-11,"COMMUNICATION FROM THE COMMISSION TO THE EUROPEAN PARLIAMENT, THE COUNCIL, THE EUROPEAN ECONOMIC AND SOCIAL COMMITTEE AND THE COMMITTEE OF THE REGIONS An EU initiative on Web 4.0 and virtual worlds: a head start in the next technological transition",False,True
http://publications.europa.eu/resource/cellar/5afe84e4-9b6e-11ec-83e1-01aa75ed71a1,Parliament,PUB_GEN,2020-04-30,Ten technologies to fight coronavirus : in-depth analysis.,False,False
http://publications.europa.eu/resource/cellar/5b1eb978-62b8-11f0-bf4e-01aa75ed71a1,Parliament,PUB_GEN,2025-07-16,Workshop on generative AI & copyright.,False,False
http://publications.europa.eu/resource/cellar/5b2ee0cc-b348-11ee-b164-01aa75ed71a1,Commission,ANNOUNC,2024-01-15,Prior notification of a concentration (Case M.11152 – TERNA / MAURO MIGLIAZZI / DXT / WESII) – Candidate case for simplified procedure,False,False
http://publications.europa.eu/resource/cellar/5b92a43a-9a85-11f0-97c8-01aa75ed71a1,Commission,PUB_GEN,2025-09-25,Studies and meetings on health emergency preparedness and response for HERA : scientific background document : AI applications in bioinformatics for pathogen detection via metagenomic sequencing.,False,False
http://publications.europa.eu/resource/cellar/5ba29b94-ae04-11ef-acb1-01aa75ed71a1,Commission,PUB_GEN,2024-11-28,"Adoption of AI, blockchain and other emerging technologies within the European public sector : a public sector Tech Watch report.",False,False
http://publications.europa.eu/resource/cellar/5c1a55cb-3136-11f0-8a44-01aa75ed71a1,Commission,PUB_GEN,2025-05-13,Early intervention and job-to-job transitions : the evolving role of PES : thematic paper.,False,False
http://publications.europa.eu/resource/cellar/5ca1d094-08b0-11f0-b1a3-01aa75ed71a1,Commission,PUB_GEN,2025-03-24,"Future-oriented occupations in the EU : main features, employment conditions, and job strain.",False,False
http://publications.europa.eu/resource/cellar/5d1e5a0e-3ff9-11ed-92ed-01aa75ed71a1,Commission,SWD,2022-09-28,COMMISSION STAFF WORKING DOCUMENT AI Subsidiarity Grid Accompanying the document Proposal for a Directive of the European Parliament and of the Council on adapting non contractual civil liability rules to artificial intelligence (AI Liability Directive),False,True
http://publications.europa.eu/resource/cellar/5d7a720f-a3bf-11ed-b508-01aa75ed71a1,Council,NOTE_COVER,2023-02-03,Directive of the European Parliament and of the Council on adapting non-contractual civil liability rules to artificial intelligence (AI Liability Directive) [13079/22 - COM(2022) 496 final] - Opinion on the application of the Principles of Subsidiarity and Proportionality,False,False
http://publications.europa.eu/resource/cellar/5dd1cad0-285f-11f1-a7dd-01aa75ed71a1,Council,NOTE,2026-03-05,Proposal for a REGULATION OF THE EUROPEAN PARLIAMENT AND OF THE COUNCIL amending Regulations (EU) 2024/1689 and (EU) 2018/1139 as regards the simplification of the implementation of harmonised rules on artificial intelligence (Digital Omnibus on AI). - Third Presidency compromise text,False,True
http://publications.europa.eu/resource/cellar/5de8d1db-4311-11f1-8095-01aa75ed71a1,Commission,SWD,2026-04-28,"COMMISSION STAFF WORKING DOCUMENT Accompanying the document Report from the Commission to the European Parliament, the Council and the European Economic and Social Committee on the Review of Regulation (EU) 2022/1925 of the European Parliament and of the Council on contestable and fair markets in the digital sector and amending Directives (EU) 2019/1937 and (EU) 2020/1828 (Digital Markets Act), in accordance with Article 53 thereof",False,True
http://publications.europa.eu/resource/cellar/5dea4b99-984f-11f1-9262-01aa75ed71a1,Commission,PUB_GEN,2026-08-14,"Artificial intelligence for biology : capabilities, readiness, and policy implications",False,False
http://publications.europa.eu/resource/cellar/5fa2c87f-335b-11f1-be39-01aa75ed71a1,Council,NOTE_COVER,2026-04-08,Proposal for a REGULATION OF THE EUROPEAN PARLIAMENT AND OF THE COUNCIL amending Regulations (EU) 2024/1689 and (EU) 2018/1139 as regards the simplification of the implementation of harmonised rules on artificial intelligence (Digital Omnibus on AI) [15708/25 - COM(2025)836 final] - Opinion on the application of the Principles of Subsidiarity and Proportionality,False,False
http://publications.europa.eu/resource/cellar/5fbff147-2fa1-11f0-8a44-01aa75ed71a1,Commission,PUB_GEN,2025-05-12,Analysis of EU AI Office : stakeholder consultations : defining AI systems and prohibited applications : final study report.,False,False
http://publications.europa.eu/resource/cellar/604fd72c-e6dd-11ee-9ea8-01aa75ed71a1,Council,NOTE_INFO,2024-03-18,"Proposal for a REGULATION OF THE EUROPEAN PARLIAMENT AND OF THE COUNCIL laying down harmonised rules on artificial intelligence (Artificial Intelligence Act) and amending certain Union legislative acts - Outcome of the European Parliament's first reading (Strasbourg, 11 to 14 March 2024)",False,True
http://publications.europa.eu/resource/cellar/60591d11-92fc-11ed-b508-01aa75ed71a1,Commission,PUB_GEN,2023-01-10,European cancer imaging initiative : an EU state of the art platform to demonstrate the power of Artificial Intelligence and digital technologies to beat cancer.,False,False
http://publications.europa.eu/resource/cellar/60cb6359-a0e6-11f1-b25c-01aa75ed71a1,Parliament,RES_LEGIS,2026-03-11,"P10_TA(2026)0071 – Council of Europe Framework Convention on Artificial Intelligence and Human Rights, Democracy and the Rule of Law – European Parliament legislative resolution of 11 March 2026 on the draft Council decision on the conclusion, on behalf of the European Union, of the Council of Europe Framework Convention on Artificial Intelligence and Human Rights, Democracy and the Rule of Law (11361/2025– C10-0183/2025 – 2025/0136(NLE)) (Consent)",False,True
http://publications.europa.eu/resource/cellar/61d496bf-263f-11ec-bd8e-01aa75ed71a1,Parliament,OWNINI_RES,2020-10-20,European Parliament resolution of 20 October 2020 with recommendations to the Commission on the Digital Services Act: Improving the functioning of the Single Market (2020/2018(INL)),False,True
http://publications.europa.eu/resource/cellar/61e2e1f4-60da-11ee-9220-01aa75ed71a1,Commission,PUB_GEN,2023-09-29,"CAS, Centre for Advanced Studies 2023.",False,False
http://publications.europa.eu/resource/cellar/620b015d-208d-11ee-94cb-01aa75ed71a1,Commission,SWD,2023-07-11,"COMMISSION STAFF WORKING DOCUMENT Accompanying the document COMMUNICATION FROM THE COMMISSION TO THE EUROPEAN PARLIAMENT, THE COUNCIL, THE EUROPEAN ECONOMIC AND SOCIAL COMMITTEE AND THE COMMITTEE OF THE REGIONS An EU initiative on Web 4.0 and virtual worlds : a head start in the next technological transition",False,True
http://publications.europa.eu/resource/cellar/621680a1-69f2-11f1-ae88-01aa75ed71a1,Commission,REPORT,2026-06-11,Labour market institutions and the adoption of artificial intelligence : evidence on workforce adjustment and technology diffusion across firms,False,True
http://publications.europa.eu/resource/cellar/62c24e61-6129-11f0-a9d0-01aa75ed71a1,Commission,PUB_GEN,2025-07-14,AI evidence pathway for operationalising trustworthy AI in health : an ontology unfolding ethical principles into translational and fundamental concepts.,False,False
http://publications.europa.eu/resource/cellar/63acdd21-d643-11ee-b9d9-01aa75ed71a1,Commission,PUB_GEN,2024-02-27,The future of digital infrastructures : connectivity package on digital networks and infrastructures.,False,False
http://publications.europa.eu/resource/cellar/642b8d23-2a3d-11ec-bd8e-01aa75ed71a1,Commission,PUB_GEN,2021-10-08,"Policies for collaborative robotics and artificial intelligence (AI) systems : policy brief on collaborative robots, human-AI systems and the role for policy.",False,False
http://publications.europa.eu/resource/cellar/6502082f-a0e6-11f1-b25c-01aa75ed71a1,Parliament,OWNINI_RES,2026-03-10,P10_TA(2026)0066 – Copyright and generative artificial intelligence – opportunities and challenges – European Parliament resolution of 10 March 2026 on copyright and generative artificial intelligence – opportunities and challenges (2025/2058(INI)),False,True
http://publications.europa.eu/resource/cellar/65908a6e-a585-11f0-a7c5-01aa75ed71a1,Commission,PUB_GEN,2025-10-08,A proposal to identify high-impact capabilities of general-purpose AI models : collection of external scientific studies on general-purpose AI models under the EU AI Act.,False,False
http://publications.europa.eu/resource/cellar/66016957-1f96-11f1-8c3a-01aa75ed71a1,Parliament,REPORT,2026-02-02,"RECOMMENDATION on the draft Council decision on the conclusion, on behalf of the European Union, of the Council of Europe Framework Convention on Artificial Intelligence and Human Rights, Democracy and the Rule of Law (11361/2025- C10-0183/2025 - 2025/0136(NLE)) Committee on the Internal Market and Consumer Protection Committee on Civil Liberties, Justice and Home Affairs Co-Rapporteurs: José Cepeda, Paulo Cunha",False,True
http://publications.europa.eu/resource/cellar/67533a2d-fd60-11ef-b7db-01aa75ed71a1,Commission,PUB_GEN,2025-03-10,Opinion paper on EOSC as a common good by the EOSC Steering Board expert group (E03756).,False,False
http://publications.europa.eu/resource/cellar/677409ab-482a-11f1-8095-01aa75ed71a1,Commission,STU,2026-05-04,"The futures of artificial intelligence : implications for Europe’s R&I ecosystem. Part 4, Scenarios and opportunities",False,False
http://publications.europa.eu/resource/cellar/677830d1-cfbe-11ee-b9d9-01aa75ed71a1,Commission,PUB_GEN,2024-02-19,"Horizon Europe, Research & innovation reshaping democracies.",False,False
http://publications.europa.eu/resource/cellar/678de392-ed3e-11ec-a534-01aa75ed71a1,Council,CORRIGENDUM,2022-06-16,,True,False
http://publications.europa.eu/resource/cellar/67f71bea-9a89-11f0-97c8-01aa75ed71a1,Commission,PUB_GEN,2025-09-25,Studies and meetings on health emergency preparedness and response for HERA : scientific background document : AI supported MCM development.,False,False
http://publications.europa.eu/resource/cellar/6828c7c5-04ec-11ee-87ec-01aa75ed71a1,Commission,PUB_GEN,2023-06-06,"Horizon Europe, Research & innovation reshaping democracies.",False,False
http://publications.europa.eu/resource/cellar/6847a2e7-33ad-11f1-be39-01aa75ed71a1,Parliament,OWNINI_RES,2025-09-11,P10_TA(2025)0197 – Implementation and streamlining of EU internal market rules to strengthen the single market – European Parliament resolution of 11 September 2025 on the implementation and streamlining of EU internal market rules to strengthen the single market (2025/2009(INI)),False,True
http://publications.europa.eu/resource/cellar/68586087-7217-11ed-9887-01aa75ed71a1,Council,DEC,2022-11-21,"Council Decision (EU) 2022/2349 of 21 November 2022 authorising the opening of negotiations on behalf of the European Union for a Council of Europe convention on artificial intelligence, human rights, democracy and the rule of law",False,False
http://publications.europa.eu/resource/cellar/68a5ded8-e3da-11ed-a05c-01aa75ed71a1,Commission,PUB_GEN,2023-04-25,European digital education hub : newsletter. 22/02/2023.,False,False
http://publications.europa.eu/resource/cellar/68b91f8f-cf0a-11ef-be2a-01aa75ed71a1,Commission,PUB_GEN,2025-01-08,The impact of human oversight on discrimination in AI-supported decision-making : a large case study on human oversight of AI-based decision support systems in lending and hiring scenarios.,False,False
http://publications.europa.eu/resource/cellar/694a86eb-50e5-11f0-a9d0-01aa75ed71a1,Commission,COMMUNIC,2025-06-24,"COMMUNICATION FROM THE COMMISSION TO THE EUROPEAN PARLIAMENT, THE COUNCIL, THE EUROPEAN ECONOMIC AND SOCIAL COMMITTEE AND THE COMMITTEE OF THE REGIONS Roadmap for lawful and effective access to data for law enforcement",False,True
http://publications.europa.eu/resource/cellar/69a30765-432b-11ed-92ed-01aa75ed71a1,Council,PROP_ACT,2022-10-03,Proposal for a DIRECTIVE OF THE EUROPEAN PARLIAMENT AND OF THE COUNCIL on adapting non-contractual civil liability rules to artificial intelligence (AI Liability Directive),False,False
http://publications.europa.eu/resource/cellar/6a3b2ad6-a021-11ec-83e1-01aa75ed71a1,Parliament,PUB_GEN,2022-03-07,Identification and assessment of existing and draft EU legislation in the digital field.,False,False
http://publications.europa.eu/resource/cellar/6b108cfc-d0ff-11f0-8da2-01aa75ed71a1,Commission,COMMUNIC,2025-12-04,"COMMUNICATION FROM THE COMMISSION TO THE EUROPEAN PARLIAMENT, THE COUNCIL, THE EUROPEAN ECONOMIC AND SOCIAL COMMITTEE AND THE COMMITTEE OF THE REGIONS Quality Jobs Roadmap",False,True
http://publications.europa.eu/resource/cellar/6b3d4998-a0eb-11ec-83e1-01aa75ed71a1,Parliament,PUB_GEN,2022-03-07,Recent studies on artificial intelligence.,False,False
http://publications.europa.eu/resource/cellar/6b5b5f9d-149f-11ee-806b-01aa75ed71a1,Parliament,PUB_GEN,2023-06-26,Metaverse.,False,False
http://publications.europa.eu/resource/cellar/6bc8cc21-bbff-11ee-b164-01aa75ed71a1,Commission,PUB_GEN,2024-01-25,Common European data space for cultural heritage : annual report 2022/2023.,False,False
http://publications.europa.eu/resource/cellar/6cc5bcf7-a427-11eb-9585-01aa75ed71a1,Council,NOTE_COVER,2021-04-23,COMMISSION STAFF WORKING DOCUMENT EXECUTIVE SUMMARY OF THE IMPACT ASSESSMENT REPORT Accompanying the Proposal for a Regulation of the European Parliament and of the Council LAYING DOWN HARMONISED RULES ON ARTIFICIAL INTELLIGENCE (ARTIFICIAL INTELLIGENCE ACT) AND AMENDING CERTAIN UNION LEGISLATIVE ACTS,False,False
http://publications.europa.eu/resource/cellar/6e73e2db-5f40-11f1-aa6d-01aa75ed71a1,Commission,PROP_REG,2026-06-03,Proposal for a REGULATION OF THE EUROPEAN PARLIAMENT AND OF THE COUNCIL establishing a framework of measures for strengthening Europe’s cloud and AI ecosystem (Cloud and AI Development Act),False,True
http://publications.europa.eu/resource/cellar/6e92feae-fd51-11ef-b7db-01aa75ed71a1,Commission,REG_IMPL,2025-03-07,Commission Implementing Regulation (EU) 2025/454 of 7 March 2025 laying down the rules for the application of Regulation (EU) 2024/1689 of the European Parliament and of the Council as regards the establishment of a scientific panel of independent experts in the field of artificial intelligence,False,False
http://publications.europa.eu/resource/cellar/6e99365f-1836-11ef-a251-01aa75ed71a1,Council,NOTE,2024-05-22,"Voting result REGULATION OF THE EUROPEAN PARLIAMENT AND OF THE COUNCIL laying down harmonised rules on artificial intelligence and amending Regulations (EC) No 300/2008, (EU) No 167/2013, (EU) No 168/2013, (EU) 2018/858, (EU) 2018/1139 and (EU) 2019/2144 and Directives 2014/90/EU, (EU) 2016/797 and (EU) 2020/1828 (Artificial Intelligence Act) Adoption of the Legislative Act 4024th meeting of the COUNCIL OF THE EUROPEAN UNION (Transport, Telecommunications and Energy) 21 May 2024, Brussels",False,True
http://publications.europa.eu/resource/cellar/6fae7de9-1a23-11f1-9769-01aa75ed71a1,Parliament,REPORT,2024-03-25,"REPORT on the proposal for a Council regulation amending Regulation (EU) 2021/1173 as regards an EuroHPC initiative for start-ups to boost European leadership in trustworthy Artificial Intelligence (COM(2024)0029 - C9-0013/2024 - 2024/0016(CNS)) Committee on Industry, Research and Energy Rapporteur: Maria da Graça Carvalho",False,True
http://publications.europa.eu/resource/cellar/70ef5df9-675d-11f0-bf4e-01aa75ed71a1,Commission,ANNOUNC,2025-07-23,Prior notification of a concentration (Case M.12060 – ALPHABET / FOXCONN / JV) – Candidate case for simplified procedure,False,False
http://publications.europa.eu/resource/cellar/718335ef-167e-11f0-b1a3-01aa75ed71a1,Commission,PUB_GEN,2025-04-10,Disruptive innovation : investing in healthcare transformation : Healthcare Business International Conference 2025.,False,False
http://publications.europa.eu/resource/cellar/72260a6d-df3d-11f0-8439-01aa75ed71a1,Council,REG,2025-12-19,"Regulation (EU) 2025/2653 of the European Parliament and of the Council of 19 December 2025 amending Regulations (EU) 2021/694, (EU) 2021/695, (EU) 2021/697, (EU) 2021/1153 and (EU) 2024/795, as regards incentivising defence-related investment in the EU budget to implement the ReArm Europe Plan (Text with EEA relevance)",True,False
http://publications.europa.eu/resource/cellar/72421f53-4458-11ed-92ed-01aa75ed71a1,Commission,PUB_GEN,2022-10-10,Final report of the Commission expert group on tackling disinformation and promoting digital literacy through education and training : final report.,False,False
http://publications.europa.eu/resource/cellar/72d8ede9-66ad-11f0-bf4e-01aa75ed71a1,Parliament,PUB_GEN,2025-07-21,A European news streaming platform : study on European added value and governance.,False,False
http://publications.europa.eu/resource/cellar/734447fa-58a7-11ec-91ac-01aa75ed71a1,Commission,PUB_GEN,2021-12-08,"A guide for fostering entrepreneurship education : five key actions towards a digital, green and resilient Europe.",False,False
http://publications.europa.eu/resource/cellar/73ff72c2-ab11-11f0-89c6-01aa75ed71a1,Commission,PUB_GEN,2025-10-16,"BRIDGE, Consumer and citizen engagement working group : annual activity report 2024-2025.",False,False
http://publications.europa.eu/resource/cellar/7410fba9-432e-11ed-92ed-01aa75ed71a1,Council,NOTE_COVER,2022-10-03,COMMISSION STAFF WORKING DOCUMENT IMPACT ASSESSMENT REPORT Accompanying the document Proposal for a Directive of the European Parliament and of the Council on adapting non-contractual civil liability rules to artificial intelligence,False,False
http://publications.europa.eu/resource/cellar/747eeacf-92c5-11ec-b4e4-01aa75ed71a1,Commission,PUB_GEN,2022-02-21,DeepTech for digital transformation launchpad : an investment support programme for the emerging fields of artificial intelligence (AI) and blockchain technologies (BT) : executive summary.,False,False
http://publications.europa.eu/resource/cellar/74f491f3-299f-11f1-8803-01aa75ed71a1,Parliament,REPORT,2026-03-25,Artificial intelligence in classrooms : ethical dimensions,False,True
http://publications.europa.eu/resource/cellar/7501b854-23cd-11f0-ac85-01aa75ed71a1,Council,DEC,2025-04-14,Council Decision (EU) 2025/800 of 14 April 2025 establishing the position to be taken on behalf of the European Union within the Joint Committee established by the Agreement on the withdrawal of the United Kingdom of Great Britain and Northern Ireland from the European Union and the European Atomic Energy Community as regards the adoption of a decision adding a newly adopted Union act to Annex 2 to the Windsor Framework,False,False
http://publications.europa.eu/resource/cellar/75a8a502-2913-11f1-a7dd-01aa75ed71a1,Council,NOTE_COVER,2026-03-26,"COMMUNICATION FROM THE COMMISSION TO THE EUROPEAN PARLIAMENT AND THE COUNCIL DATA UNION STRATEGY UNLOCKING DATA FOR AI [15712/25 - COM(2025)835] Proposal for a REGULATION OF THE EUROPEAN PARLIAMENT AND OF THE COUNCIL amending Regulations (EU) 2024/1689 and (EU) 2018/1139 as regards the simplification of the implementation of harmonised rules on artificial intelligence (Digital Omnibus on AI) [15708/25 - COM(2025)836] Proposal for a REGULATION OF THE EUROPEAN PARLIAMENT AND OF THE COUNCIL amending Regulations (EU) 2016/679, (EU) 2018/1724, (EU) 2018/1725, (EU) 2023/2854 and Directives 2002/58/EC, (EU) 2022/2555 and (EU) 2022/2557 as regards the simplification of the digital legislative framework, and repealing Regulations (EU) 2018/1807, (EU) 2019/1150, (EU) 2022/868, and Directive (EU) 2019/1024 (Digital Omnibus) [15698/25 - COM(2025)837] Proposal for a REGULATION OF THE EUROPEAN PARLIAMENT AND OF THE COUNCIL on the establishment of European Business Wallets [15701/25 - COM(2025)838] - Opinion on the application of the Principles of Subsidiarity and Proportionality",False,False
http://publications.europa.eu/resource/cellar/75c9a244-1566-11ee-806b-01aa75ed71a1,Commission,PUB_GEN,2023-06-27,New forms of PES service delivery : thematic paper.,False,False
http://publications.europa.eu/resource/cellar/7686476d-e777-11ee-9ea8-01aa75ed71a1,Parliament,OPIN_EP_CMT,2022-06-16,"OPINION - of the Committee on Culture and Education - for the Committee on the Internal Market and Consumer Protection and the Committee on Civil Liberties, Justice and Home Affairs - on the proposal for a regulation of the European Parliament and of the Council laying down harmonised rules on artificial intelligence (Artificial Intelligence Act) and amending certain Union Legislative Acts - (COM(2021)0206 - C9-0146/2021 - 2021/0106(COD)) - Rapporteur for opinion (*): Marcel Kolaja",False,True
http://publications.europa.eu/resource/cellar/76ed5f15-9d56-11ee-b164-01aa75ed71a1,Commission,PUB_GEN,2023-12-15,"EIC pathfinder portfolio : awareness inside : strategic plan : Brussels, November 2023.",False,False
http://publications.europa.eu/resource/cellar/76fcaabc-5c07-11ed-92ed-01aa75ed71a1,Commission,PUB_GEN,2022-11-03,Behavioural study on the link between challenges of artificial intelligence for Member States’ civil liability rules and consumer attitudes towards AI-enabled products and services : executive summary.,False,False
http://publications.europa.eu/resource/cellar/7787b257-167d-11f0-b1a3-01aa75ed71a1,Commission,PUB_GEN,2025-04-10,Analysis of the generative AI landscape in the European public sector.,False,False
http://publications.europa.eu/resource/cellar/77a04a0f-5912-11ed-92ed-01aa75ed71a1,Commission,PUB_GEN,2022-10-28,Study to support the Commission’s impact assessment on liability for artificial intelligence : final report.,False,False
http://publications.europa.eu/resource/cellar/78022066-7c83-11ef-bbbe-01aa75ed71a1,Commission,PUB_GEN,2024-09-26,Environmental intelligence : an enabling platform to help solve complex environmental challenges.,False,False
http://publications.europa.eu/resource/cellar/7859be7c-f003-11ef-981b-01aa75ed71a1,Commission,PUB_GEN,2025-02-20,"EIC pathfinder portfolio : DNA-based digital data storage : strategic plan, Brussels, January 2025.",False,False
http://publications.europa.eu/resource/cellar/78701706-a7e0-11f0-a7c5-01aa75ed71a1,Commission,PUB_GEN,2025-10-13,"Digital monitoring, algorithmic management and the platformisation of work in Europe.",False,False
http://publications.europa.eu/resource/cellar/787d744c-ca74-11f0-8da2-01aa75ed71a1,Parliament,STU,2025-11-24,Artificial intelligence for monitoring the application of EU law,False,False
http://publications.europa.eu/resource/cellar/7892c228-359f-11ee-800c-01aa75ed71a1,Commission,PUB_GEN,2023-08-07,Mapping EU-based LDT providers and users.,False,False
http://publications.europa.eu/resource/cellar/78dc54b5-0eaa-11f0-b1a3-01aa75ed71a1,Commission,PUB_GEN,2025-03-31,CORDIS results pack on advancing FAIR and open environmental data : AI-driven solutions for the European Green Deal and data strategy.,False,False
http://publications.europa.eu/resource/cellar/79233450-dc06-11f0-8da2-01aa75ed71a1,Commission,REPORT,2025-12-18,"REPORT FROM THE COMMISSION TO THE EUROPEAN PARLIAMENT, THE COUNCIL, THE EUROPEAN ECONOMIC AND SOCIAL COMMITTEE AND THE COMMITTEE OF THE REGIONS The Digital Europe Programme: Main findings of the interim evaluation",False,True
http://publications.europa.eu/resource/cellar/7947686c-62b9-11f0-bf4e-01aa75ed71a1,Commission,PUB_GEN,2025-07-15,Study on the deployment of AI in healthcare : executive summaries English – Français - Deutsch.,False,False
http://publications.europa.eu/resource/cellar/7960a07b-b566-11ec-b6f4-01aa75ed71a1,Commission,PUB_GEN,2022-03-31,"Study on health data, digital health and artificial intelligence in healthcare : executive summaries English – Français.",False,False
http://publications.europa.eu/resource/cellar/79804355-6e85-11f0-bf4e-01aa75ed71a1,Parliament,PUB_GEN,2025-07-31,Technological aspects of generative AI in the context of copyright : attribution and novelty in generative AI hypersurfaces.,False,False
http://publications.europa.eu/resource/cellar/79f228cd-a582-11f0-a7c5-01aa75ed71a1,Commission,PUB_GEN,2025-10-10,Training compute thresholds : key considerations for the EU AI Act : collection of external scientific studies on general-purpose AI models under the EU AI Act.,False,False
http://publications.europa.eu/resource/cellar/79fb710d-6b5c-11f0-bf4e-01aa75ed71a1,Parliament,PUB_GEN,2025-07-25,Artificial intelligence and civil liability : a European perspective.,False,False
http://publications.europa.eu/resource/cellar/7a385efb-8a2a-11f1-8e61-01aa75ed71a1,Commission,FACTSHEET,2026-07-27,Navigating intellectual property in the age of artificial intelligence,False,False
http://publications.europa.eu/resource/cellar/7ae82b77-c570-11f0-8da2-01aa75ed71a1,Commission,SWD,2025-11-19,"COMMISSION STAFF WORKING DOCUMENT Accompanying the documents Proposal for a REGULATION OF THE EUROPEAN PARLIAMENT AND OF THE COUNCIL Amending Regulations (EU) 2016/679, (EU) 2018/1724, (EU) 2018/1725, (EU) 2023/2854 and Directives 2002/58/EC, (EU) 2022/2555 and (EU) 2022/2557 as regards the simplification of the digital legislative framework, and repealing Regulations (EU) 2018/1807, (EU) 2019/1150, (EU) 2022/868, and Directive (EU) 2019/1024 (Digital Omnibus) Amending Regulations (EU) 2024/1689 and (EU) 2018/1139 as regards the simplification of the implementation of harmonised rules on artificial intelligence (Digital Omnibus on AI)",False,True
http://publications.europa.eu/resource/cellar/7b2a3e7a-3f77-11f1-8095-01aa75ed71a1,Parliament,OWNINI_RES,2025-11-26,P10_TA(2025)0299 – Protection of minors online – European Parliament resolution of 26 November 2025 on the protection of minors online (2025/2060(INI)),False,True
http://publications.europa.eu/resource/cellar/7bffe1ba-3d48-11ed-9c68-01aa75ed71a1,Commission,PUB_GEN,2022-09-22,Policy and investment recommendations for trustworthy AI.,False,False
http://publications.europa.eu/resource/cellar/7c3efc86-9a39-11ee-b164-01aa75ed71a1,Commission,PUB_GEN,2023-12-14,Foresight on demand : “Foresight towards the 2nd Strategic Plan for Horizon Europe” : foresight.,False,False
http://publications.europa.eu/resource/cellar/7c7291be-4b3c-11f1-8095-01aa75ed71a1,Council,NOTE,2026-05-08,Proposal for a REGULATION OF THE EUROPEAN PARLIAMENT AND OF THE COUNCIL amending Regulations (EU) 2024/1689 and (EU) 2018/1139 as regards the simplification of the implementation of harmonised rules on artificial intelligence (Digital Omnibus on AI) - Analysis of the final compromise text with a view to agreement,False,True
http://publications.europa.eu/resource/cellar/7d0a4007-51dd-11ee-9220-01aa75ed71a1,Commission,PUB_GEN,2023-09-11,Cybersecurity of artificial intelligence in the AI Act : guiding principles to address the cybersecurity requirement for high-riskAI systems.,False,False
http://publications.europa.eu/resource/cellar/7df04cc1-dc06-11f0-8da2-01aa75ed71a1,Commission,EVL,2025-12-18,"COMMISSION STAFF WORKING DOCUMENT EVALUATION Interim Evaluation of the Digital Europe Programme Accompanying the document REPORT FROM THE COMMISSION TO THE EUROPEAN PARLIAMENT, THE COUNCIL, THE EUROPEAN ECONOMIC AND SOCIAL COMMITTEE AND THE COMMITTEE OF THE REGIONS The Digital Europe Programme: Main findings of the interim evaluation",False,True
http://publications.europa.eu/resource/cellar/7e418c84-2bc2-11f0-8a44-01aa75ed71a1,Commission,PUB_GEN,2025-05-07,A brief guide about the European AI innovation ecosystem : from the perspective of European Digital Innovation Hubs.,False,False
http://publications.europa.eu/resource/cellar/7e9e1782-1dd6-11ed-8fa0-01aa75ed71a1,Parliament,PUB_GEN,2022-08-16,"The way forward for better regulation in the EU : better focus, synergies, data and technology : in depth analysis.",False,False
http://publications.europa.eu/resource/cellar/7ed5aa59-dca1-11ec-a534-01aa75ed71a1,Commission,PUB_GEN,2022-05-25,AI Watch : European landscape on the use of artificial intelligence by the public sector.,False,False
http://publications.europa.eu/resource/cellar/7ee64722-945e-11ec-b4e4-01aa75ed71a1,Parliament,PUB_GEN,2022-02-21,Digital transformation : cost of non-Europe.,False,False
http://publications.europa.eu/resource/cellar/7f64223f-540d-11ed-92ed-01aa75ed71a1,Commission,PUB_GEN,2022-10-24,Final report of the Commission expert group on artificial intelligence and data in education and training : a executive summary.,False,False
http://publications.europa.eu/resource/cellar/7f8f81de-405e-11f0-b9f2-01aa75ed71a1,Commission,PROP_DEC,2025-06-03,"Proposal for a COUNCIL DECISION on the conclusion, on behalf of the European Union, of the Council of Europe Framework Convention on Artificial Intelligence and Human Rights, Democracy and the Rule of Law",False,True
http://publications.europa.eu/resource/cellar/801bb644-315a-11ec-bd8e-01aa75ed71a1,Commission,PUB_GEN,2021-10-19,Advanced technologies for industry technology watch reports : exploring upcoming technologies that are characterised by a high speed of evolution and a disruptive potential.,False,False
http://publications.europa.eu/resource/cellar/805e08cc-0383-11ef-a251-01aa75ed71a1,Commission,PUB_GEN,2024-04-25,Public Sector Tech Watch : mapping innovation in the EU public services : a collective effort in exploring the applications of artificial intelligence and blockchain in the public sector.,False,False
http://publications.europa.eu/resource/cellar/830c25f5-6a64-11ef-a8ba-01aa75ed71a1,Commission,PUB_GEN,2024-09-03,European Centre for Algorithmic Transparency (ECAT). August 2024.,False,False
http://publications.europa.eu/resource/cellar/83416949-0c8c-11ed-b11c-01aa75ed71a1,Parliament,PUB_GEN,2022-07-25,Regulatory divergences in the draft AI act : differences in public and private sector obligations.,False,False
http://publications.europa.eu/resource/cellar/836f8ddc-0de5-11eb-bc07-01aa75ed71a1,Council,CONCL,2020-10-13,Council Conclusions ‘Access to justice – seizing the opportunities of digitalisation’ 2020/C 342 I/01,False,True
http://publications.europa.eu/resource/cellar/83838dbc-3d1f-11ec-89db-01aa75ed71a1,Commission,PUB_GEN,2021-10-29,"AI watch, defining artificial intelligence 2.0 : towards an operational definition and taxonomy for the AI landscape.",False,False
http://publications.europa.eu/resource/cellar/8471c58f-bb8f-11ee-b164-01aa75ed71a1,Commission,PROP_REG,2024-01-24,Proposal for a COUNCIL REGULATION amending Regulation (EU) 2021/1173 as regards an EuroHPC initiative for start-ups to boost European leadership in trustworthy Artificial Intelligence,False,True
http://publications.europa.eu/resource/cellar/85c7a130-08c8-11f1-8870-01aa75ed71a1,Parliament,AMEND_LIST_EP,2026-02-12,Proposal for a Regulation of the European Parliament and of the Council amending Regulations (EU) 2024/1689 and (EU) 2018/1139 as regards the simplification of the implementation of harmonised rules on artificial intelligence (Digital Omnibus on AI),False,True
http://publications.europa.eu/resource/cellar/864b03b9-2f22-11ed-975d-01aa75ed71a1,Commission,PUB_GEN,2022-09-07,AI watch : AI for enhancing robotics : the intersection of robotics with the AI landscape.,False,False
http://publications.europa.eu/resource/cellar/86598559-fd56-11ea-b44f-01aa75ed71a1,Commission,PUB_GEN,2020-09-22,Exploring digital government transformation in the EU : understanding public sector innovation in a data-driven society.,False,False
http://publications.europa.eu/resource/cellar/866eb16e-734d-11ec-9136-01aa75ed71a1,Parliament,OWNINI_RES,2021-05-20,European Parliament resolution of 20 May 2021 on shaping the digital future of Europe: removing barriers to the functioning of the digital single market and improving the use of AI for European consumers (2020/2216(INI)),False,True
http://publications.europa.eu/resource/cellar/86e48333-8499-11ef-a67d-01aa75ed71a1,Commission,PUB_GEN,2024-10-04,Adopt AI study : final study report.,False,False
http://publications.europa.eu/resource/cellar/8707360e-15f6-11f0-b1a3-01aa75ed71a1,Commission,COMMUNIC,2025-04-09,"COMMUNICATION FROM THE COMMISSION TO THE EUROPEAN PARLIAMENT, THE COUNCIL, THE EUROPEAN ECONOMIC AND SOCIAL COMMITTEE AND THE COMMITTEE OF THE REGIONS AI Continent Action Plan",False,True
http://publications.europa.eu/resource/cellar/8757d6fa-d4c1-11ec-a95f-01aa75ed71a1,Commission,PUB_GEN,2022-05-13,"AI watch, Revisiting technology readiness levels for relevant artificial intelligence technologies.",False,False
http://publications.europa.eu/resource/cellar/875e1db1-e2b3-11ef-be2a-01aa75ed71a1,Commission,PUB_GEN,2025-02-03,European citizens’ knowledge and attitudes towards science and technology : Eurobarometer summary.,False,False
http://publications.europa.eu/resource/cellar/880d1392-d482-11ef-be2a-01aa75ed71a1,Commission,PUB_GEN,2025-01-15,Chatbot IP protection : case study.,False,False
http://publications.europa.eu/resource/cellar/8856634c-ec47-11ee-8e14-01aa75ed71a1,Council,NOTE_COVER,2024-03-27,Proposal for a Council Regulation amending Regulation (EU) 2021/1173 as regards an EuroHPC initiative for start-ups to boost European leadership in trustworthy Artificial Intelligence - Opinion of the European Economic and Social Committee (EESC),False,False
http://publications.europa.eu/resource/cellar/88f1c1f5-299f-11f1-8803-01aa75ed71a1,Parliament,REPORT,2026-03-25,Artificial intelligence in classrooms : cognitive dimensions,False,True
http://publications.europa.eu/resource/cellar/894ed9ed-1b5d-11f0-b1a3-01aa75ed71a1,Commission,PUB_GEN,2025-04-15,Talent for AI in science : mutual learning exercise on national policies on AI in science : third thematic report.,False,False
http://publications.europa.eu/resource/cellar/895a64db-566d-11ed-92ed-01aa75ed71a1,Commission,PUB_GEN,2022-10-26,Safety and liability related aspects of software.,False,False
http://publications.europa.eu/resource/cellar/8a32ccc3-0f83-11ec-9151-01aa75ed71a1,Commission,PUB_GEN,2021-07-05,Comparative law study on civil liability for artificial intelligence.,False,False
http://publications.europa.eu/resource/cellar/8a3b1677-2c95-11ec-bd8e-01aa75ed71a1,Commission,PUB_GEN,2021-10-13,Advanced technologies for industry : advanced technology landscape and related policies in China.,False,False
http://publications.europa.eu/resource/cellar/8b2c398f-0601-11ef-a251-01aa75ed71a1,Parliament,ADOPT_TEXT,2023-06-14,Amendments adopted by the European Parliament on 14 June 2023 on the proposal for a regulation of the European Parliament and of the Council on laying down harmonised rules on artificial intelligence (Artificial Intelligence Act) and amending certain Union legislative acts (COM(2021)0206 – C9-0146/2021 – 2021/0106(COD)),False,True
http://publications.europa.eu/resource/cellar/8b6fe586-2865-11f1-a7dd-01aa75ed71a1,Council,ITEM_I_NOTE,2026-02-06,Proposal for a REGULATION OF THE EUROPEAN PARLIAMENT AND OF THE COUNCIL amending Regulations (EU) 2024/1689 and (EU) 2018/1139 as regards the simplification of the implementation of harmonised rules on artificial intelligence (Digital Omnibus on AI) - Optional consultation of the Committee of the Regions1,False,False
http://publications.europa.eu/resource/cellar/8bbcf099-0c91-11ed-b11c-01aa75ed71a1,Parliament,PUB_GEN,2022-07-25,AI and digital tools in workplace management and evaluation : an assessment of the EU’s legal framework.,False,False
http://publications.europa.eu/resource/cellar/8cbe3d61-9a89-11f0-97c8-01aa75ed71a1,Commission,PUB_GEN,2025-09-25,Studies and meetings on health emergency preparedness and response for HERA : scientific background document : leveraging AI tools for a strengthened biosecurity framework.,False,False
http://publications.europa.eu/resource/cellar/8ccd8232-9ac0-11ed-b508-01aa75ed71a1,Commission,DECLAR,2023-01-23,European Declaration on Digital Rights and Principles for the Digital Decade 2023/C 23/01,True,False
http://publications.europa.eu/resource/cellar/8cd2f4db-74a3-11ed-9887-01aa75ed71a1,Council,NOTE_COVER,2022-12-02,Proposal for a DIRECTIVE OF THE EUROPEAN PARLIAMENT AND OF THE COUNCIL on adapting non-contractual civil liability rules to artificial intelligence (AI Liability Directive) [13079/22 - COM(2022) 496 final] - Opinion on the application of the Principles of Subsidiarity and Proportionality,False,False
http://publications.europa.eu/resource/cellar/8cf54aba-b3a7-11ee-b164-01aa75ed71a1,Commission,PUB_GEN,2023-12-18,Resonances III : datami.,False,False
http://publications.europa.eu/resource/cellar/8dfe10cc-324a-11ed-975d-01aa75ed71a1,Commission,PUB_GEN,2022-09-09,Energy smart appliances’ interoperability : analysis on data exchange from state-of-the-art use cases.,False,False
http://publications.europa.eu/resource/cellar/8e18982d-0db6-11ef-a251-01aa75ed71a1,Commission,PUB_GEN,2024-05-08,New Better Internet for Kids Strategy (BIK+) : compendium of EU formal texts concerning children in the digital world : 2024 edition.,False,False
http://publications.europa.eu/resource/cellar/8e53a973-a3ce-11eb-9585-01aa75ed71a1,Commission,ANNOUNC,2021-04-23,Prior notification of a concentration (Case M.10182 — SADCO/COGNITE/JV) Candidate case for simplified procedure (Text with EEA relevance) 2021/C 143/06,False,False
http://publications.europa.eu/resource/cellar/8f622861-7533-11ed-9887-01aa75ed71a1,Parliament,OWNINI_RES,2022-05-03,European Parliament resolution of 3 May 2022 on artificial intelligence in a digital age (2020/2266(INI)),False,True
http://publications.europa.eu/resource/cellar/8f9d6826-2a97-11ee-839d-01aa75ed71a1,Parliament,PUB_GEN,2023-06-29,Analysis exploring risks and opportunities linked to the use of collaborative industrial robots in Europe.,False,False
http://publications.europa.eu/resource/cellar/90c17f14-129d-11ef-a251-01aa75ed71a1,Council,ITEM_IA_NOTE,2024-05-14,"Draft REGULATION OF THE EUROPEAN PARLIAMENT AND OF THE COUNCIL laying down harmonised rules on artificial intelligence and amending Regulations (EC) No 300/2008, (EU) No 167/2013, (EU) No 168/2013, (EU) 2018/858, (EU) 2018/1139 and (EU) 2019/2144 and Directives 2014/90/EU, (EU) 2016/797 and (EU) 2020/1828 (Artificial Intelligence Act) (first reading) - Adoption of the legislative act",False,True
http://publications.europa.eu/resource/cellar/90cc3003-6f9e-11ed-9887-01aa75ed71a1,Commission,PUB_GEN,2022-11-28,A policy oriented analytical approach to map the digital ecosystem (DGTES).,False,False
http://publications.europa.eu/resource/cellar/912bc3f8-7d67-11eb-9ac9-01aa75ed71a1,Commission,PUB_GEN,2021-03-04,Intellectual property and artificial intelligence : a literature review.,False,False
http://publications.europa.eu/resource/cellar/925e256c-a3ef-11f0-97c8-01aa75ed71a1,Commission,PUB_GEN,2025-10-07,AI skills supply and demand : an analysis through online job advertisements and education and training offer.,False,False
http://publications.europa.eu/resource/cellar/92ad4836-1ca4-11f1-8c3a-01aa75ed71a1,Council,NOTE_COVER,2026-03-10,"COMMUNICATION FROM THE COMMISSION TO THE EUROPEAN PARLIAMENT AND THE COUNCIL DATA UNION STRATEGY UNLOCKING DATA FOR AI [15712/25 - COM(2025)835] Proposal for a REGULATION OF THE EUROPEAN PARLIAMENT AND OF THE COUNCIL amending Regulations (EU) 2024/1689 and (EU) 2018/1139 as regards the simplification of the implementation of harmonised rules on artificial intelligence (Digital Omnibus on AI) [15708/25 - COM(2025)836] Proposal for a REGULATION OF THE EUROPEAN PARLIAMENT AND OF THE COUNCIL amending Regulations (EU) 2016/679, (EU) 2018/1724, (EU) 2018/1725, (EU) 2023/2854 and Directives 2002/58/EC, (EU) 2022/2555 and (EU) 2022/2557 as regards the simplification of the digital legislative framework, and repealing Regulations (EU) 2018/1807, (EU) 2019/1150, (EU) 2022/868, and Directive (EU) 2019/1024 (Digital Omnibus) [15698/25 - COM(2025)837] - Opinion on the application of the Principles of Subsidiarity and Proportionality",False,False
http://publications.europa.eu/resource/cellar/93c1b4c5-bc38-11ee-b164-01aa75ed71a1,Council,PROP_ACT,2024-01-26,Proposal for a COUNCIL REGULATION amending Regulation (EU) 2021/1173 as regards an EuroHPC initiative for start-ups to boost European leadership in trustworthy Artificial Intelligence,False,False
http://publications.europa.eu/resource/cellar/93ee62e9-a32b-11f0-97c8-01aa75ed71a1,Commission,PUB_GEN,2025-10-07,"The role of artificial intelligence in scientific research : a science for policy, European perspective.",False,False
http://publications.europa.eu/resource/cellar/93f3e9c4-a5a7-11ec-83e1-01aa75ed71a1,Parliament,PUB_GEN,2022-03-16,Regulating facial recognition in the EU : in-depth analysis.,False,False
http://publications.europa.eu/resource/cellar/948cbd47-2147-11ee-94cb-01aa75ed71a1,Commission,PUB_GEN,2023-07-12,Industry 5.0 and the future of work : making Europe the centre of gravity for future good-quality jobs.,False,False
http://publications.europa.eu/resource/cellar/949913fa-aae4-11ef-acb1-01aa75ed71a1,Commission,PUB_GEN,2024-11-25,Competencies and governance practices for AI in the public sector.,False,False
http://publications.europa.eu/resource/cellar/94e9297d-5f40-11f1-aa6d-01aa75ed71a1,Commission,IMPACT_ASSESS_SUM,2026-06-03,COMMISSION STAFF WORKING DOCUMENT EXECUTIVE SUMMARY OF THE IMPACT ASSESSMENT REPORT Accompanying the document Proposal for a REGULATION OF THE EUROPEAN PARLIAMENT AND OF THE COUNCIL establishing a framework of measures for strengthening Europe's cloud and AI ecosystem (Cloud and AI Development Act),False,True
http://publications.europa.eu/resource/cellar/95537542-dc7e-11f0-8da2-01aa75ed71a1,Council,REG,2025-12-19,,True,False
http://publications.europa.eu/resource/cellar/958117aa-0c91-11ed-b11c-01aa75ed71a1,Parliament,PUB_GEN,2022-07-25,"Artificial intelligence in healthcare : applications, risks, and ethical and societal impacts.",False,False
http://publications.europa.eu/resource/cellar/969edb7b-7f7f-11ec-8c40-01aa75ed71a1,Commission,DECLAR,2022-01-26,European Declaration on Digital Rights and Principles for the Digital Decade,False,True
http://publications.europa.eu/resource/cellar/96f69d62-f81c-11ec-b94a-01aa75ed71a1,Commission,PUB_GEN,2022-06-22,My Digital Twin exploratory research report : outcomes of the Personal Digital Twins (PDT) workshop.,False,False
http://publications.europa.eu/resource/cellar/97ad82f2-5244-11f0-a9d0-01aa75ed71a1,Commission,PUB_GEN,2025-06-25,AI-driven innovation in medical imaging : focus on lung cancer and cardiovascular diseases.,False,False
http://publications.europa.eu/resource/cellar/97bfb01f-491c-11f1-8095-01aa75ed71a1,Council,NOTE_COVER,2026-05-05,Proposal for a REGULATION OF THE EUROPEAN PARLIAMENT AND OF THE COUNCIL amending Regulations (EU) 2024/1689 and (EU) 2018/1139 as regards the simplification of the implementation of harmonised rules on artificial intelligence (Digital Omnibus on AI) [15708/25 - COM(2025)836 final] - Opinion on the application of the Principles of Subsidiarity and Proportionality,False,False
http://publications.europa.eu/resource/cellar/97c6108b-d4bd-11ec-a95f-01aa75ed71a1,Commission,PUB_GEN,2022-05-12,Artificial intelligence in the public sector : a driver for positive change when applied in a human-centric and trustworthy way.,False,False
http://publications.europa.eu/resource/cellar/97d0ac46-299f-11f1-8803-01aa75ed71a1,Parliament,REPORT,2026-03-25,Artificial intelligence in classrooms : pedagogical dimensions,False,True
http://publications.europa.eu/resource/cellar/97d86437-5425-11f1-b3e2-01aa75ed71a1,Commission,REPORT,2026-05-20,REPORT FROM THE COMMISSION TO THE EUROPEAN PARLIAMENT AND THE COUNCIL REPORT ADOPTED PURSUANT TO ARTICLE 112(1) OF REGULATION (EU) 2024/1689 ON THE NEED TO REVIEW THE LIST OF PROHIBITED AI PRACTICES AND OF HIGH-RISK AI SYSTEMS LISTED IN ANNEX III,False,True
http://publications.europa.eu/resource/cellar/97e01561-e392-11ef-be2a-01aa75ed71a1,Commission,PUB_GEN,2025-02-04,Ontology learning for hybrid threats.,False,False
http://publications.europa.eu/resource/cellar/98582de7-359c-11ee-800c-01aa75ed71a1,Commission,PUB_GEN,2023-08-04,"AI Watch : European landscape on the use of artificial intelligence by the public sector. Annex I, National AI strategies : country factsheets.",False,False
http://publications.europa.eu/resource/cellar/98669e75-eb91-11ec-a534-01aa75ed71a1,Commission,PUB_GEN,2022-06-13,"AI Watch : European landscape on the use of artificial intelligence by the public sector. Annex II, Case studies description.",False,False
http://publications.europa.eu/resource/cellar/98d72334-9835-11f0-97c8-01aa75ed71a1,Parliament,PUB_GEN,2025-09-22,Workshop on monitoring the application of European Union law.,False,False
http://publications.europa.eu/resource/cellar/98d827aa-432f-11ed-92ed-01aa75ed71a1,Council,NOTE_COVER,2022-10-03,COMMISSION STAFF WORKING DOCUMENT EXECUTIVE SUMMARY OF THE IMPACT ASSESSMENT REPORT Accompanying the document Proposal for a Directive of the European Parliament and of the Council on adapting non-contractual civil liability rules to artificial intelligence (AI Liability Directive),False,False
http://publications.europa.eu/resource/cellar/992fea61-24d6-11ef-a195-01aa75ed71a1,Council,ITEM_IA_NOTE,2024-06-07,Council Regulation amending Regulation (EU)2021/1173 as regards an EuroHPC initiative for start-ups to boost European leadership in trustworthy Artificial Intelligence - Adoption,False,True
http://publications.europa.eu/resource/cellar/99bf58a7-c57a-11ee-95d9-01aa75ed71a1,Commission,DEC_IMPL,2024-02-01,Commission Implementing Decision (EU) 2024/459 of 1 February 2024 on setting up the European Digital Infrastructure Consortium for Networked Local Digital Twins towards the CitiVERSE (LDT CitiVERSE EDIC),False,False
http://publications.europa.eu/resource/cellar/99dd9a48-287b-11ef-a195-01aa75ed71a1,Parliament,PUB_GEN,2024-06-11,Artificial intelligence (AI) and human rights : using AI as a weapon of repression and its impact on human rights : in-depth analysis.,False,False
http://publications.europa.eu/resource/cellar/9b263870-a582-11f0-a7c5-01aa75ed71a1,Commission,PUB_GEN,2025-10-10,A framework to categorise modified general-purpose AI models as new models based on behavioural changes : collection of external scientific studies on general-purpose AI models under the EU AI Act.,False,False
http://publications.europa.eu/resource/cellar/9b36c602-7f72-11ec-8c40-01aa75ed71a1,Commission,FACT_SUM_REPORT_CONSULT,2022-01-27,"Proposal for Regulation [tbc] on the European Health Data Space, digital health services and products and the use of new technologies, including artificial intelligence (AI) in health",False,True
http://publications.europa.eu/resource/cellar/9b4fe25c-d704-11f0-8da2-01aa75ed71a1,Council,DEC,2025-12-11,Council Decision (CFSP) 2025/2539 of 11 December 2025 amending Decision (CFSP) 2022/2269 on Union support for the implementation of a project ‘Promoting Responsible Innovation in Artificial Intelligence for Peace and Security’,False,False
http://publications.europa.eu/resource/cellar/9ba76b18-2a95-11f1-906d-01aa75ed71a1,Parliament,PLENARY_MINUTES_EP,2026-03-26,7.16. Simplification of the implementation of harmonised rules on artificial intelligence (Digital Omnibus on AI) ***I (vote),False,False
http://publications.europa.eu/resource/cellar/9bb60fb1-b42a-11ee-b164-01aa75ed71a1,Commission,PUB_GEN,2024-01-15,AI report : by the European Digital Education Hub’s Squad on artificial intelligence in education.,False,False
http://publications.europa.eu/resource/cellar/9ced17f0-90ec-11ef-a130-01aa75ed71a1,Parliament,PUB_GEN,2024-10-22,"The impact of EU legislation in the area of digital and green transition, particularly on SMEs.",False,False
http://publications.europa.eu/resource/cellar/9dda0989-b992-11ee-b164-01aa75ed71a1,Parliament,RES_LEGIS,2023-06-14,Amendments adopted by the European Parliament on 14 June 2023 on the proposal for a regulation of the European Parliament and of the Council on laying down harmonised rules on artificial intelligence (Artificial Intelligence Act) and amending certain Union legislative acts (COM(2021)0206 — C9-0146/2021 — 2021/0106(COD)),False,True
http://publications.europa.eu/resource/cellar/9ddf7bf8-62bf-11f0-bf4e-01aa75ed71a1,Commission,PUB_GEN,2025-07-15,Study on the deployment of AI in healthcare : final report.,False,False
http://publications.europa.eu/resource/cellar/9e05efdd-9540-11f0-97c8-01aa75ed71a1,Commission,PROP_DEC,2025-09-19,Proposal for a COUNCIL DECISION on the position to be taken on behalf of the European Union on the Draft Recommendation of the Committee of Ministers of the Council of Europe on equality and artificial intelligence,False,True
http://publications.europa.eu/resource/cellar/9e276534-6113-11f0-a9d0-01aa75ed71a1,Commission,ANNOUNC,2025-07-15,Prior notification of a concentration (Case M.12037 – DEUTSCHE BAHN / SCHWARZ GROUP / DATAHUB EUROPE) – Candidate case for simplified procedure,False,False
http://publications.europa.eu/resource/cellar/9e451cf1-65b5-11ef-a8ba-01aa75ed71a1,Commission,PUB_GEN,2024-08-28,Summary of the scientific opinion on successful and timely uptake of artificial intelligence in science in the EU.,False,False
http://publications.europa.eu/resource/cellar/9e538d58-800a-11f1-bf5e-01aa75ed71a1,Commission,PUB_GEN,2026-07-14,Recent advancements on artificial intelligence for public health threats : the digital health perspectives,False,False
http://publications.europa.eu/resource/cellar/9e6ad9d2-47a6-11ee-bbdc-01aa75ed71a1,Commission,PUB_GEN,2023-08-29,CoP cities bimonthly newsletter. March 2023.,False,False
http://publications.europa.eu/resource/cellar/9e809354-fdce-11ed-a05c-01aa75ed71a1,Commission,PUB_GEN,2023-05-26,Analytical insights into the global digital ecosystem (DGTES) : overview and analysis.,False,False
http://publications.europa.eu/resource/cellar/9ec49b3a-fb22-11f0-8da5-01aa75ed71a1,Council,CORRIGENDUM,2026-01-27,,False,False
http://publications.europa.eu/resource/cellar/9efc8bdd-2707-11ef-a195-01aa75ed71a1,Council,ACT_LEGIS,2024-06-10,COUNCIL REGULATION amending Regulation (EU) 2021/1173 as regards an EuroHPC initiative for start-ups in order to boost European leadership in trustworthy artificial intelligence,False,False
http://publications.europa.eu/resource/cellar/9efd1357-5c09-11ed-92ed-01aa75ed71a1,Commission,PUB_GEN,2022-11-03,Study to support the Commission’s impact assessment on liability for artificial intelligence : executive summary.,False,False
http://publications.europa.eu/resource/cellar/9f02beb9-6c98-11ee-9220-01aa75ed71a1,Commission,PUB_GEN,2023-10-13,FABLES : Framework for Autonomous Behaviour-rich Language-driven Emotion-enabled Synthetic populations : modelling autonomous emotional AI-driven agents in their spatiotemporal context.,False,False
http://publications.europa.eu/resource/cellar/9f479334-de63-11ed-a05c-01aa75ed71a1,Commission,PUB_GEN,2023-04-18,"Toward explainable, robust and fair AI in automated and autonomous vehicles : challenges and opportunities for safety and security.",False,False
http://publications.europa.eu/resource/cellar/9f7e0b86-477c-11f0-85ba-01aa75ed71a1,Commission,PUB_GEN,2025-06-10,"Generative AI outlook report : exploring the intersection of technology, society, and policy.",False,False
http://publications.europa.eu/resource/cellar/a07903ec-c5f5-11f0-8da2-01aa75ed71a1,Commission,COMMUNIC,2025-11-20,"COMMUNICATION FROM THE COMMISSION TO THE EUROPEAN PARLIAMENT, THE COUNCIL, THE EUROPEAN ECONOMIC AND SOCIAL COMMITTEE AND THE COMMITTEE OF THE REGIONS DigitalJustice@2030",False,True
http://publications.europa.eu/resource/cellar/a0a0b06f-4097-11f0-b9f2-01aa75ed71a1,Council,PROP_ACT,2025-06-03,"Proposal for a COUNCIL DECISION on the conclusion, on behalf of the European Union, of the Council of Europe Framework Convention on Artificial Intelligence and Human Rights, Democracy and the Rule of Law",False,False
http://publications.europa.eu/resource/cellar/a1599b9f-599b-11ec-91ac-01aa75ed71a1,Commission,REPORT,2021-12-10,"REPORT FROM THE COMMISSION TO THE EUROPEAN PARLIAMENT, THE COUNCIL, THE EUROPEAN ECONOMIC AND SOCIAL COMMITTEE AND THE COMMITTEE OF THE REGIONS Protecting Fundamental Rights in the Digital Age - 2021 Annual Report on the Application of the EU Charter of Fundamental Rights",False,True
http://publications.europa.eu/resource/cellar/a1a97fb4-8142-11f0-9af8-01aa75ed71a1,Parliament,PLENARY_MINUTES_EP,2024-03-13,8.2. Artificial Intelligence Act ***I (vote),False,False
http://publications.europa.eu/resource/cellar/a1d7e4cb-98f7-11f0-97c8-01aa75ed71a1,Commission,PUB_GEN,2025-09-23,Studies and meetings on health emergency preparedness and response for HERA : scientific background document : AI supported supply and demand monitoring.,False,False
http://publications.europa.eu/resource/cellar/a2151d70-9d84-11ed-b508-01aa75ed71a1,Parliament,PUB_GEN,2023-01-20,Addressing the challenges of the digital transition in national recovery and resilience plans.,False,False
http://publications.europa.eu/resource/cellar/a224c235-4843-11ed-92ed-01aa75ed71a1,Commission,PUB_GEN,2022-10-11,Guidelines for teachers and educators on tackling disinformation and promoting digital literacy through education and training.,False,False
http://publications.europa.eu/resource/cellar/a2d31974-2c97-11ec-bd8e-01aa75ed71a1,Commission,PUB_GEN,2021-10-13,Advanced technologies for industry : international reports : advanced technology landscape and related policies in the United States of America.,False,False
http://publications.europa.eu/resource/cellar/a30e13fa-66f6-11ed-b14f-01aa75ed71a1,Commission,PUB_GEN,2022-11-16,Computers and coordination of debate II : a study on the design of computer tools for ordering open public debates.,False,False
http://publications.europa.eu/resource/cellar/a33d642b-534d-11ed-92ed-01aa75ed71a1,Parliament,PUB_GEN,2022-10-21,"New technologies and new digital solutions for improved safety of products on the internal market : tackling planned obsolescence practices, barriers to trade for recycled products and enhancing consumer information : study in focus.",False,False
http://publications.europa.eu/resource/cellar/a3ec76a7-82ad-11ee-99ba-01aa75ed71a1,Commission,PUB_GEN,2023-11-13,"Study to support the technical, legal and financial conceptualisation of a European security data space for innovation : executive summary.",False,False
http://publications.europa.eu/resource/cellar/a402db37-5d50-11ec-9c6c-01aa75ed71a1,Parliament,RES_LEGIS,2021-04-29,European Parliament legislative resolution of 29 April 2021 on the Council position at first reading with a view to the adoption of a regulation of the European Parliament and of the Council establishing the Digital Europe Programme and repealing Decision (EU) 2015/2240 (06789/1/2020 — C9-0109/2021 — 2018/0227(COD)),False,True
http://publications.europa.eu/resource/cellar/a4adcd11-c6b1-11f0-8da2-01aa75ed71a1,Parliament,PLENARY_MINUTES_EP,2024-03-12,12. Artificial Intelligence Act ***I (debate),False,False
http://publications.europa.eu/resource/cellar/a4c1940f-ef4a-11eb-a71c-01aa75ed71a1,Parliament,PUB_GEN,2021-07-26,Artificial intelligence at EU borders : overview of applications and key issues.,False,False
http://publications.europa.eu/resource/cellar/a535fadc-3ca3-11f1-814f-01aa75ed71a1,Council,NOTE,2026-04-17,Proposal for a REGULATION OF THE EUROPEAN PARLIAMENT AND OF THE COUNCIL amending Regulations (EU) 2024/1689 and (EU) 2018/1139 as regards the simplification of the implementation of harmonised rules on artificial intelligence (Digital Omnibus on AI) - Revised mandate for negotiations with the European Parliament,False,True
http://publications.europa.eu/resource/cellar/a6802eee-5f40-11f1-aa6d-01aa75ed71a1,Commission,IMPACT_ASSESS,2026-06-03,COMMISSION STAFF WORKING DOCUMENT IMPACT ASSESSMENT REPORT Accompanying the document Proposal for a REGULATION OF THE EUROPEAN PARLIAMENT AND OF THE COUNCIL establishing a framework of measures for strengthening Europe’s cloud and AI ecosystem (Cloud and AI Development Act),False,True
http://publications.europa.eu/resource/cellar/a6852e44-f22d-11ee-8e14-01aa75ed71a1,Commission,PUB_GEN,2024-04-02,Key impacts in support of deep tech innovation : 2023.,False,False
http://publications.europa.eu/resource/cellar/a6b848be-3dc6-11f1-814f-01aa75ed71a1,Council,NOTE,2026-04-17,Proposal for a REGULATION OF THE EUROPEAN PARLIAMENT AND OF THE COUNCILamending Regulations (EU) 2024/1689 and (EU) 2018/1139 as regards the simplification of theimplementation of harmonised rules on artificial intelligence (Digital Omnibus on AI) - 4-column table,False,True
http://publications.europa.eu/resource/cellar/a72c4fd1-453e-11eb-b59f-01aa75ed71a1,Commission,IMPACT_ASSESS_INCEP,2020-12-23,"Proposal for Regulation [tbc] on the European Health Data Space, digital health services and products and the use of new technologies, including artificial intelligence (AI) in health",False,True
http://publications.europa.eu/resource/cellar/a74285c2-bce2-11ef-91ed-01aa75ed71a1,Commission,NOTICE,2024-08-01,Non-opposition to a notified concentration (Case M.11457 – HPE / JUNIPER),False,False
http://publications.europa.eu/resource/cellar/a77b6425-d32f-11ef-be2a-01aa75ed71a1,Commission,RECO,2025-01-15,Commission Recommendation (EU) 2025/63 of 15 January 2025 on reviewing outbound investments in technology areas critical for the economic security of the Union,False,True
http://publications.europa.eu/resource/cellar/a77d5a84-1e3b-11f1-8c3a-01aa75ed71a1,Council,NOTE,2026-03-10,Proposal for a REGULATION OF THE EUROPEAN PARLIAMENT AND OF THE COUNCIL amending Regulations (EU) 2024/1689 and (EU) 2018/1139 as regards the simplification of the implementation of harmonised rules on artificial intelligence (Digital Omnibus on AI) - Mandate for negotiations with the European Parliament,False,True
http://publications.europa.eu/resource/cellar/a8081849-129e-11ef-a251-01aa75ed71a1,Council,ITEM_IA_NOTE,2024-05-14,"Draft REGULATION OF THE EUROPEAN PARLIAMENT AND OF THE COUNCIL laying down harmonised rules on artificial intelligence and amending Regulations (EC) No 300/2008, (EU) No 167/2013, (EU) No 168/2013, (EU) 2018/858, (EU) 2018/1139 and (EU) 2019/2144 and Directives 2014/90/EU, (EU) 2016/797 and (EU) 2020/1828 (Artificial Intelligence Act) (first reading) - Adoption of the legislative act = Statement",False,True
http://publications.europa.eu/resource/cellar/a8121bda-df2b-11ed-a05c-01aa75ed71a1,Commission,PUB_GEN,2023-04-19,New Better Internet for Kids Strategy (BIK+) : compendium of EU formal texts concerning children in the digital world.,False,False
http://publications.europa.eu/resource/cellar/a84cffb3-88a2-11eb-ac4c-01aa75ed71a1,Commission,COMMUNIC_POSIT,2021-03-19,COMMUNICATION FROM THE COMMISSION TO THE EUROPEAN PARLIAMENT pursuant to Article 294(6) of the Treaty on the Functioning of the European Union concerning the position of the Council on the adoption of a Regulation of the European Parliament and of the Council on the Digital Europe programme for the period 2021-2027,False,True
http://publications.europa.eu/resource/cellar/a856c715-e075-11f0-8439-01aa75ed71a1,Commission,FACTSHEET,2025-12-18,Artificial intelligence (AI) in defence,False,False
http://publications.europa.eu/resource/cellar/a86b423f-e777-11ee-9ea8-01aa75ed71a1,Parliament,OPIN_EP_CMT,2022-04-22,"OPINION - of the Committee on the Environment, Public Health and Food Safety - for the Committee on the Internal Market and Consumer Protection and for the Committee on Civil Liberties, Justice and Home Affairs - on the proposal for a regulation of the European Parliament and of the Council laying down harmonised rules on Artificial Intelligence (Artificial Intelligence Act) and amending certain Union Legislative Acts - (COM(2021)0206 - C9-0146/2021 - 2021/0106(COD)) - Rapporteur for opinion: Susana Solís Pérez",False,True
http://publications.europa.eu/resource/cellar/aaccbe34-aceb-11ed-8912-01aa75ed71a1,Commission,PUB_GEN,2023-02-14,Exploiting data as a strategic resource for science and policy.,False,False
http://publications.europa.eu/resource/cellar/aace9398-594d-11ea-8b81-01aa75ed71a1,Commission,CORRIGENDUM,2020-02-19,,False,False
http://publications.europa.eu/resource/cellar/aba793c9-0598-11f1-825d-01aa75ed71a1,Parliament,REPORT_DRAFT_EP_CMT,2026-02-05,"DRAFT REPORT - on the proposal for a regulation of the European Parliament and of the Council amending Regulations (EU) 2024/1689 and (EU) 2018/1139 as regards the simplification of the implementation of harmonised rules on artificial intelligence (Digital Omnibus on AI) - (COM(2025)0836 - C10-0304/2025 - 2025/0359(COD)) - Committee on the Internal Market and Consumer Protection - Committee on Civil Liberties, Justice and Home Affairs - (Joint committee procedure - Rule 59 of the Rules of Procedure) - Rapporteurs: Arba Kokalari, Michael McNamara",False,True
http://publications.europa.eu/resource/cellar/ac048c38-9392-11ec-b4e4-01aa75ed71a1,Parliament,PUB_GEN,2022-02-21,How to stress-test EU policies : building a more resilient Europe for tomorrow.,False,False
http://publications.europa.eu/resource/cellar/ac7c57e5-b787-11eb-8aca-01aa75ed71a1,Commission,PUB_GEN,2021-05-17,Proceedings of the 2021 conference on Big Data from Space : 18-20 May 2021.,False,False
http://publications.europa.eu/resource/cellar/ac957f13-53c6-11ea-aece-01aa75ed71a1,Commission,PAPER_WHITE,2020-02-19,WHITE PAPER On Artificial Intelligence - A European approach to excellence and trust,False,True
http://publications.europa.eu/resource/cellar/ad0e5755-0d7c-11f1-8870-01aa75ed71a1,Parliament,AMEND_LIST_EP,2026-02-14," - AMENDMENTS - 318 - 450 - Draft report - Arba Kokalari, Michael McNamara - (PE782.530v01-00) - Proposal for a Regulation of the European Parliament and of the Council amending Regulations (EU) 2024/1689 and (EU) 2018/1139 as regards the simplification of the implementation of harmonised rules on artificial intelligence (Digital Omnibus on AI)  - Proposal for a regulation - (COM(2025)0836 - C10-0304/2025 - 2025/0359(COD))",False,True
http://publications.europa.eu/resource/cellar/ad9afa92-2c77-11ef-a61b-01aa75ed71a1,Council,ACT_LEGIS,2024-06-04,"REGULATION OF THE EUROPEAN PARLIAMENT AND OF THE COUNCIL LAYING DOWN HARMONISED RULES ON ARTIFICIAL INTELLIGENCE AND AMENDING REGULATIONS (EC) NO 300/2008, (EU) NO 167/2013, (EU) NO 168/2013, (EU) 2018/858, (EU) 2018/1139 AND (EU) 2019/2144 AND DIRECTIVES 2014/90/EU, (EU) 2016/797 AND (EU) 2020/1828 (ARTIFICIAL INTELLIGENCE ACT)",False,False
http://publications.europa.eu/resource/cellar/adf2cda7-6bc7-11f0-bf4e-01aa75ed71a1,Council,NOTE,2025-07-28,"END OF WRITTEN PROCEDURE Council Decision on the conclusion, on behalf of the European Union, of the Council of Europe Framework Convention on Artificial Intelligence and Human Rights, Democracy and the Rule of Law - Adopt the decision to request the consent of the European Parliament",False,True
http://publications.europa.eu/resource/cellar/ae52d562-44ec-11f0-b9f2-01aa75ed71a1,Commission,PUB_GEN,2025-06-06,Divided we fall behind : why a fragmented EU cannot compete in complex technologies.,False,False
http://publications.europa.eu/resource/cellar/af030d28-b3c4-11f0-b37f-01aa75ed71a1,Parliament,PUB_GEN,2025-10-27,"Digitalisation, artificial intelligence and algorithmic management in the workplace : shaping the future of work : cost of non-Europe.",False,False
http://publications.europa.eu/resource/cellar/af3f1b0b-fc91-11ee-a251-01aa75ed71a1,Parliament,AGREE_PROV,2024-02-02,PROVISIONAL AGREEMENT RESULTING FROM INTERINSTITUTIONAL NEGOTIATIONS - Subject: Proposal for a regulation laying down harmonised rules on Artificial Intelligence (Artificial Intelligence Act) and amending certain Union legislative acts 2021/0106(COD),False,True
http://publications.europa.eu/resource/cellar/af851426-57c9-11ec-91ac-01aa75ed71a1,Parliament,OWNINI_RES,2021-03-25,European Parliament resolution of 25 March 2021 on a European strategy for data (2020/2217(INI)),False,True
http://publications.europa.eu/resource/cellar/af90f2ee-2ec2-11ef-a61b-01aa75ed71a1,Commission,PUB_GEN,2024-06-19,National policies for AI in science.,False,False
http://publications.europa.eu/resource/cellar/b078c73d-1a13-11ee-806b-01aa75ed71a1,Commission,PUB_GEN,2023-07-03,Mapping the scientific base for SDGs and digital technologies.,False,False
http://publications.europa.eu/resource/cellar/b0c79e29-7351-11ec-9136-01aa75ed71a1,Parliament,OWNINI_RES,2021-05-19,"European Parliament resolution of 19 May 2021 on artificial intelligence in education, culture and the audiovisual sector (2020/2017(INI))",False,True
http://publications.europa.eu/resource/cellar/b0f51468-a868-11ed-b508-01aa75ed71a1,Council,NOTE_COVER,2023-02-09,Directive of the European Parliament and of the Council on adapting non-contractual civil liability rules to artificial intelligence (AI Liability Directive) [13079/22 - COM(2022) 496 final] - Opinion on the application of the Principles of Subsidiarity and Proportionality,False,False
http://publications.europa.eu/resource/cellar/b0f88630-80d2-11f0-9af8-01aa75ed71a1,Parliament,OPIN_EP_CMT,2025-05-22,OPINION - of the Committee on the Internal Market and Consumer Protection - for the Committee on Legal Affairs - on the proposal for a directive of the European Parliament and of the Council on adapting non-contractual civil liability rules to artificial intelligence (AI Liability Directive) - (COM(2022)0496 - C9-0320/2022 - 2022/0303(COD)) - Rapporteur for opinion: Kosma Złotowski,False,True
http://publications.europa.eu/resource/cellar/b11a0504-75eb-11ed-9887-01aa75ed71a1,Commission,PUB_GEN,2022-12-05,"Data quality requirements for inclusive, non-biased and trustworthy AI : putting science into standards.",False,False
http://publications.europa.eu/resource/cellar/b14d9c86-faa3-11ed-a05c-01aa75ed71a1,Commission,PUB_GEN,2023-05-24,Analysis of the preliminary AI standardisation work plan in support of the AI Act.,False,False
http://publications.europa.eu/resource/cellar/b167ce7d-076b-11ef-a251-01aa75ed71a1,Parliament,PUB_GEN,2024-04-30,Law and ICT.,False,False
http://publications.europa.eu/resource/cellar/b1da3f85-143f-11ef-a251-01aa75ed71a1,Council,ITEM_IA_NOTE,2024-05-15,"Draft REGULATION OF THE EUROPEAN PARLIAMENT AND OF THE COUNCIL laying down harmonised rules on artificial intelligence and amending Regulations (EC) No 300/2008, (EU) No 167/2013, (EU) No 168/2013, (EU) 2018/858, (EU) 2018/1139 and (EU) 2019/2144 and Directives 2014/90/EU, (EU) 2016/797 and (EU) 2020/1828 (Artificial Intelligence Act) (first reading) - Adoption of the legislative act = Statements",False,True
http://publications.europa.eu/resource/cellar/b23725e5-6064-11f0-a9d0-01aa75ed71a1,Commission,PUB_GEN,2025-07-14,Study on the challenges and impacts to a social and inclusive Europe in the next decade.,False,False
http://publications.europa.eu/resource/cellar/b23c4995-2861-11f1-a7dd-01aa75ed71a1,Council,NOTE,2026-02-12,Proposal for a REGULATION OF THE EUROPEAN PARLIAMENT AND OF THE COUNCIL amending Regulations (EU) 2024/1689 and (EU) 2018/1139 as regards the simplification of the implementation of harmonised rules on artificial intelligence (Digital Omnibus on AI). - Second Presidency compromise text,False,True
http://publications.europa.eu/resource/cellar/b2762bac-b839-11ef-91ed-01aa75ed71a1,Commission,PUB_GEN,2024-12-11,Artificial intelligence applied to disasters and crises management.,False,False
http://publications.europa.eu/resource/cellar/b32abb0c-a421-11eb-9585-01aa75ed71a1,Council,NOTE_COVER,2021-04-23,Proposal for a REGULATION OF THE EUROPEAN PARLIAMENT AND OF THE COUNCIL LAYING DOWN HARMONISED RULES ON ARTIFICIAL INTELLIGENCE (ARTIFICIAL INTELLIGENCE ACT) AND AMENDING CERTAIN UNION LEGISLATIVE ACTS,False,False
http://publications.europa.eu/resource/cellar/b3444a25-afd3-11ec-83e1-01aa75ed71a1,Commission,PUB_GEN,2022-03-22,Digital path to recovery and resilience in the European Union.,False,False
http://publications.europa.eu/resource/cellar/b362fd9c-a666-11f1-b25c-01aa75ed71a1,Parliament,RES_LEGIS,2026-03-26,P10_TA(2026)0098 – Simplification of the implementation of harmonised rules on artificial intelligence (Digital Omnibus on AI) – Amendments adopted by the European Parliament on 26 March 2026 on the proposal for a regulation of the European Parliament and of the Council amending Regulations (EU) 2024/1689 and (EU) 2018/1139 as regards the simplification of the implementation of harmonised rules on artificial intelligence (Digital Omnibus on AI) (COM(2025)0836 – C10-0304/2025 – 2025/0359(COD)) (Ordinary legislative procedure: first reading),False,True
http://publications.europa.eu/resource/cellar/b3771363-c869-11ed-a05c-01aa75ed71a1,Parliament,PUB_GEN,2023-03-21,"Artificial intelligence in the agri-food sector : applications, risks and impacts.",False,False
http://publications.europa.eu/resource/cellar/b397c30e-6a63-11f1-ae88-01aa75ed71a1,Commission,COMMUNIC,2026-06-17,"COMMUNICATION FROM THE COMMISSION TO THE EUROPEAN PARLIAMENT, THE COUNCIL, THE EUROPEAN ECONOMIC AND SOCIAL COMMITTEE AND THE COMMITTEE OF THE REGIONS State of the Digital Decade 2026: Closing structural gaps and mobilising investments for 2030 and beyond",False,True
http://publications.europa.eu/resource/cellar/b3a1598c-2c69-11f1-906d-01aa75ed71a1,Parliament,OPIN_EP_CMT,2026-04-16,"OPINION - of the Committee on Culture and Education - for the Committee on Industry, Research and Energy - on the proposal for a regulation of the European Parliament and of the Council establishing Horizon Europe, the Framework Programme for Research and Innovation, for the period 2028-2034 laying down its rules for participation and dissemination, and repealing Regulation (EU) 2021/695 - (COM(2025)0543 - C10-0164/2025 - 2025/0543(COD)) - Rapporteur for opinion: Laurence Farreng",False,True
http://publications.europa.eu/resource/cellar/b3ec79e7-2585-11ec-bd8e-01aa75ed71a1,Commission,PUB_GEN,2021-10-04,"AI watch, artificial intelligence for the public sector : report of the “3rd peer learning workshop on the use and impact of AI in public services”, 24 June 2021.",False,False
http://publications.europa.eu/resource/cellar/b459c07f-86fb-11f1-bf5e-01aa75ed71a1,Council,REG,2026-07-08,"Regulation (EU) 2026/1744 of the European Parliament and of the Council of 8 July 2026 amending Regulations (EU) 2024/1689, (EU) 2018/1139 and (EU) 2023/1230 as regards the simplification of the implementation of harmonised rules on artificial intelligence (Digital Omnibus on AI) (Text with EEA relevance)",True,False
http://publications.europa.eu/resource/cellar/b509b5c6-4586-11ed-92ed-01aa75ed71a1,Commission,CORRIGENDUM,2022-09-28,,False,False
http://publications.europa.eu/resource/cellar/b58aaebc-e461-11ef-be2a-01aa75ed71a1,Parliament,PUB_GEN,2025-02-05,Ten issues to watch in 2025 : in-depth analysis.,False,False
http://publications.europa.eu/resource/cellar/b5b25c7d-8ec2-11f0-bfe2-01aa75ed71a1,Commission,PUB_GEN,2025-09-09,AI super-resolution of satellite imagery : the evidential paradigm shift in CAP monitoring : technical and operational considerations.,False,False
http://publications.europa.eu/resource/cellar/b5ce7ac8-6dfc-11f1-ae88-01aa75ed71a1,Council,ACT_LEGIS,2026-05-12,"REGULATION OF THE EUROPEAN PARLIAMENT AND OF THE COUNCIL amending Regulations (EU) 2024/1689, (EU) 2018/1139 and (EU) 2023/1230 as regards the simplification of the implementation of harmonised rules on artificial intelligence (Digital Omnibus on AI)",False,False
http://publications.europa.eu/resource/cellar/b62d779f-f959-11ea-991b-01aa75ed71a1,Commission,PUB_GEN,2020-09-17,Ethics of connected and automated vehicles.,False,False
http://publications.europa.eu/resource/cellar/b6e77043-ede4-11ec-a534-01aa75ed71a1,Commission,PUB_GEN,2022-06-16,X-ray baggage screening and artificial intelligence (AI) : a technical review of machine learning techniques for X-ray baggage screening.,False,False
http://publications.europa.eu/resource/cellar/b767da83-c18d-11ee-b164-01aa75ed71a1,Commission,PUB_GEN,2024-02-01,Report on technical challenges and barriers to eInvoicing in the EU.,False,False
http://publications.europa.eu/resource/cellar/b7875ebe-443a-11f1-8095-01aa75ed71a1,Commission,REPORT,2026-04-29,The impact of the artificial intelligence on our societies,False,True
http://publications.europa.eu/resource/cellar/b789cbdf-3482-11f1-be39-01aa75ed71a1,Commission,PUB_GEN,2026-04-08,The use of artificial intelligence (AI) technologies in the European Union : key results : 2026 edition,False,False
http://publications.europa.eu/resource/cellar/b7d0196a-eb8c-11ec-a534-01aa75ed71a1,Commission,PUB_GEN,2022-06-07,Artificial intelligence and the rights of the child : towards an integrated agenda for research and policy.,False,False
http://publications.europa.eu/resource/cellar/b89d612a-5eeb-11ec-9c6c-01aa75ed71a1,Commission,PUB_GEN,2021-12-14,Trustworthy autonomous vehicles : assessment criteria for trustworthy AI in the autonomous driving domain.,False,False
http://publications.europa.eu/resource/cellar/b8c9e6d4-849c-11f1-bf5e-01aa75ed71a1,Commission,REG_IMPL,2026-07-20,Commission Implementing Regulation (EU) 2026/1755 of 20 July 2026 on detailed arrangements for the conduct of certain proceedings by the Commission pursuant to Regulation (EU) 2024/1689 of the European Parliament and of the Council,False,False
http://publications.europa.eu/resource/cellar/b94fc82c-3588-11eb-b27b-01aa75ed71a1,Commission,COMMUNIC,2020-12-02,"COMMUNICATION FROM THE COMMISSION TO THE EUROPEAN PARLIAMENT, THE COUNCIL, THE EUROPEAN ECONOMIC AND SOCIAL COMMITTEE AND THE COMMITTEE OF THE REGIONS Digitalisation of justice in the European Union A toolbox of opportunities",False,True
http://publications.europa.eu/resource/cellar/b969545d-af9f-11ea-bb7a-01aa75ed71a1,Council,CONCL,2020-06-09,Council conclusions on shaping Europe’s digital future 2020/C 202 I/01,False,True
http://publications.europa.eu/resource/cellar/b992c792-f6ab-11f0-b9bc-01aa75ed71a1,Commission,REPORT,2026-01-21,REPORT FROM THE COMMISSION TO THE EUROPEAN PARLIAMENT AND THE COUNCIL Evaluation of BEREC and the BEREC Office,False,True
http://publications.europa.eu/resource/cellar/b9b1c729-5353-11ed-92ed-01aa75ed71a1,Parliament,PUB_GEN,2022-10-20,"Tracking the EU Commissioners' commitments : September 2022 : Margrethe Vestager, Executive Vice-President A Europe Fit for the Digital Age and Competition.",False,False
http://publications.europa.eu/resource/cellar/b9d0f939-350a-11ef-b441-01aa75ed71a1,Commission,PUB_GEN,2024-06-27,3rd workshop “Social media for disaster risk management : researchers meet practitioners”.,False,False
http://publications.europa.eu/resource/cellar/b9f525ce-1c78-11f1-8c3a-01aa75ed71a1,Council,NOTE_COVER,2026-03-10,"Proposal for a REGULATION OF THE EUROPEAN PARLIAMENT AND OF THE COUNCIL amending Regulations (EU) 2024/1689 and (EU) 2018/1139 as regards the simplification of the implementation of harmonised rules on artificial intelligence (Digital Omnibus on AI) [15708/25 - COM(2025)836] Proposal for a REGULATION OF THE EUROPEAN PARLIAMENT AND OF THE COUNCIL amending Regulations (EU) 2016/679, (EU) 2018/1724, (EU) 2018/1725, (EU) 2023/2854 and Directives 2002/58/EC, (EU) 2022/2555 and (EU) 2022/2557 as regards the simplification of the digital legislative framework, and repealing Regulations (EU) 2018/1807, (EU) 2019/1150, (EU) 2022/868, and Directive (EU) 2019/1024 (Digital Omnibus) [15698/25 - COM(2025)837] Proposal for a REGULATION OF THE EUROPEAN PARLIAMENT AND OF THE COUNCIL on the establishment of European Business Wallets [15701/25 - COM(2025)838] - Opinion on the application of the Principles of Subsidiarity and Proportionality",False,False
http://publications.europa.eu/resource/cellar/ba2e39dc-c71b-11ee-95d9-01aa75ed71a1,Commission,PUB_GEN,2024-02-07,"Translation, the language of Europe.",False,False
http://publications.europa.eu/resource/cellar/ba8c1142-8fa5-11ec-8c40-01aa75ed71a1,Commission,PUB_GEN,2022-02-16,Emerging approaches for data-driven innovation in Europe : sandbox experiments on the governance of data and technology.,False,False
http://publications.europa.eu/resource/cellar/bae9637f-6a63-11f1-ae88-01aa75ed71a1,Commission,SWD,2026-06-17,"COMMISSION STAFF WORKING DOCUMENT DESI 2026 methodological note Accompanying the document Communication from the Commission to the European Parliament, the Council, the European Economic and Social Committee, the Committee of the Regions State of the Digital Decade 2026: Closing structural gaps and mobilising investments for 2030 and beyond",False,True
http://publications.europa.eu/resource/cellar/baebce15-1ef5-11ed-8fa0-01aa75ed71a1,Commission,RECO_DEC,2022-08-18,"Recommendation for a COUNCIL DECISION authorising the opening of negotiations on behalf of the European Union for a Council of Europe convention on artificial intelligence, human rights, democracy and the rule of law",False,True
http://publications.europa.eu/resource/cellar/baf46d56-34e5-11ee-bdc3-01aa75ed71a1,Commission,PUB_GEN,2023-08-02,EU-India Trade and Technology Council : first linisterial meeting : key outcomes.,False,False
http://publications.europa.eu/resource/cellar/bb1ea228-6990-11f1-ae88-01aa75ed71a1,Parliament,PLENARY_MINUTES_EP,2026-06-15,15. Simplification of the implementation of harmonised rules on artificial intelligence (Digital Omnibus on AI) ***I (debate),False,False
http://publications.europa.eu/resource/cellar/bb635126-0d7c-11f1-8870-01aa75ed71a1,Parliament,AMEND_LIST_EP,2026-02-14," - AMENDMENTS - 171 - 317 - Draft report - Arba Kokalari, Michael McNamara - (PE782.530v01-00) - Proposal for a Regulation of the European Parliament and of the Council amending Regulations (EU) 2024/1689 and (EU) 2018/1139 as regards the simplification of the implementation of harmonised rules on artificial intelligence (Digital Omnibus on AI) - Proposal for a regulation - (COM(2025)0836 - C10-0304/2025 - 2025/0359(COD))",False,True
http://publications.europa.eu/resource/cellar/bb72329e-895d-11ec-8c40-01aa75ed71a1,Parliament,PUB_GEN,2022-02-02,"A framework for foresight intelligence. Part 2, Online stakeholder engagement.",False,False
http://publications.europa.eu/resource/cellar/bd17fd0f-b5b0-11ec-b6f4-01aa75ed71a1,Commission,FACT_SUM_REPORT_CONSULT,2022-04-06,Proposal for a Directive adapting liability rules to the digital age and Artificial Intelligence,False,True
http://publications.europa.eu/resource/cellar/bd380e70-6a63-11f1-ae88-01aa75ed71a1,Commission,SWD,2026-06-17,"COMMISSION STAFF WORKING DOCUMENT Digital Decade 2026 country report Accompanying the document COMMUNICATION FROM THE COMMISSION TO THE EUROPEAN PARLIAMENT, THE COUNCIL, THE EUROPEAN ECONOMIC AND SOCIAL COMMITTEE AND THE COMMITTEE OF THE REGIONS State of the Digital Decade 2026: Closing structural gaps and mobilising investments for 2030 and beyond",False,True
http://publications.europa.eu/resource/cellar/bd90819e-9b6c-11ec-83e1-01aa75ed71a1,Parliament,PUB_GEN,2022-02-03,Tackling deepfakes in European policy.,False,False
http://publications.europa.eu/resource/cellar/bddefe15-b61c-11ec-b6f4-01aa75ed71a1,Commission,PUB_GEN,2022-04-06,"Academic offer of advanced digital skills in 2020-21 : international comparison : focus on artificial intelligence, high performance computing, cybersecurity and data science.",False,False
http://publications.europa.eu/resource/cellar/be0c2b25-f326-11ef-b7db-01aa75ed71a1,Commission,PUB_GEN,2025-02-24,Infrastructures for AI in science : mutual learning exercise on national policies for AI in science : second thematic report.,False,False
http://publications.europa.eu/resource/cellar/be1a7ff8-7ad0-11f1-bf5e-01aa75ed71a1,Commission,COMMUNIC,2026-07-07,"COMMUNICATION FROM THE COMMISSION TO THE EUROPEAN PARLIAMENT, THE COUNCIL, THE EUROPEAN ECONOMIC AND SOCIAL COMMITTEE AND THE COMMITTEE OF THE REGIONS Action Plan on Cybersecurity and Artificial Intelligence",False,True
http://publications.europa.eu/resource/cellar/be8be5b9-a588-11f0-a7c5-01aa75ed71a1,Commission,PUB_GEN,2025-10-10,A framework for general-purpose AI model categorisation : collection of external scientific studies on general-purpose AI models under the EU AI Act.,False,False
http://publications.europa.eu/resource/cellar/bf74c67d-98f6-11eb-b85c-01aa75ed71a1,Council,POSIT,2021-03-16,Position (EU) No 3/2021 of the council at first reading with a view to the adoption of a Regulation of the European Parliament and of the Council establishing the Digital Europe Programme and repealing Decision (EU) 2015/2240 Adopted by the Council on 16 March 2021 (Text with EEA relevance),False,True
http://publications.europa.eu/resource/cellar/bfdfc692-b8ad-11ed-8912-01aa75ed71a1,Commission,PUB_GEN,2023-03-01,Exploiting data as a strategic resource for science and policy.,False,False
http://publications.europa.eu/resource/cellar/c0193fdf-83d8-11f0-9af8-01aa75ed71a1,Commission,PUB_GEN,2025-08-27,A journey into troubled waters? : mapping the occupational trends of young workers in Europe.,False,False
http://publications.europa.eu/resource/cellar/c0beb2b0-e21b-11ec-a534-01aa75ed71a1,Commission,PUB_GEN,2022-06-01,"Study on quality in 3D digitisation of tangible cultural heritage : mapping parameters, formats, standards, benchmarks, methodologies, and guidelines : executive summary.",False,False
http://publications.europa.eu/resource/cellar/c108494b-0985-11ee-b12e-01aa75ed71a1,Commission,ANNOUNC,2023-06-13,Prior notification of a concentration (Case M.11141 – WENDEL / TOPSCALE) Candidate case for simplified procedure (Text with EEA relevance) 2023/C 206/11,False,False
http://publications.europa.eu/resource/cellar/c276ab3c-32f1-11f1-be39-01aa75ed71a1,Commission,PUB_GEN,2026-04-07,Artificial intelligence in cardiovascular care : navigating the gap between technical progress and clinical impact,False,False
http://publications.europa.eu/resource/cellar/c2a810f9-9778-11f1-9262-01aa75ed71a1,Commission,ANNOUNC,2026-08-14,Prior notification of a concentration (Case M.12575 – ACCENTURE / VTS) – Candidate case for simplified procedure,False,False
http://publications.europa.eu/resource/cellar/c319827b-7523-11f1-bf5e-01aa75ed71a1,Council,NOTE,2026-06-29,"Voting result Regulation of the European Parliament and of the Council amending Regulations (EU) 2024/1689, (EU) 2018/1139 and (EU) 2023/1230 as regards the simplification of the implementation of harmonised rules on artificial intelligence (Digital Omnibus on AI) - Adoption of the legislative act - 4188th meeting of the COUNCIL OF THE EUROPEAN UNION (Employment, Social Policy, Health and Consumer Affairs) 29 June 2026, Luxembourg",False,True
http://publications.europa.eu/resource/cellar/c36c1516-fc47-11eb-b520-01aa75ed71a1,Council,NOTE_COVER,2021-08-13,Proposal for a REGULATION OF THE EUROPEAN PARLIAMENT AND OF THE COUNCIL - LAYING DOWN HARMONISED RULES ON ARTIFICIAL INTELLIGENCE (ARTIFICIAL INTELLIGENCE ACT) AND AMENDING CERTAIN UNION LEGISLATIVE ACTS [doc. 8115/21 - COM(2021) 206 final] - Opinion on the application of the Principles of Subsidiarity and Proportionality,False,False
http://publications.europa.eu/resource/cellar/c3a18856-f289-11f0-8d3c-01aa75ed71a1,Commission,PUB_GEN,2026-01-15,The future employment impact of artificial intelligence and emerging digital technologies in Europe,False,False
http://publications.europa.eu/resource/cellar/c45de3f1-6a63-11f1-ae88-01aa75ed71a1,Commission,SWD,2026-06-17,"COMMISSION STAFF WORKING DOCUMENT Monitoring of EU-level recommendations 2025 Accompanying the document Communication from the Commission to the European Parliament, the Council, the European Economic and Social Committee, the Committee of the Regions State of the Digital Decade 2026: Closing structural gaps and mobilising investments for 2030 and beyond",False,True
http://publications.europa.eu/resource/cellar/c53cad56-03b4-11f0-9503-01aa75ed71a1,Commission,PUB_GEN,2025-03-17,Data secure AI : case study.,False,False
http://publications.europa.eu/resource/cellar/c54893c6-4e64-11f1-b3e2-01aa75ed71a1,Council,DEC,2026-04-21,"Council Decision (EU) 2026/1080 of 21 April 2026 on the conclusion, on behalf of the European Union, of the Council of Europe Framework Convention on Artificial Intelligence and Human Rights, Democracy and the Rule of Law",False,False
http://publications.europa.eu/resource/cellar/c5d44129-a218-11ed-b508-01aa75ed71a1,Council,NOTE_COVER,2023-02-01,Proposal for a Directive of the European Parliament and of the Council on adapting non-contractual civil liability rules to artificial intelligence (AI Liability Directive) [COM(2022) 496 final – 2022/0303 (COD)] - Opinion of the European Economic and Social Committee,False,False
http://publications.europa.eu/resource/cellar/c61a6a6d-99bd-11ea-aac4-01aa75ed71a1,Commission,PUB_GEN,2020-05-15,CORDIS results pack on artificial intelligence and industry.,False,False
http://publications.europa.eu/resource/cellar/c6397c0a-0f20-11ee-b12e-01aa75ed71a1,Commission,PUB_GEN,2023-06-19,Measuring the impact of digital technologies on sustainable development from scientific literature : a natural language processing analysis.,False,False
http://publications.europa.eu/resource/cellar/c651aa91-48e4-11f1-8095-01aa75ed71a1,Parliament,RES_LEGIS,2025-12-17,P10_TA(2025)0333 – European High Performance Computing Joint Undertaking (EuroHPC) – European Parliament legislative resolution of 17 December 2025 on the proposal for a Council regulation on amending Council Regulation (EU) 2021/1173 of 13 July 2021 on establishing the European High Performance Computing Joint Undertaking and repealing Regulation (EU) 2018/1488 (COM(2025)0414 – C10-0204/2025 – 2025/0229(NLE)) (Consultation),False,True
http://publications.europa.eu/resource/cellar/c6b4f352-6a63-11f1-ae88-01aa75ed71a1,Commission,SWD,2026-06-17,"COMMISSION STAFF WORKING DOCUMENT Progress report on multi-country projects Accompanying the document COMMUNICATION FROM THE COMMISSION TO THE EUROPEAN PARLIAMENT, THE COUNCIL, THE EUROPEAN ECONOMIC AND SOCIAL COMMITTEE AND THE COMMITTEE OF THE REGIONS State of the Digital Decade 2026: Closing structural gaps and mobilising investments for 2030 and beyond",False,True
http://publications.europa.eu/resource/cellar/c77a7a2c-987d-11ed-b508-01aa75ed71a1,Commission,PUB_GEN,2023-01-18,EU-funded projects on preventing radicalisation synergies and insights : CERIS FCT workshop.,False,False
http://publications.europa.eu/resource/cellar/c7a399de-0f84-11ec-9151-01aa75ed71a1,Commission,PUB_GEN,2021-09-06,Advanced technologies for industry technology watch brochure : technology focus on artificial intelligence.,False,False
http://publications.europa.eu/resource/cellar/c7ddf2c6-8960-11ec-8c40-01aa75ed71a1,Parliament,PUB_GEN,2022-02-02,"Person identification, human rights and ethical principles : rethinking biometrics in the era of artificial intelligence.",False,False
http://publications.europa.eu/resource/cellar/c80a2cfd-3ce2-11ef-ab8f-01aa75ed71a1,Commission,PUB_GEN,2024-07-05,"Science, research and innovation performance of the EU (SRIP) : 2024 report : EU facts and figures from the #SRIP report 2024.",False,False
http://publications.europa.eu/resource/cellar/c880345c-1c5c-11f1-8c3a-01aa75ed71a1,Council,NOTE,2026-03-09,Proposal for a REGULATION OF THE EUROPEAN PARLIAMENT AND OF THE COUNCIL amending Regulations (EU) 2024/1689 and (EU) 2018/1139 as regards the simplification of the implementation of harmonised rules on artificial intelligence (Digital Omnibus on AI) - Mandate for negotiations with the European Parliament,False,True
http://publications.europa.eu/resource/cellar/c8c51d1a-c572-11f0-8da2-01aa75ed71a1,Commission,PROP_REG,2025-11-19,Proposal for a REGULATION OF THE EUROPEAN PARLIAMENT AND OF THE COUNCIL amending Regulations (EU) 2024/1689 and (EU) 2018/1139 as regards the simplification of the implementation of harmonised rules on artificial intelligence (Digital Omnibus on AI),False,True
http://publications.europa.eu/resource/cellar/c90546ec-cf0f-11ef-be2a-01aa75ed71a1,Commission,PUB_GEN,2025-01-09,Common European data space for cultural heritage : annual report 2023/2024.,False,False
http://publications.europa.eu/resource/cellar/c92c0ed0-2228-11f1-8c3a-01aa75ed71a1,Council,NOTE_COVER,2026-03-17,Proposal for a REGULATION OF THE EUROPEAN PARLIAMENT AND OF THE COUNCIL amending Regulations (EU) 2024/1689 and (EU) 2018/1139 as regards the simplification of the implementation of harmonised rules on artificial intelligence (Digital Omnibus on AI) [15708/25 - 2025/0359 (COD)] - European Central Bank/ ECB Opinion,False,False
http://publications.europa.eu/resource/cellar/c9dc311a-4320-11ef-865a-01aa75ed71a1,Commission,PUB_GEN,2024-07-12,Czechia and its collaboration with the Joint Research Centre.,False,False
http://publications.europa.eu/resource/cellar/ca49a33d-3588-11eb-b27b-01aa75ed71a1,Commission,SWD,2020-12-02,"COMMISSION STAFF WORKING DOCUMENT Accompanying the Communication Communication from the Commission to the European Parliament, the Council, the European Economic and Social Committee and the Committee of the Regions Digitalisation of justice in the European Union A toolbox of opportunities",False,True
http://publications.europa.eu/resource/cellar/cab11afc-2ff5-11ec-bd8e-01aa75ed71a1,Council,NOTE_COVER,2021-10-18,"COMMUNICATION FROM THE COMMISSION TO THE EUROPEAN PARLIAMENT, THE COUNCIL, THE EUROPEAN ECONOMIC AND SOCIAL COMMITTEE AND THE COMMITTEE OF THE REGIONS Fostering a European approach to Artificial Intelligence [doc. 8334/21 - COM(2021) 205 final] - Opinion on the application of the Principles of Subsidiarity and Proportionality",False,False
http://publications.europa.eu/resource/cellar/cac50d31-e777-11ee-9ea8-01aa75ed71a1,Parliament,OPIN_EP_CMT,2022-06-14,"OPINION - of the Committee on Industry, Research and Energy - for the Committee on the Internal Market and Consumer Protection and the Committee on Civil Liberties, Justice and Home Affairs - on the proposal for a regulation of the European Parliament and of the Council laying down harmonised rules on artificial intelligence (Artificial Intelligence Act) and amending certain Union legislative acts - (COM(2021)0206 - C9-0146/2021 - 2021/0106(COD)) - Rapporteur for opinion (*): Eva Maydell",False,True
http://publications.europa.eu/resource/cellar/cb5d1356-432c-11ed-92ed-01aa75ed71a1,Council,NOTE_COVER,2022-10-03,COMMISSION STAFF WORKING DOCUMENT AI Subsidiarity Grid Accompanying the document Proposal for a Directive of the European Parliament and of the Council on adapting non contractual civil liability rules to artificial intelligence (AI Liability Directive),False,False
http://publications.europa.eu/resource/cellar/cb859f9b-92c4-11ec-b4e4-01aa75ed71a1,Commission,PUB_GEN,2022-02-21,DeepTech for digital transformation launchpad : an investment support programme for the emerging fields of artificial intelligence (AI) and blockchain technologies (BT) : final report.,False,False
http://publications.europa.eu/resource/cellar/cb9e889e-a630-11ef-85f0-01aa75ed71a1,Commission,PUB_GEN,2024-11-15,European Centre for Algorithmic Transparency (ECAT). November 2024.,False,False
http://publications.europa.eu/resource/cellar/cbe4794a-1950-11ee-806b-01aa75ed71a1,Parliament,PUB_GEN,2023-06-29,European streaming platform for national news accessible in all EU languages.,False,False
http://publications.europa.eu/resource/cellar/cc2858f4-0f72-11f0-b1a3-01aa75ed71a1,Commission,PUB_GEN,2025-03-31,CORDIS results pack on advancing FAIR and open environmental data.,False,False
http://publications.europa.eu/resource/cellar/cc293085-a4da-11ec-83e1-01aa75ed71a1,Commission,PUB_GEN,2022-03-16,Study on copyright and new technologies : copyright data management and artificial intelligence.,False,False
http://publications.europa.eu/resource/cellar/cd4e60cd-71c3-11ec-9136-01aa75ed71a1,Commission,PUB_GEN,2022-01-03,"AI Watch, artificial intelligence for the public sector : report of the “3rd peer learning workshop on the use and impact of AI in public services”, 28 October 2021.",False,False
http://publications.europa.eu/resource/cellar/cd7293d7-0d7c-11f1-8870-01aa75ed71a1,Parliament,AMEND_LIST_EP,2026-02-14," - AMENDMENTS - 25 - 170 - Draft report - Arba Kokalari, Michael McNamara - (PE782.530v01-00) - Proposal for a Regulation of the European Parliament and of the Council amending Regulations (EU) 2024/1689 and (EU) 2018/1139 as regards the simplification of the implementation of harmonised rules on artificial intelligence (Digital Omnibus on AI)  - Proposal for a regulation - (COM(2025)0836 - C10-0304/2025 - 2025/0359(COD))",False,True
http://publications.europa.eu/resource/cellar/cd806b9d-7bf7-11f1-bf5e-01aa75ed71a1,Council,RES,2026-07-10,Council Resolution on the second cycle of the strategic framework for European cooperation in education and training towards the European Education Area (2026-2030),False,True
http://publications.europa.eu/resource/cellar/cdfe7634-d7e9-11ec-a95f-01aa75ed71a1,Commission,PUB_GEN,2022-05-19,Small modular reactors and medical applications of nuclear technologies : a focus on research and artificial intelligence high-level European nuclear roundtable.,False,False
http://publications.europa.eu/resource/cellar/ce3b96ac-2867-11f1-a7dd-01aa75ed71a1,Council,NOTE,2026-01-23,Proposal for a REGULATION OF THE EUROPEAN PARLIAMENT AND OF THE COUNCIL amending Regulations (EU) 2024/1689 and (EU) 2018/1139 as regards the simplification of the implementation of harmonised rules on artificial intelligence (Digital Omnibus on AI). - Presidency compromise text,False,True
http://publications.europa.eu/resource/cellar/ce8b2358-817f-11f0-9af8-01aa75ed71a1,Commission,PUB_GEN,2025-08-22,The future of conflict early warning : new technologies and policy impact : workshop proceedings.,False,False
http://publications.europa.eu/resource/cellar/d02dd0e8-4364-11f1-8095-01aa75ed71a1,Parliament,OWNINI_RES,2025-10-21,P10_TA(2025)0242 – A new legislative framework for products that is fit for the digital and sustainable transition – European Parliament resolution of 21 October 2025 on a new legislative framework for products that is fit for the digital and sustainable transition (2024/2119(INI)),False,True
http://publications.europa.eu/resource/cellar/d031f3f0-82ff-11ee-99ba-01aa75ed71a1,Council,NOTE,2023-11-14,Proposal for a Directive of the European Parliament and of the Council on adapting non-contractual civil liability rules to artificial intelligence (AI Liability Directive) Proposal for a Directive of the European Parliament and of the Council on liability for defective products - Opinion of the EDPS,False,True
http://publications.europa.eu/resource/cellar/d0425465-44e6-11f0-b9f2-01aa75ed71a1,Commission,PUB_GEN,2025-06-06,Mutual learning exercise on national policies for artificial intelligence in science : final report.,False,False
http://publications.europa.eu/resource/cellar/d0eb4417-2540-11f1-a7dd-01aa75ed71a1,Parliament,OPIN_LETTER_EP_CMT,2026-03-18,Opinion on Amending Regulations (EU) 2024/1689 and (EU) 2018/1139 as regards the simplification of the implementation of harmonised rules on artificial intelligence (Digital Omnibus on AI) (COM(2025)0836 - C10-0304/2025- 2025/0359(COD)),False,True
http://publications.europa.eu/resource/cellar/d1a56a6b-2b66-11ec-bd8e-01aa75ed71a1,Council,NOTE_COVER,2021-10-12,"COMMUNICATION FROM THE COMMISSION TO THE EUROPEAN PARLIAMENT, THE COUNCIL, THE EUROPEAN ECONOMIC AND SOCIAL COMMITTEE AND THE COMMITTEE OF THE REGIONS Fostering a European approach to Artificial Intelligence [doc. 8334/21 - COM(2021) 205 final] - Opinion on the application of the Principles of Subsidiarity and Proportionality",False,False
http://publications.europa.eu/resource/cellar/d2500f2a-1f41-11ec-bd8e-01aa75ed71a1,Commission,PUB_GEN,2021-09-24,AI watch : 2020 EU AI investments.,False,False
http://publications.europa.eu/resource/cellar/d410511a-227d-11ef-a251-01aa75ed71a1,Council,NOTE,2024-05-08,"AOB Framework Convention on Artificial Intelligence, Human Rights, Democracy and the Rule of Law - Information from the Commission",False,True
http://publications.europa.eu/resource/cellar/d4b0bfbb-5ec4-11f1-aa6d-01aa75ed71a1,Parliament,AGREE_PROV,2026-05-13,PROVISIONAL AGREEMENT RESULTING FROM INTERINSTITUTIONAL NEGOTIATIONS - Subject: Proposal for a regulation Amending Regulations (EU) 2024/1689 and (EU) 2018/1139 as regards the simplification of the implementation of harmonised rules on artificial intelligence (Digital Omnibus on AI),False,True
http://publications.europa.eu/resource/cellar/d4f4259d-9066-11f1-9262-01aa75ed71a1,Parliament,OWNINI_RES,2026-01-22,P10_TA(2026)0022 – European technological sovereignty and digital infrastructure – European Parliament resolution of 22 January 2026 on European technological sovereignty and digital infrastructure (2025/2007(INI)),False,True
http://publications.europa.eu/resource/cellar/d52727ad-2a3c-11ec-bd8e-01aa75ed71a1,Commission,PUB_GEN,2021-10-08,Transforming the creative and cultural industries with advanced technologies : sectoral watch : technological trends in the creative industries.,False,False
http://publications.europa.eu/resource/cellar/d5b71802-1d3e-11f1-8c3a-01aa75ed71a1,Parliament,ADOPT_TEXT,2025-12-17,European Parliament legislative resolution of 17 December 2025 on the proposal for a Council regulation on amending Council Regulation (EU) 2021/1173 of 13 July 2021 on establishing the European High Performance Computing Joint Undertaking and repealing Regulation (EU) 2018/1488 (COM(2025)0414 – C10-0204/2025 – 2025/0229(NLE)),False,True
http://publications.europa.eu/resource/cellar/d65da0de-f1d9-11ec-a534-01aa75ed71a1,Commission,PUB_GEN,2022-06-21,"Enlargement and integration workshop “Digital transformation, data and AI in the Western Balkans”.",False,False
http://publications.europa.eu/resource/cellar/d6a22f86-29a1-11ed-975d-01aa75ed71a1,Parliament,PUB_GEN,2022-08-31,"New technologies and new digital solutions for improved safety of products on the internal market : tackling planned obsolescence practices, barriers to trade for recycled products and enhancing consumer information.",False,False
http://publications.europa.eu/resource/cellar/d6a23ff4-58a8-11ec-91ac-01aa75ed71a1,Commission,PUB_GEN,2021-12-08,Peer-learning in entrepreneurship education and in women’s entrepreneurship : executive summary.,False,False
http://publications.europa.eu/resource/cellar/d6a2aff1-b1f2-11eb-8aca-01aa75ed71a1,Council,REG,2021-04-29,Regulation (EU) 2021/694 of the European Parliament and of the Council of 29 April 2021 establishing the Digital Europe Programme and repealing Decision (EU) 2015/2240 (Text with EEA relevance),True,False
http://publications.europa.eu/resource/cellar/d6d8ed54-32a8-11ef-a61b-01aa75ed71a1,Commission,PUB_GEN,2024-06-21,Successful and timely uptake of artificial intelligence in science in the EU.,False,False
http://publications.europa.eu/resource/cellar/d6eaaab7-3f76-11f1-8095-01aa75ed71a1,Parliament,OWNINI_RES,2025-11-25,P10_TA(2025)0286 – Impact of artificial intelligence on the financial sector – European Parliament resolution of 25 November 2025 on the impact of artificial intelligence on the financial sector (2025/2056(INI)),False,True
http://publications.europa.eu/resource/cellar/d7228756-f6e2-11ee-a251-01aa75ed71a1,Parliament,PUB_GEN,2022-02-02,Key enabling technologies for Europe's technological sovereignty.,False,False
http://publications.europa.eu/resource/cellar/d81a0d54-5348-11ed-92ed-01aa75ed71a1,Commission,PUB_GEN,2022-10-25,Ethical guidelines on the use of artificial intelligence (AI) and data in teaching and learning for educators.,False,False
http://publications.europa.eu/resource/cellar/d84a31cf-c356-11f0-a612-01aa75ed71a1,Council,DEC,2025-11-13,Council Decision (EU) 2025/2350 of 13 November 2025 on the position to be taken on behalf of the European Union within the Committee of Ministers of the Council of Europe on the Draft Recommendation on equality and artificial intelligence,False,False
http://publications.europa.eu/resource/cellar/d8eb04c9-fda3-11ec-b94a-01aa75ed71a1,Commission,PUB_GEN,2022-06-22,AI watch index 2021.,False,False
http://publications.europa.eu/resource/cellar/d966c96d-be83-11ef-91ed-01aa75ed71a1,Commission,PUB_GEN,2024-12-19,Imaging the future : horizon scanning for emerging technologies and breakthrough innovations in the field of medical imaging and AI.,False,False
http://publications.europa.eu/resource/cellar/d9d5c073-f6ab-11f0-b9bc-01aa75ed71a1,Commission,EVL,2026-01-21,COMMISSION STAFF WORKING DOCUMENT EVALUATION Accompanying the document REPORT FROM THE COMMISSION TO THE EUROPEAN PARLIAMENT AND THE COUNCIL Evaluation of BEREC and the BEREC Office,False,True
http://publications.europa.eu/resource/cellar/da3f1d88-8153-11eb-9ac9-01aa75ed71a1,Commission,PUB_GEN,2021-03-09,Digitranscope : key findings.,False,False
http://publications.europa.eu/resource/cellar/da5175ba-df73-11f0-8439-01aa75ed71a1,Commission,REPORT,2025-12-17,"The futures of artificial intelligence : implications for Europe’s R&I ecosystem. Part I, A taxonomy for artificial intelligence: technology trends, capabilities and applications",False,True
http://publications.europa.eu/resource/cellar/da58b321-2dd3-11ef-a61b-01aa75ed71a1,Council,REG,2024-06-17,Council Regulation (EU) 2024/1732 of 17 June 2024 amending Regulation (EU) 2021/1173 as regards a EuroHPC initiative for start-ups in order to boost European leadership in trustworthy artificial intelligence,False,False
http://publications.europa.eu/resource/cellar/dc1c4098-b551-11ec-b6f4-01aa75ed71a1,Commission,PUB_GEN,2022-04-01,"Study on quality in 3D digitisation of tangible cultural heritage : mapping parameters, formats, standards, benchmarks, methodologies, and guidelines : final study report.",False,False
http://publications.europa.eu/resource/cellar/dc8116a1-3fe6-11ef-865a-01aa75ed71a1,Council,REG,2024-06-13,"Regulation (EU) 2024/1689 of the European Parliament and of the Council of 13 June 2024 laying down harmonised rules on artificial intelligence and amending Regulations (EC) No 300/2008, (EU) No 167/2013, (EU) No 168/2013, (EU) 2018/858, (EU) 2018/1139 and (EU) 2019/2144 and Directives 2014/90/EU, (EU) 2016/797 and (EU) 2020/1828 (Artificial Intelligence Act) (Text with EEA relevance)",True,False
http://publications.europa.eu/resource/cellar/dca0302d-1c21-11f1-8c3a-01aa75ed71a1,Commission,RECO,2026-03-06,Commission Recommendation (EU) 2026/510 of 6 March 2026 on revising the European assessment framework for safe and sustainable by design chemicals and materials,False,True
http://publications.europa.eu/resource/cellar/dcc267c7-4606-11ee-92e3-01aa75ed71a1,Commission,NOTICE,2023-06-29,Non-opposition to a notified concentration (Case M.11141 – WENDEL / TOPSCALE) (Text with EEA relevance) 2023/C 305/03,False,False
http://publications.europa.eu/resource/cellar/dcc47346-0de1-11f0-b1a3-01aa75ed71a1,Commission,PUB_GEN,2025-03-28,"Study exploring the context, challenges, opportunities, and trends in algorithmic management in the workplace : annexes to the final report.",False,False
http://publications.europa.eu/resource/cellar/dd979e03-f66b-11f0-b9bc-01aa75ed71a1,Commission,CORRIGENDUM,2026-01-21,,False,False
http://publications.europa.eu/resource/cellar/de14ecbc-7f7f-11ec-8c40-01aa75ed71a1,Commission,COMMUNIC,2022-01-26,"COMMUNICATION FROM THE COMMISSION TO THE EUROPEAN PARLIAMENT, THE COUNCIL, THE EUROPEAN ECONOMIC AND SOCIAL COMMITTEE AND THE COMMITTEE OF THE REGIONS Establishing a European Declaration on Digital rights and principles for the Digital Decade",False,True
http://publications.europa.eu/resource/cellar/dece3782-90ed-11ef-a130-01aa75ed71a1,Commission,PUB_GEN,2024-10-22,AI-based solutions for legislative drafting in the EU : summary report.,False,False
http://publications.europa.eu/resource/cellar/df235a32-a583-11f0-a7c5-01aa75ed71a1,Commission,PUB_GEN,2025-10-10,General-purpose AI model reach as criterion for systemic risk : collection of external scientific studies on general-purpose AI models under the EU AI Act.,False,False
http://publications.europa.eu/resource/cellar/df62cf3b-354b-11f1-be39-01aa75ed71a1,Commission,PUB_GEN,2026-04-10,Leveraging artificial intelligence tools to collect and structure information on human biology-based models used in biomedical research : the Biomedical models Hub (BimmoH) dataset,False,False
http://publications.europa.eu/resource/cellar/dff20041-f247-11ea-991b-01aa75ed71a1,Commission,PUB_GEN,2020-09-07,"State of the Union 2020 : EuroHPC Joint Undertaking, the European Joint Undertaking on High-Performance Computing.",False,False
http://publications.europa.eu/resource/cellar/e01b6fbb-135f-11ef-a251-01aa75ed71a1,Council,NOTE,2024-05-16,Council Regulation amending Regulation (EU)2021/1173 as regards an EuroHPC initiative for start-ups to boost European leadership in trustworthy Artificial Intelligence - Political agreement,False,True
http://publications.europa.eu/resource/cellar/e0649735-a372-11eb-9585-01aa75ed71a1,Commission,PROP_REG,2021-04-21,Proposal for a REGULATION OF THE EUROPEAN PARLIAMENT AND OF THE COUNCIL LAYING DOWN HARMONISED RULES ON ARTIFICIAL INTELLIGENCE (ARTIFICIAL INTELLIGENCE ACT) AND AMENDING CERTAIN UNION LEGISLATIVE ACTS,False,True
http://publications.europa.eu/resource/cellar/e0dfb2ea-5f00-11ef-a8ba-01aa75ed71a1,Council,ACT_LEGIS,2024-08-20,"Council of Europe Framework Convention on Artificial Intelligence and Human Rights, Democracy and the Rule of Law",False,False
http://publications.europa.eu/resource/cellar/e13d1844-e462-11ef-be2a-01aa75ed71a1,Commission,PUB_GEN,2025-02-05,A European model for artificial intelligence.,False,False
http://publications.europa.eu/resource/cellar/e1b4f364-4fb2-11ef-acbc-01aa75ed71a1,Commission,PUB_GEN,2024-07-31,Latin America IP SME helpdesk : artificial intelligence and IP in Latin America.,False,False
http://publications.europa.eu/resource/cellar/e23617b5-da2b-11f0-8da2-01aa75ed71a1,Commission,STU,2025-12-11,Generative artificial intelligence in secondary education uses and perceptions from the perspective of early adopters across five EU Member States,False,False
http://publications.europa.eu/resource/cellar/e237d909-f977-11ef-b7db-01aa75ed71a1,Commission,PUB_GEN,2025-03-03,Artificial intelligence and the future of work : Eurobarometer report summary.,False,False
http://publications.europa.eu/resource/cellar/e2787e1c-0892-11f0-b1a3-01aa75ed71a1,Commission,PROP_DEC,2025-03-24,Proposal for a COUNCIL DECISION establishing the position to be taken on behalf of the European Union in the Joint Committee established by the Agreement on the withdrawal of the United Kingdom of Great Britain and Northern Ireland from the European Union and the European Atomic Energy Community as regards the adoption of a decision adding a newly adopted Union act to Annex 2 to the Windsor Framework,False,True
http://publications.europa.eu/resource/cellar/e2a04069-955f-11f0-97c8-01aa75ed71a1,Council,NOTE_COVER,2025-09-19,Proposal for a COUNCIL DECISION on the position to be taken on behalf of the European Union on the Draft Recommendation of the Committee of Ministers of the Council of Europe on equality and artificial intelligence,False,False
http://publications.europa.eu/resource/cellar/e32ff522-5919-11ef-acbc-01aa75ed71a1,Commission,PUB_GEN,2024-08-09,Digital industries ecosystem : artificial intelligence.,False,False
http://publications.europa.eu/resource/cellar/e346392e-41ed-11f0-b9f2-01aa75ed71a1,Commission,JOINT_COMMUNIC,2025-06-05,JOINT COMMUNICATION TO THE EUROPEAN PARLIAMENT AND THE COUNCIL An International Digital Strategy for the European Union,False,True
http://publications.europa.eu/resource/cellar/e365cca9-50a5-11ef-acbc-01aa75ed71a1,Commission,PUB_GEN,2024-08-01,"Methodology for the public sector Tech Watch use case collection : taxonomy, data collection, and use case analysis procedures.",False,False
http://publications.europa.eu/resource/cellar/e3a37a67-33ba-11ef-b441-01aa75ed71a1,Commission,PROP_DEC,2024-06-26,"Proposal for a COUNCIL DECISION on the signing, on behalf of the European Union, of the Council of Europe Framework Convention on Artificial Intelligence, Human Rights, Democracy and the Rule of Law",False,True
http://publications.europa.eu/resource/cellar/e3e0548e-6a7a-11f1-ae88-01aa75ed71a1,Parliament,ADOPT_TEXT,2026-06-16,European Parliament legislative resolution of 16 June 2026 on the proposal for a regulation of the European Parliament and of the Council amending Regulations (EU) 2024/1689 and (EU) 2018/1139 as regards the simplification of the implementation of harmonised rules on artificial intelligence (Digital Omnibus on AI) (COM(2025)0836 – C10-0304/2025 – 2025/0359(COD)),False,True
http://publications.europa.eu/resource/cellar/e40294ac-fc11-11eb-b520-01aa75ed71a1,Council,NOTE_COVER,2021-08-13,Proposal for a REGULATION OF THE EUROPEAN PARLIAMENT AND OF THE COUNCIL - LAYING DOWN HARMONISED RULES ON ARTIFICIAL INTELLIGENCE (ARTIFICIAL INTELLIGENCE ACT) AND AMENDING CERTAIN UNION LEGISLATIVE ACTS [doc. 8115/21 - COM(2021) 206 final] - Opinion on the application of the Principles of Subsidiarity and Proportionality1,False,False
http://publications.europa.eu/resource/cellar/e41e33b5-69ac-11ee-9220-01aa75ed71a1,Council,NOTE,2023-10-13,Proposal for a Directive of the European Parliament and of the Council on adapting non-contractual civil liability rules to artificial intelligence (AI Liability Directive) - Opinion of the EDPS,False,True
http://publications.europa.eu/resource/cellar/e4408b43-44b1-11ef-865a-01aa75ed71a1,Commission,PUB_GEN,2024-07-17,"Diversity in artificial intelligence conferences : an analysis of indicators for gender, country and institution diversity from 2007 to 2023.",False,False
http://publications.europa.eu/resource/cellar/e45654de-9dcf-11f1-b25c-01aa75ed71a1,Commission,REPORT,2026-08-21,"Emerging multidisciplinary computing visions : early-career researchers shaping share futures : a co-organised session at the 19th Conference on Computers, Privacy, Data Protection and Artificial Intelligence (CPDP.ai)",False,True
http://publications.europa.eu/resource/cellar/e4aa34f8-207b-11ee-94cb-01aa75ed71a1,Commission,PUB_GEN,2023-07-06,1.5 million reports of child sexual abuse in the EU in 2022 : helping to rescue children and prosecute offenders.,False,False
http://publications.europa.eu/resource/cellar/e4b09917-582f-11ee-9220-01aa75ed71a1,Commission,PUB_GEN,2023-09-20,On the futures of technology in education : emerging trends and policy implications.,False,False
http://publications.europa.eu/resource/cellar/e4c43528-ccfc-11ea-adf7-01aa75ed71a1,Commission,IMPACT_ASSESS_INCEP,2020-07-23,Proposal for a Regulation of the European Parliament and the Council laying down requirements for Artificial Intelligence,False,True
http://publications.europa.eu/resource/cellar/e55116f3-010b-11f0-9503-01aa75ed71a1,Commission,REG_IMPL,2025-03-07,COMMISSION IMPLEMENTING REGULATION (EU) …/... laying down the rules for the application of Regulation (EU) 2024/1689 of the European Parliament and of the Council as regards the establishment of a scientific panel of independent experts in the field of artificial intelligence,False,False
http://publications.europa.eu/resource/cellar/e5523c71-a25f-11f0-97c8-01aa75ed71a1,Commission,PUB_GEN,2025-10-03,Advancing AI adoption : strengths and gaps in the European digital innovation hubs network : insights from the first generation of EDIHs.,False,False
http://publications.europa.eu/resource/cellar/e56373d1-a424-11eb-9585-01aa75ed71a1,Council,NOTE_COVER,2021-04-23,COMMISSION STAFF WORKING DOCUMENT IMPACT ASSESSMENT Accompanying the Proposal for a Regulation of the European Parliament and of the Council LAYING DOWN HARMONISED RULES ON ARTIFICIAL INTELLIGENCE (ARTIFICIAL INTELLIGENCE ACT) AND AMENDING CERTAIN UNION LEGISLATIVE ACTS,False,False
http://publications.europa.eu/resource/cellar/e5e96bd2-02fc-11f1-825d-01aa75ed71a1,Council,CORRIGENDUM,2026-02-06,,False,False
http://publications.europa.eu/resource/cellar/e69a1045-6fa1-11f1-ae88-01aa75ed71a1,Council,ITEM_IA_NOTE,2026-06-22,"Draft REGULATION OF THE EUROPEAN PARLIAMENT AND OF THE COUNCIL amending Regulations (EU) 2024/1689, (EU) 2018/1139 and (EU) 2023/1230 as regards the simplification of the implementation of harmonised rules on artificial intelligence (Digital Omnibus on AI) (first reading) - Adoption of the legislative act - Statements",False,True
http://publications.europa.eu/resource/cellar/e7bdb85c-1769-11ef-a251-01aa75ed71a1,Commission,PUB_GEN,2024-05-17,Artificial intelligence at the JRC : survey results 2023.,False,False
http://publications.europa.eu/resource/cellar/e7fdab55-488b-11ef-acbc-01aa75ed71a1,Council,CONCL,2024-05-14,Council conclusions on support for influencers as online content creators,False,True
http://publications.europa.eu/resource/cellar/e80c49bd-12d8-11ef-a251-01aa75ed71a1,Council,ITEM_IA_NOTE,2024-05-15,"Draft REGULATION OF THE EUROPEAN PARLIAMENT AND OF THE COUNCIL laying down harmonised rules on artificial intelligence and amending Regulations (EC) No 300/2008, (EU) No 167/2013, (EU) No 168/2013, (EU) 2018/858, (EU) 2018/1139 and (EU) 2019/2144 and Directives 2014/90/EU, (EU) 2016/797 and (EU) 2020/1828 (Artificial Intelligence Act) (first reading) - Adoption of the legislative act",False,True
http://publications.europa.eu/resource/cellar/e83efe54-36b8-11f0-8a44-01aa75ed71a1,Commission,PUB_GEN,2025-05-21,Economic impacts of the recovery and resilience facility : new insights at sectoral level and the case of Germany.,False,False
http://publications.europa.eu/resource/cellar/e861d2af-97d4-11ee-b164-01aa75ed71a1,Commission,PUB_GEN,2023-12-06,Characteristics and regional coverage of the European digital innovation hubs network.,False,False
http://publications.europa.eu/resource/cellar/e94c2417-2a68-11ed-975d-01aa75ed71a1,Parliament,PUB_GEN,2022-09-01,"Ethical and societal challenges of the upcoming technological storm : blending augmented/virtual reality, AI, IoT, robotics, blockchain, bio-nano technology and 5/6G networks.",False,False
http://publications.europa.eu/resource/cellar/e9888e16-a24c-11f0-97c8-01aa75ed71a1,Commission,NOTICE,2025-09-25,Non-opposition to a notified concentration (Case M.12070 – META / RELIANCE / JV),False,False
http://publications.europa.eu/resource/cellar/ea26b1db-508c-11eb-b59f-01aa75ed71a1,Commission,ANNOUNC,2021-01-07,Prior notification of a concentration (Case M.10053 — Zollner Elektronik/Syskron Holding/Samhammer/TIKI) Candidate case for simplified procedure (Text with EEA relevance) 2021/C 5/17,False,False
http://publications.europa.eu/resource/cellar/eab657c4-63a8-11f1-9b18-01aa75ed71a1,Commission,FACTSHEET,2026-06-04,Guidelines on the ethical use of artificial intelligence and data in teaching and learning for educators : updated,False,False
http://publications.europa.eu/resource/cellar/eb6e6f8d-7f7f-11ec-8c40-01aa75ed71a1,Commission,SWD,2022-01-26,"COMMISSION STAFF WORKING DOCUMENT Report on the stakeholder consultation and engagement activities Accompanying the document COMMUNICATION FROM THE COMMISSION TO THE EUROPEAN PARLIAMENT, THE COUNCIL, THE EUROPEAN ECONOMIC AND SOCIAL COMMITTEE AND THE COMMITTEE OF THE REGIONS Establishing a European Declaration on Digital rights and principles for the Digital Decade",False,True
http://publications.europa.eu/resource/cellar/eb8e704a-f982-11ef-b7db-01aa75ed71a1,Commission,PUB_GEN,2025-03-03,Artificial intelligence and the future of work : Eurobarometer report.,False,False
http://publications.europa.eu/resource/cellar/ec39aa89-263f-11ec-bd8e-01aa75ed71a1,Parliament,OWNINI_RES,2020-10-20,"European Parliament resolution of 20 October 2020 with recommendations to the Commission on a framework of ethical aspects of artificial intelligence, robotics and related technologies (2020/2012(INL))",False,True
http://publications.europa.eu/resource/cellar/ec9aac3e-9cf7-11f0-97c8-01aa75ed71a1,Commission,PUB_GEN,2025-09-26,AI-driven assessment of uncertainty and quality terminology in Copernicus data to enable policy uptake : application to the Copernicus land monitoring system.,False,False
http://publications.europa.eu/resource/cellar/ecb03e37-4ee0-11f1-b3e2-01aa75ed71a1,Council,NOTE_INFO,2026-05-13,Proposal for a REGULATION OF THE EUROPEAN PARLIAMENT AND OF THE COUNCIL amending Regulations (EU) 2024/1689 and (EU) 2018/1139 as regards the simplification of the implementation of harmonised rules on artificial intelligence - Letter sent to the European Parliament,False,True
http://publications.europa.eu/resource/cellar/ed239fc4-e2b4-11ef-be2a-01aa75ed71a1,Commission,PUB_GEN,2025-02-03,European citizens’ knowledge and attitudes towards science and technology : Eurobarometer report.,False,False
http://publications.europa.eu/resource/cellar/edc54cc2-1eff-11f1-8c3a-01aa75ed71a1,Council,NOTE,2026-03-13,Proposal for a REGULATION OF THE EUROPEAN PARLIAMENT AND OF THE COUNCIL amending Regulations (EU) 2024/1689 and (EU) 2018/1139 as regards the simplification of the implementation of harmonised rules on artificial intelligence (Digital Omnibus on AI) - Mandate for negotiations with the European Parliament,False,True
http://publications.europa.eu/resource/cellar/ee0d5478-a428-11eb-9585-01aa75ed71a1,Council,NOTE_COVER,2021-04-23,REGULATORY SCRUTINY BOARD OPINION Proposal for a Regulation of the European Parliament and of the Council aying down harmonized rules on Artificial Intelligence (Artificial Intelligence Act) and amending certain Union Legislative Acts,False,False
http://publications.europa.eu/resource/cellar/ef017692-8c1f-11ef-a130-01aa75ed71a1,Parliament,OWNINI_RES,2024-01-17,P9_TA(2024)0020 – Cultural diversity and the conditions for authors in the European music streaming market – European Parliament resolution of 17 January 2024 on cultural diversity and the conditions for authors in the European music streaming market (2023/2054(INI)),False,True
http://publications.europa.eu/resource/cellar/ef0e78ed-617b-11f0-bf4e-01aa75ed71a1,Commission,PROP_REG,2025-07-15,Proposal for a COUNCIL REGULATION on amending Council Regulation (EU) 2021/1173 of 13 July 2021 on establishing the European High Performance Computing Joint Undertaking and repealing Regulation (EU) 2018/1488,False,True
http://publications.europa.eu/resource/cellar/ef3d5e99-dd97-11ed-a05c-01aa75ed71a1,Commission,PUB_GEN,2023-04-17,AI Watch : evolution of the EU market share of robotics : database and results.,False,False
http://publications.europa.eu/resource/cellar/ef4ecd46-c5fa-11f0-8da2-01aa75ed71a1,Commission,COMMUNIC,2025-11-20,"COMMUNICATION FROM THE COMMISSION TO THE EUROPEAN PARLIAMENT, THE COUNCIL, THE EUROPEAN ECONOMIC AND SOCIAL COMMITTEE AND THE COMMITTEE OF THE REGIONS European Judicial Training Strategy 2025 - 2030 Creating a supportive environment for DigitalJustice@2030",False,True
http://publications.europa.eu/resource/cellar/ef62dd1f-888e-11ec-8c40-01aa75ed71a1,Parliament,OWNINI_RES,2021-06-10,"European Parliament resolution of 10 June 2021 on promoting gender equality in science, technology, engineering and mathematics (STEM) education and careers (2019/2164(INI))",False,True
http://publications.europa.eu/resource/cellar/efca9b7b-3b27-11ee-bd8d-01aa75ed71a1,Commission,PUB_GEN,2023-08-14,Public report on the roadmap for the scale-up of EU AI-powered DT : D05.04.,False,False
http://publications.europa.eu/resource/cellar/f0fdd0a4-7bc7-11f1-bf5e-01aa75ed71a1,Council,NOTE,2026-07-08,"REGULATION OF THE EUROPEAN PARLIAMENT AND OF THE COUNCIL AMENDING REGULATIONS (EU) 2024/1689, (EU) 2018/1139 AND (EU) 2023/1230 AS REGARDS THE SIMPLIFICATION OF THE IMPLEMENTATION OF HARMONISED RULES ON ARTIFICIAL INTELLIGENCE (DIGITAL OMNIBUS ON AI)",True,False
http://publications.europa.eu/resource/cellar/f10ef70a-cf35-11ee-b9d9-01aa75ed71a1,Council,NOTE_COVER,2024-02-19,Proposal for a COUNCIL REGULATION amending Regulation (EU) 2021/1173 as regards an EuroHPC initiative for start-ups to boost European leadership in trustworthy Artificial Intelligence,False,False
http://publications.europa.eu/resource/cellar/f180c8ff-b552-11f0-b37f-01aa75ed71a1,Commission,PUB_GEN,2025-10-29,Artificial intelligence : October 2025.,False,False
http://publications.europa.eu/resource/cellar/f1dc064d-885d-11f0-9af8-01aa75ed71a1,Council,CORRIGENDUM,2025-09-03,,False,False
http://publications.europa.eu/resource/cellar/f2941086-5828-11ee-9220-01aa75ed71a1,Commission,PUB_GEN,2023-09-20,Details of consultation activities and summary of components.,False,False
http://publications.europa.eu/resource/cellar/f3591f94-61d3-11eb-aeb5-01aa75ed71a1,Commission,NOTICE,2021-01-22,Non-opposition to a notified concentration (Case M.10053 — Zollner Elektronik/Syskron Holding/Samhammer/TIKI) (Text with EEA relevance) 2021/C 32/03,False,False
http://publications.europa.eu/resource/cellar/f369413c-a585-11f0-a7c5-01aa75ed71a1,Commission,PUB_GEN,2025-10-10,The role of AI safety benchmarks in evaluating systemic risks in general-purpose AI models : collection of external scientific studies on general-purpose AI models under the EU AI Act.,False,False
http://publications.europa.eu/resource/cellar/f3d39f72-ea66-11ee-bf53-01aa75ed71a1,Commission,PUB_GEN,2024-03-22,Netherlands' recovery and resilience plan.,False,False
http://publications.europa.eu/resource/cellar/f3df3cc3-1ff4-11f0-b1a3-01aa75ed71a1,Commission,PUB_GEN,2025-04-22,Scaling Deep Tech in Europe : European Innovation Council : impact report 2025.,False,False
http://publications.europa.eu/resource/cellar/f51e18b8-ab0d-11f0-89c6-01aa75ed71a1,Commission,PUB_GEN,2025-10-16,The use of generative artificial intelligence in research.,False,False
http://publications.europa.eu/resource/cellar/f634b3b7-2a85-11ee-839d-01aa75ed71a1,Commission,DEC_IMPL,2023-07-24,Commission Implementing Decision (EU) 2023/1534 of 24 July 2023 selecting the entities forming the initial network of European Digital Innovation Hubs in accordance with Regulation (EU) 2021/694 of the European Parliament and of the Council (Text with EEA relevance),False,False
http://publications.europa.eu/resource/cellar/f6527c8e-c8c7-11eb-84ce-01aa75ed71a1,Commission,PUB_GEN,2021-06-08,What future for European robotics? : a science for policy perspective : JRC virtual conference 27-29 January 2021.,False,False
http://publications.europa.eu/resource/cellar/f692aa0b-17a7-11f1-8870-01aa75ed71a1,Commission,EDUCATIONAL,2026-06-12,Guidelines on the ethical use of artificial intelligence and data in teaching and learning for educators : updated,False,False
http://publications.europa.eu/resource/cellar/f76aad95-7089-11f1-9800-01aa75ed71a1,Council,ITEM_IA_NOTE,2026-06-24,"Draft REGULATION OF THE EUROPEAN PARLIAMENT AND OF THE COUNCIL amending Regulations (EU) 2024/1689, (EU) 2018/1139 and (EU) 2023/1230 as regards the simplification of the implementation of harmonised rules on artificial intelligence (Digital Omnibus on AI) (first reading) - Adoption of the legislative act - Statement",False,True
http://publications.europa.eu/resource/cellar/f77c40cd-1c9b-11f1-8c3a-01aa75ed71a1,Parliament,OPIN_EP_CMT,2026-03-06,"OPINION - of the Committee on Culture and Education - for the Committee on the Internal Market and Consumer Protection and the Committee on Civil Liberties, Justice and Home Affairs - on the proposal for a regulation of the European Parliament and of the Council amending Regulations (EU) 2024/1689 and (EU) 2018/1139 as regards the simplification of the implementation of harmonised rules on artificial intelligence (Digital Omnibus on AI) - (COM(2025)0836 - C10-0304/2025 - 2025/0359(COD)) - Rapporteur for opinion: Emma Rafowicz",False,True
http://publications.europa.eu/resource/cellar/f7862704-6a65-11ef-a8ba-01aa75ed71a1,Parliament,PUB_GEN,2024-09-03,"The impact of EU legislation in the area of digital and green transition, particularly on SMEs.",False,False
http://publications.europa.eu/resource/cellar/f79b4cb5-7f2a-11f1-bf5e-01aa75ed71a1,Commission,PUB_GEN,2026-07-13,"Analysis of the integration of artificial intelligence in VET systems : Austria, Belgium, Slovenia, Spain and The Netherlands",False,False
http://publications.europa.eu/resource/cellar/f7f5a958-2541-11f1-a7dd-01aa75ed71a1,Parliament,REPORT_EP,2026-03-19,"REPORT - on the proposal for a regulation of the European Parliament and of the Council amending Regulations (EU) 2024/1689 and (EU) 2018/1139 as regards the simplification of the implementation of harmonised rules on artificial intelligence (Digital Omnibus on AI) - (COM(2025)0836 - C10-0304/2025 - 2025/0359(COD)) - Committee on the Internal Market and Consumer Protection - Committee on Civil Liberties, Justice and Home Affairs - (Joint committee procedure - Rule 59 of the Rules of Procedure) - Rapporteurs: Arba Kokalari, Michael McNamara",False,True
http://publications.europa.eu/resource/cellar/f8aefac9-589e-11f1-b3e2-01aa75ed71a1,Council,CONCL,2026-05-11,Council conclusions on teachers in the era of artificial intelligence (AI),False,True
http://publications.europa.eu/resource/cellar/f8fbc5d7-b6a9-11eb-8aca-01aa75ed71a1,Commission,NOTICE,2021-05-07,Non-opposition to a notified concentration (Case M.10182 — SADC/Cognite/JV) (Text with EEA relevance) 2021/C 187/03,False,False
http://publications.europa.eu/resource/cellar/f943e0a3-fde4-11ee-a251-01aa75ed71a1,Commission,ANNOUNC,2024-04-19,Prior notification of a concentration (Case M.11508 – ARAMCO DIGITAL / LTIMINDTREE / JV) – Candidate case for simplified procedure,False,False
http://publications.europa.eu/resource/cellar/f973a7b5-b5e1-11ef-acb1-01aa75ed71a1,Commission,PUB_GEN,2024-12-06,2024 JRC/EUROPOL tattoo recognition with artificial data : proficiency test results and discussion.,False,False
http://publications.europa.eu/resource/cellar/fa1e1408-2335-11f1-8c3a-01aa75ed71a1,Commission,NOTICE,2026-03-19,Commission Notice – The 2026 annual Union work programme for European standardisation,False,False
http://publications.europa.eu/resource/cellar/fa6af00f-eb86-11ec-a534-01aa75ed71a1,Commission,PUB_GEN,2022-06-03,"Future skills, career guidance and lifelong learning in PES : thematic paper.",False,False
http://publications.europa.eu/resource/cellar/fad44166-f249-11ea-991b-01aa75ed71a1,Commission,PUB_GEN,2020-09-08,"Academic offer of advanced digital skills in 2019-20 : international comparison : focus on artificial intelligence, high performance computing, cybersecurity and data science.",False,False
http://publications.europa.eu/resource/cellar/fb8d8ec2-55a0-11ed-92ed-01aa75ed71a1,Commission,PUB_GEN,2022-10-26,"Study on eHealth, interoperability of health data and artificial intelligence for health and care in the European Union : final study report. Lot 2, Artificial Intelligence for health and care in the EU.",False,False
http://publications.europa.eu/resource/cellar/fbd2c0b9-2a96-11f1-906d-01aa75ed71a1,Parliament,ADOPT_TEXT,2026-03-26,Amendments adopted by the European Parliament on 26 March 2026 on the proposal for a regulation of the European Parliament and of the Council amending Regulations (EU) 2024/1689 and (EU) 2018/1139 as regards the simplification of the implementation of harmonised rules on artificial intelligence (Digital Omnibus on AI) (COM(2025)0836 – C10-0304/2025 – 2025/0359(COD)),False,True
http://publications.europa.eu/resource/cellar/fc66252a-67a6-11f0-bf4e-01aa75ed71a1,Council,NOTE,2025-07-23,"WRITTEN PROCEDURE to approve the decision to request the consent of the European Parliament to adopt the Council Decision on the conclusion, on behalf of the European Union, of the Council of Europe Framework Convention on Artificial Intelligence and Human Rights, Democracy and the Rule of Law - Request for consent of the European Parliament - Initiation of written procedure",False,True
http://publications.europa.eu/resource/cellar/fd071aed-c3cc-11ee-95d9-01aa75ed71a1,Commission,NOTICE,2024-01-30,Non-opposition to a notified concentration (Case M.11152 – TERNA / DXT / WESII),False,False
http://publications.europa.eu/resource/cellar/fd7122f5-f32e-11ef-b7db-01aa75ed71a1,Commission,PUB_GEN,2025-02-25,Evaluation of the EU-India science and technology agreement.,False,False
http://publications.europa.eu/resource/cellar/fd86e2b0-758c-11ed-9887-01aa75ed71a1,Council,NOTE,2022-12-06,Proposal for a Regulation of the European Parliament and of the Council laying down harmonised rules on artificial intelligence (Artificial Intelligence Act) and amending certain Union legislative acts - General approach (6 December 2022),False,True
http://publications.europa.eu/resource/cellar/fe78261d-89d9-11ef-a67d-01aa75ed71a1,Commission,PUB_GEN,2024-10-02,An information-based risk analysis IT tool protecting the European food system(s).,False,False
http://publications.europa.eu/resource/cellar/fe9a4f6c-f4ad-11ef-b7db-01aa75ed71a1,Parliament,RES_LEGIS,2024-03-13,P9_TA(2024)0138 – Artificial Intelligence Act – European Parliament legislative resolution of 13 March 2024 on the proposal for a regulation of the European Parliament and of the Council on laying down harmonised rules on Artificial Intelligence (Artificial Intelligence Act) and amending certain Union Legislative Acts (COM(2021)0206 – C9-0146/2021 – 2021/0106(COD)) (Ordinary legislative procedure: first reading),False,True
http://publications.europa.eu/resource/cellar/ff8bbaff-33d6-11ef-b441-01aa75ed71a1,Council,PROP_ACT,2024-06-26,"ANNEX to the Proposal for a COUNCIL DECISION on the signing, on behalf of the European Union, of the Council of Europe Framework Convention on Artificial Intelligence, Human Rights, Democracy and the Rule of Law",False,False
http://publications.europa.eu/resource/cellar/ffb38429-c630-11f0-8da2-01aa75ed71a1,Council,PROP_ACT,2025-11-20,"COMMISSION STAFF WORKING DOCUMENT Accompanying the documents Proposal for a REGULATION OF THE EUROPEAN PARLIAMENT AND OF THE COUNCIL Amending Regulations (EU) 2016/679, (EU) 2018/1724, (EU) 2018/1725, (EU) 2023/2854 and Directives 2002/58/EC, (EU) 2022/2555 and (EU) 2022/2557 as regards the simplification of the digital legislative framework, and repealing Regulations (EU) 2018/1807, (EU) 2019/1150, (EU) 2022/868, and Directive (EU) 2019/1024 (Digital Omnibus) Amending Regulations (EU) 2024/1689 and (EU) 2018/1139 as regards the simplification of the implementation of harmonised rules on artificial intelligence (Digital Omnibus on AI)",False,False
